{"Name":"CLASS08_100_05","Objects":[{"Length":100,"Height":100,"Stock":null,"Cost":10000}],"Items":[{"Length":93,"Height":53,"Demand":1,"DemandMax":null,"Value":4929},{"Length":84,"Height":22,"Demand":1,"DemandMax":null,"Value":1848},{"Length":25,"Height":80,"Demand":1,"DemandMax":null,"Value":2000},{"Length":30,"Height":22,"Demand":1,"DemandMax":null,"Value":660},{"Length":59,"Height":66,"Demand":1,"DemandMax":null,"Value":3894},{"Length":10,"Height":82,"Demand":1,"DemandMax":null,"Value":820},{"Length":98,"Height":89,"Demand":1,"DemandMax":null,"Value":8722},{"Length":18,"Height":86,"Demand":1,"DemandMax":null,"Value":1548},{"Length":92,"Height":40,"Demand":1,"DemandMax":null,"Value":3680},{"Length":53,"Height":88,"Demand":1,"DemandMax":null,"Value":4664},{"Length":33,"Height":78,"Demand":1,"DemandMax":null,"Value":2574},{"Length":18,"Height":50,"Demand":1,"DemandMax":null,"Value":900},{"Length":30,"Height":83,"Demand":1,"DemandMax":null,"Value":2490},{"Length":10,"Height":75,"Demand":1,"DemandMax":null,"Value":750},{"Length":29,"Height":72,"Demand":1,"DemandMax":null,"Value":2088},{"Length":80,"Height":81,"Demand":1,"DemandMax":null,"Value":6480},{"Length":32,"Height":81,"Demand":1,"DemandMax":null,"Value":2592},{"Length":28,"Height":67,"Demand":1,"DemandMax":null,"Value":1876},{"Length":37,"Height":74,"Demand":1,"DemandMax":null,"Value":2738},{"Length":4,"Height":25,"Demand":1,"DemandMax":null,"Value":100},{"Length":97,"Height":32,"Demand":1,"DemandMax":null,"Value":3104},{"Length":7,"Height":66,"Demand":1,"DemandMax":null,"Value":462},{"Length":7,"Height":85,"Demand":1,"DemandMax":null,"Value":595},{"Length":39,"Height":86,"Demand":1,"DemandMax":null,"Value":3354},{"Length":21,"Height":67,"Demand":1,"DemandMax":null,"Value":1407},{"Length":48,"Height":74,"Demand":1,"DemandMax":null,"Value":3552},{"Length":88,"Height":53,"Demand":1,"DemandMax":null,"Value":4664},{"Length":86,"Height":97,"Demand":1,"DemandMax":null,"Value":8342},{"Length":9,"Height":89,"Demand":1,"DemandMax":null,"Value":801},{"Length":1,"Height":35,"Demand":1,"DemandMax":null,"Value":35},{"Length":32,"Height":95,"Demand":1,"DemandMax":null,"Value":3040},{"Length":44,"Height":83,"Demand":1,"DemandMax":null,"Value":3652},{"Length":8,"Height":85,"Demand":1,"DemandMax":null,"Value":680},{"Length":65,"Height":68,"Demand":1,"DemandMax":null,"Value":4420},{"Length":91,"Height":42,"Demand":1,"DemandMax":null,"Value":3822},{"Length":15,"Height":76,"Demand":1,"DemandMax":null,"Value":1140},{"Length":18,"Height":33,"Demand":1,"DemandMax":null,"Value":594},{"Length":42,"Height":15,"Demand":1,"DemandMax":null,"Value":630},{"Length":3,"Height":3,"Demand":1,"DemandMax":null,"Value":9},{"Length":96,"Height":66,"Demand":1,"DemandMax":null,"Value":6336},{"Length":94,"Height":1,"Demand":1,"DemandMax":null,"Value":94},{"Length":29,"Height":81,"Demand":1,"DemandMax":null,"Value":2349},{"Length":31,"Height":83,"Demand":1,"DemandMax":null,"Value":2573},{"Length":40,"Height":86,"Demand":1,"DemandMax":null,"Value":3440},{"Length":24,"Height":86,"Demand":1,"DemandMax":null,"Value":2064},{"Length":29,"Height":41,"Demand":1,"DemandMax":null,"Value":1189},{"Length":21,"Height":73,"Demand":1,"DemandMax":null,"Value":1533},{"Length":45,"Height":69,"Demand":1,"DemandMax":null,"Value":3105},{"Length":20,"Height":20,"Demand":1,"DemandMax":null,"Value":400},{"Length":89,"Height":72,"Demand":1,"DemandMax":null,"Value":6408},{"Length":22,"Height":70,"Demand":1,"DemandMax":null,"Value":1540},{"Length":74,"Height":42,"Demand":1,"DemandMax":null,"Value":3108},{"Length":27,"Height":80,"Demand":1,"DemandMax":null,"Value":2160},{"Length":12,"Height":15,"Demand":1,"DemandMax":null,"Value":180},{"Length":35,"Height":76,"Demand":1,"DemandMax":null,"Value":2660},{"Length":40,"Height":94,"Demand":1,"DemandMax":null,"Value":3760},{"Length":46,"Height":90,"Demand":1,"DemandMax":null,"Value":4140},{"Length":47,"Height":79,"Demand":1,"DemandMax":null,"Value":3713},{"Length":10,"Height":89,"Demand":1,"DemandMax":null,"Value":890},{"Length":31,"Height":66,"Demand":1,"DemandMax":null,"Value":2046},{"Length":27,"Height":11,"Demand":1,"DemandMax":null,"Value":297},{"Length":43,"Height":90,"Demand":1,"DemandMax":null,"Value":3870},{"Length":47,"Height":76,"Demand":1,"DemandMax":null,"Value":3572},{"Length":33,"Height":81,"Demand":1,"DemandMax":null,"Value":2673},{"Length":19,"Height":99,"Demand":1,"DemandMax":null,"Value":1881},{"Length":50,"Height":74,"Demand":1,"DemandMax":null,"Value":3700},{"Length":45,"Height":71,"Demand":1,"DemandMax":null,"Value":3195},{"Length":46,"Height":69,"Demand":1,"DemandMax":null,"Value":3174},{"Length":23,"Height":98,"Demand":1,"DemandMax":null,"Value":2254},{"Length":20,"Height":66,"Demand":1,"DemandMax":null,"Value":1320},{"Length":68,"Height":13,"Demand":1,"DemandMax":null,"Value":884},{"Length":21,"Height":66,"Demand":1,"DemandMax":null,"Value":1386},{"Length":92,"Height":8,"Demand":1,"DemandMax":null,"Value":736},{"Length":50,"Height":52,"Demand":1,"DemandMax":null,"Value":2600},{"Length":26,"Height":86,"Demand":1,"DemandMax":null,"Value":2236},{"Length":8,"Height":70,"Demand":1,"DemandMax":null,"Value":560},{"Length":16,"Height":86,"Demand":1,"DemandMax":null,"Value":1376},{"Length":43,"Height":76,"Demand":1,"DemandMax":null,"Value":3268},{"Length":9,"Height":71,"Demand":1,"DemandMax":null,"Value":639},{"Length":7,"Height":83,"Demand":1,"DemandMax":null,"Value":581},{"Length":5,"Height":75,"Demand":1,"DemandMax":null,"Value":375},{"Length":99,"Height":39,"Demand":1,"DemandMax":null,"Value":3861},{"Length":4,"Height":47,"Demand":1,"DemandMax":null,"Value":188},{"Length":17,"Height":69,"Demand":1,"DemandMax":null,"Value":1173},{"Length":6,"Height":71,"Demand":1,"DemandMax":null,"Value":426},{"Length":14,"Height":25,"Demand":1,"DemandMax":null,"Value":350},{"Length":10,"Height":99,"Demand":1,"DemandMax":null,"Value":990},{"Length":39,"Height":99,"Demand":1,"DemandMax":null,"Value":3861},{"Length":18,"Height":76,"Demand":1,"DemandMax":null,"Value":1368},{"Length":41,"Height":81,"Demand":1,"DemandMax":null,"Value":3321},{"Length":28,"Height":73,"Demand":1,"DemandMax":null,"Value":2044},{"Length":22,"Height":66,"Demand":1,"DemandMax":null,"Value":1452},{"Length":42,"Height":90,"Demand":1,"DemandMax":null,"Value":3780},{"Length":31,"Height":88,"Demand":1,"DemandMax":null,"Value":2728},{"Length":57,"Height":86,"Demand":1,"DemandMax":null,"Value":4902},{"Length":17,"Height":76,"Demand":1,"DemandMax":null,"Value":1292},{"Length":27,"Height":76,"Demand":1,"DemandMax":null,"Value":2052},{"Length":32,"Height":67,"Demand":1,"DemandMax":null,"Value":2144},{"Length":50,"Height":81,"Demand":1,"DemandMax":null,"Value":4050},{"Length":74,"Height":93,"Demand":1,"DemandMax":null,"Value":6882}]}