{"Name":"CLASS07_020_06","Objects":[{"Length":100,"Height":100,"Stock":null,"Cost":10000}],"Items":[{"Length":70,"Height":7,"Demand":1,"DemandMax":null,"Value":490},{"Length":12,"Height":95,"Demand":1,"DemandMax":null,"Value":1140},{"Length":90,"Height":42,"Demand":1,"DemandMax":null,"Value":3780},{"Length":99,"Height":48,"Demand":1,"DemandMax":null,"Value":4752},{"Length":43,"Height":86,"Demand":1,"DemandMax":null,"Value":3698},{"Length":92,"Height":31,"Demand":1,"DemandMax":null,"Value":2852},{"Length":85,"Height":21,"Demand":1,"DemandMax":null,"Value":1785},{"Length":87,"Height":42,"Demand":1,"DemandMax":null,"Value":3654},{"Length":41,"Height":15,"Demand":1,"DemandMax":null,"Value":615},{"Length":84,"Height":31,"Demand":1,"DemandMax":null,"Value":2604},{"Length":32,"Height":11,"Demand":1,"DemandMax":null,"Value":352},{"Length":83,"Height":48,"Demand":1,"DemandMax":null,"Value":3984},{"Length":66,"Height":11,"Demand":1,"DemandMax":null,"Value":726},{"Length":27,"Height":43,"Demand":1,"DemandMax":null,"Value":1161},{"Length":98,"Height":13,"Demand":1,"DemandMax":null,"Value":1274},{"Length":87,"Height":16,"Demand":1,"DemandMax":null,"Value":1392},{"Length":81,"Height":19,"Demand":1,"DemandMax":null,"Value":1539},{"Length":92,"Height":16,"Demand":1,"DemandMax":null,"Value":1472},{"Length":82,"Height":27,"Demand":1,"DemandMax":null,"Value":2214},{"Length":99,"Height":45,"Demand":1,"DemandMax":null,"Value":4455}]}