{"Name":"CLASS03_060_02","Objects":[{"Length":40,"Height":40,"Stock":null,"Cost":1600}],"Items":[{"Length":5,"Height":25,"Demand":2,"DemandMax":null,"Value":125},{"Length":26,"Height":5,"Demand":1,"DemandMax":null,"Value":130},{"Length":8,"Height":30,"Demand":1,"DemandMax":null,"Value":240},{"Length":30,"Height":15,"Demand":1,"DemandMax":null,"Value":450},{"Length":34,"Height":34,"Demand":1,"DemandMax":null,"Value":1156},{"Length":21,"Height":25,"Demand":1,"DemandMax":null,"Value":525},{"Length":20,"Height":30,"Demand":1,"DemandMax":null,"Value":600},{"Length":27,"Height":22,"Demand":1,"DemandMax":null,"Value":594},{"Length":15,"Height":20,"Demand":1,"DemandMax":null,"Value":300},{"Length":3,"Height":20,"Demand":1,"DemandMax":null,"Value":60},{"Length":22,"Height":30,"Demand":1,"DemandMax":null,"Value":660},{"Length":10,"Height":34,"Demand":1,"DemandMax":null,"Value":340},{"Length":22,"Height":29,"Demand":1,"DemandMax":null,"Value":638},{"Length":19,"Height":22,"Demand":1,"DemandMax":null,"Value":418},{"Length":8,"Height":33,"Demand":1,"DemandMax":null,"Value":264},{"Length":9,"Height":23,"Demand":1,"DemandMax":null,"Value":207},{"Length":18,"Height":34,"Demand":1,"DemandMax":null,"Value":612},{"Length":8,"Height":16,"Demand":1,"DemandMax":null,"Value":128},{"Length":33,"Height":1,"Demand":1,"DemandMax":null,"Value":33},{"Length":19,"Height":30,"Demand":1,"DemandMax":null,"Value":570},{"Length":9,"Height":19,"Demand":1,"DemandMax":null,"Value":171},{"Length":23,"Height":33,"Demand":1,"DemandMax":null,"Value":759},{"Length":22,"Height":11,"Demand":1,"DemandMax":null,"Value":242},{"Length":13,"Height":6,"Demand":1,"DemandMax":null,"Value":78},{"Length":16,"Height":16,"Demand":1,"DemandMax":null,"Value":256},{"Length":27,"Height":11,"Demand":1,"DemandMax":null,"Value":297},{"Length":19,"Height":13,"Demand":1,"DemandMax":null,"Value":247},{"Length":11,"Height":17,"Demand":1,"DemandMax":null,"Value":187},{"Length":34,"Height":31,"Demand":1,"DemandMax":null,"Value":1054},{"Length":27,"Height":5,"Demand":1,"DemandMax":null,"Value":135},{"Length":8,"Height":4,"Demand":1,"DemandMax":null,"Value":32},{"Length":9,"Height":1,"Demand":1,"DemandMax":null,"Value":9},{"Length":2,"Height":16,"Demand":1,"DemandMax":null,"Value":32},{"Length":7,"Height":10,"Demand":1,"DemandMax":null,"Value":70},{"Length":20,"Height":25,"Demand":1,"DemandMax":null,"Value":500},{"Length":14,"Height":11,"Demand":1,"DemandMax":null,"Value":154},{"Length":8,"Height":35,"Demand":2,"DemandMax":null,"Value":280},{"Length":33,"Height":34,"Demand":1,"DemandMax":null,"Value":1122},{"Length":28,"Height":26,"Demand":1,"DemandMax":null,"Value":728},{"Length":11,"Height":10,"Demand":1,"DemandMax":null,"Value":110},{"Length":13,"Height":27,"Demand":1,"DemandMax":null,"Value":351},{"Length":9,"Height":26,"Demand":1,"DemandMax":null,"Value":234},{"Length":16,"Height":4,"Demand":1,"DemandMax":null,"Value":64},{"Length":31,"Height":4,"Demand":1,"DemandMax":null,"Value":124},{"Length":27,"Height":10,"Demand":1,"DemandMax":null,"Value":270},{"Length":23,"Height":18,"Demand":1,"DemandMax":null,"Value":414},{"Length":15,"Height":1,"Demand":1,"DemandMax":null,"Value":15},{"Length":12,"Height":14,"Demand":1,"DemandMax":null,"Value":168},{"Length":32,"Height":17,"Demand":1,"DemandMax":null,"Value":544},{"Length":2,"Height":18,"Demand":1,"DemandMax":null,"Value":36},{"Length":34,"Height":2,"Demand":1,"DemandMax":null,"Value":68},{"Length":25,"Height":20,"Demand":1,"DemandMax":null,"Value":500},{"Length":23,"Height":10,"Demand":1,"DemandMax":null,"Value":230},{"Length":21,"Height":3,"Demand":1,"DemandMax":null,"Value":63},{"Length":16,"Height":5,"Demand":1,"DemandMax":null,"Value":80},{"Length":14,"Height":2,"Demand":1,"DemandMax":null,"Value":28},{"Length":1,"Height":25,"Demand":1,"DemandMax":null,"Value":25},{"Length":8,"Height":11,"Demand":1,"DemandMax":null,"Value":88}]}