{"Name":"CLASS09_040_09","Objects":[{"Length":100,"Height":100,"Stock":null,"Cost":10000}],"Items":[{"Length":71,"Height":22,"Demand":1,"DemandMax":null,"Value":1562},{"Length":61,"Height":79,"Demand":1,"DemandMax":null,"Value":4819},{"Length":65,"Height":55,"Demand":1,"DemandMax":null,"Value":3575},{"Length":75,"Height":21,"Demand":1,"DemandMax":null,"Value":1575},{"Length":75,"Height":67,"Demand":1,"DemandMax":null,"Value":5025},{"Length":44,"Height":76,"Demand":1,"DemandMax":null,"Value":3344},{"Length":88,"Height":56,"Demand":1,"DemandMax":null,"Value":4928},{"Length":52,"Height":61,"Demand":1,"DemandMax":null,"Value":3172},{"Length":4,"Height":24,"Demand":1,"DemandMax":null,"Value":96},{"Length":38,"Height":12,"Demand":1,"DemandMax":null,"Value":456},{"Length":73,"Height":69,"Demand":2,"DemandMax":null,"Value":5037},{"Length":51,"Height":65,"Demand":1,"DemandMax":null,"Value":3315},{"Length":95,"Height":93,"Demand":1,"DemandMax":null,"Value":8835},{"Length":96,"Height":21,"Demand":1,"DemandMax":null,"Value":2016},{"Length":19,"Height":96,"Demand":1,"DemandMax":null,"Value":1824},{"Length":14,"Height":30,"Demand":1,"DemandMax":null,"Value":420},{"Length":97,"Height":73,"Demand":1,"DemandMax":null,"Value":7081},{"Length":61,"Height":92,"Demand":1,"DemandMax":null,"Value":5612},{"Length":77,"Height":80,"Demand":1,"DemandMax":null,"Value":6160},{"Length":87,"Height":56,"Demand":1,"DemandMax":null,"Value":4872},{"Length":10,"Height":15,"Demand":1,"DemandMax":null,"Value":150},{"Length":41,"Height":24,"Demand":1,"DemandMax":null,"Value":984},{"Length":97,"Height":77,"Demand":1,"DemandMax":null,"Value":7469},{"Length":81,"Height":45,"Demand":1,"DemandMax":null,"Value":3645},{"Length":86,"Height":68,"Demand":1,"DemandMax":null,"Value":5848},{"Length":81,"Height":67,"Demand":1,"DemandMax":null,"Value":5427},{"Length":77,"Height":87,"Demand":1,"DemandMax":null,"Value":6699},{"Length":19,"Height":44,"Demand":1,"DemandMax":null,"Value":836},{"Length":23,"Height":89,"Demand":1,"DemandMax":null,"Value":2047},{"Length":84,"Height":73,"Demand":1,"DemandMax":null,"Value":6132},{"Length":80,"Height":8,"Demand":1,"DemandMax":null,"Value":640},{"Length":84,"Height":6,"Demand":1,"DemandMax":null,"Value":504},{"Length":80,"Height":10,"Demand":1,"DemandMax":null,"Value":800},{"Length":48,"Height":41,"Demand":1,"DemandMax":null,"Value":1968},{"Length":83,"Height":41,"Demand":1,"DemandMax":null,"Value":3403},{"Length":97,"Height":78,"Demand":1,"DemandMax":null,"Value":7566},{"Length":81,"Height":99,"Demand":1,"DemandMax":null,"Value":8019},{"Length":91,"Height":85,"Demand":1,"DemandMax":null,"Value":7735},{"Length":28,"Height":14,"Demand":1,"DemandMax":null,"Value":392}]}