{"Name":"CLASS09_040_04","Objects":[{"Length":100,"Height":100,"Stock":null,"Cost":10000}],"Items":[{"Length":54,"Height":92,"Demand":1,"DemandMax":null,"Value":4968},{"Length":58,"Height":88,"Demand":1,"DemandMax":null,"Value":5104},{"Length":51,"Height":91,"Demand":1,"DemandMax":null,"Value":4641},{"Length":27,"Height":79,"Demand":1,"DemandMax":null,"Value":2133},{"Length":51,"Height":68,"Demand":1,"DemandMax":null,"Value":3468},{"Length":72,"Height":54,"Demand":1,"DemandMax":null,"Value":3888},{"Length":55,"Height":73,"Demand":1,"DemandMax":null,"Value":4015},{"Length":96,"Height":92,"Demand":1,"DemandMax":null,"Value":8832},{"Length":61,"Height":55,"Demand":1,"DemandMax":null,"Value":3355},{"Length":98,"Height":33,"Demand":1,"DemandMax":null,"Value":3234},{"Length":70,"Height":66,"Demand":1,"DemandMax":null,"Value":4620},{"Length":27,"Height":84,"Demand":1,"DemandMax":null,"Value":2268},{"Length":83,"Height":55,"Demand":1,"DemandMax":null,"Value":4565},{"Length":84,"Height":72,"Demand":1,"DemandMax":null,"Value":6048},{"Length":48,"Height":81,"Demand":1,"DemandMax":null,"Value":3888},{"Length":19,"Height":22,"Demand":1,"DemandMax":null,"Value":418},{"Length":65,"Height":66,"Demand":1,"DemandMax":null,"Value":4290},{"Length":82,"Height":74,"Demand":1,"DemandMax":null,"Value":6068},{"Length":86,"Height":89,"Demand":1,"DemandMax":null,"Value":7654},{"Length":23,"Height":29,"Demand":1,"DemandMax":null,"Value":667},{"Length":60,"Height":89,"Demand":1,"DemandMax":null,"Value":5340},{"Length":92,"Height":87,"Demand":1,"DemandMax":null,"Value":8004},{"Length":87,"Height":67,"Demand":1,"DemandMax":null,"Value":5829},{"Length":89,"Height":98,"Demand":1,"DemandMax":null,"Value":8722},{"Length":66,"Height":73,"Demand":1,"DemandMax":null,"Value":4818},{"Length":63,"Height":61,"Demand":1,"DemandMax":null,"Value":3843},{"Length":99,"Height":8,"Demand":1,"DemandMax":null,"Value":792},{"Length":66,"Height":79,"Demand":1,"DemandMax":null,"Value":5214},{"Length":84,"Height":69,"Demand":1,"DemandMax":null,"Value":5796},{"Length":97,"Height":99,"Demand":1,"DemandMax":null,"Value":9603},{"Length":72,"Height":59,"Demand":1,"DemandMax":null,"Value":4248},{"Length":55,"Height":71,"Demand":1,"DemandMax":null,"Value":3905},{"Length":63,"Height":77,"Demand":1,"DemandMax":null,"Value":4851},{"Length":92,"Height":97,"Demand":1,"DemandMax":null,"Value":8924},{"Length":8,"Height":81,"Demand":1,"DemandMax":null,"Value":648},{"Length":55,"Height":75,"Demand":1,"DemandMax":null,"Value":4125},{"Length":69,"Height":47,"Demand":1,"DemandMax":null,"Value":3243},{"Length":98,"Height":56,"Demand":1,"DemandMax":null,"Value":5488},{"Length":69,"Height":48,"Demand":1,"DemandMax":null,"Value":3312},{"Length":68,"Height":91,"Demand":1,"DemandMax":null,"Value":6188}]}