{"Name":"CLASS07_100_01","Objects":[{"Length":100,"Height":100,"Stock":null,"Cost":10000}],"Items":[{"Length":97,"Height":48,"Demand":1,"DemandMax":null,"Value":4656},{"Length":71,"Height":18,"Demand":1,"DemandMax":null,"Value":1278},{"Length":9,"Height":46,"Demand":1,"DemandMax":null,"Value":414},{"Length":94,"Height":49,"Demand":1,"DemandMax":null,"Value":4606},{"Length":82,"Height":22,"Demand":1,"DemandMax":null,"Value":1804},{"Length":67,"Height":33,"Demand":1,"DemandMax":null,"Value":2211},{"Length":96,"Height":25,"Demand":1,"DemandMax":null,"Value":2400},{"Length":94,"Height":19,"Demand":1,"DemandMax":null,"Value":1786},{"Length":15,"Height":7,"Demand":1,"DemandMax":null,"Value":105},{"Length":71,"Height":8,"Demand":1,"DemandMax":null,"Value":568},{"Length":90,"Height":66,"Demand":1,"DemandMax":null,"Value":5940},{"Length":68,"Height":1,"Demand":1,"DemandMax":null,"Value":68},{"Length":78,"Height":4,"Demand":1,"DemandMax":null,"Value":312},{"Length":84,"Height":46,"Demand":1,"DemandMax":null,"Value":3864},{"Length":99,"Height":20,"Demand":1,"DemandMax":null,"Value":1980},{"Length":84,"Height":44,"Demand":1,"DemandMax":null,"Value":3696},{"Length":87,"Height":13,"Demand":1,"DemandMax":null,"Value":1131},{"Length":69,"Height":45,"Demand":1,"DemandMax":null,"Value":3105},{"Length":78,"Height":34,"Demand":1,"DemandMax":null,"Value":2652},{"Length":74,"Height":49,"Demand":2,"DemandMax":null,"Value":3626},{"Length":7,"Height":89,"Demand":1,"DemandMax":null,"Value":623},{"Length":98,"Height":6,"Demand":1,"DemandMax":null,"Value":588},{"Length":99,"Height":60,"Demand":1,"DemandMax":null,"Value":5940},{"Length":72,"Height":16,"Demand":1,"DemandMax":null,"Value":1152},{"Length":96,"Height":16,"Demand":1,"DemandMax":null,"Value":1536},{"Length":49,"Height":85,"Demand":1,"DemandMax":null,"Value":4165},{"Length":95,"Height":49,"Demand":1,"DemandMax":null,"Value":4655},{"Length":67,"Height":94,"Demand":1,"DemandMax":null,"Value":6298},{"Length":96,"Height":10,"Demand":1,"DemandMax":null,"Value":960},{"Length":75,"Height":13,"Demand":1,"DemandMax":null,"Value":975},{"Length":98,"Height":48,"Demand":1,"DemandMax":null,"Value":4704},{"Length":38,"Height":34,"Demand":1,"DemandMax":null,"Value":1292},{"Length":68,"Height":15,"Demand":1,"DemandMax":null,"Value":1020},{"Length":40,"Height":71,"Demand":1,"DemandMax":null,"Value":2840},{"Length":75,"Height":10,"Demand":2,"DemandMax":null,"Value":750},{"Length":79,"Height":36,"Demand":1,"DemandMax":null,"Value":2844},{"Length":84,"Height":32,"Demand":1,"DemandMax":null,"Value":2688},{"Length":84,"Height":16,"Demand":1,"DemandMax":null,"Value":1344},{"Length":94,"Height":33,"Demand":1,"DemandMax":null,"Value":3102},{"Length":10,"Height":11,"Demand":1,"DemandMax":null,"Value":110},{"Length":27,"Height":90,"Demand":1,"DemandMax":null,"Value":2430},{"Length":87,"Height":17,"Demand":1,"DemandMax":null,"Value":1479},{"Length":78,"Height":25,"Demand":1,"DemandMax":null,"Value":1950},{"Length":69,"Height":1,"Demand":1,"DemandMax":null,"Value":69},{"Length":92,"Height":16,"Demand":1,"DemandMax":null,"Value":1472},{"Length":88,"Height":13,"Demand":1,"DemandMax":null,"Value":1144},{"Length":90,"Height":11,"Demand":1,"DemandMax":null,"Value":990},{"Length":74,"Height":4,"Demand":1,"DemandMax":null,"Value":296},{"Length":11,"Height":71,"Demand":1,"DemandMax":null,"Value":781},{"Length":97,"Height":21,"Demand":1,"DemandMax":null,"Value":2037},{"Length":88,"Height":17,"Demand":1,"DemandMax":null,"Value":1496},{"Length":97,"Height":13,"Demand":1,"DemandMax":null,"Value":1261},{"Length":80,"Height":41,"Demand":1,"DemandMax":null,"Value":3280},{"Length":68,"Height":20,"Demand":1,"DemandMax":null,"Value":1360},{"Length":74,"Height":43,"Demand":1,"DemandMax":null,"Value":3182},{"Length":94,"Height":29,"Demand":1,"DemandMax":null,"Value":2726},{"Length":70,"Height":22,"Demand":1,"DemandMax":null,"Value":1540},{"Length":69,"Height":41,"Demand":1,"DemandMax":null,"Value":2829},{"Length":5,"Height":30,"Demand":1,"DemandMax":null,"Value":150},{"Length":99,"Height":7,"Demand":1,"DemandMax":null,"Value":693},{"Length":69,"Height":15,"Demand":1,"DemandMax":null,"Value":1035},{"Length":79,"Height":25,"Demand":1,"DemandMax":null,"Value":1975},{"Length":71,"Height":29,"Demand":1,"DemandMax":null,"Value":2059},{"Length":78,"Height":46,"Demand":1,"DemandMax":null,"Value":3588},{"Length":76,"Height":20,"Demand":1,"DemandMax":null,"Value":1520},{"Length":45,"Height":79,"Demand":1,"DemandMax":null,"Value":3555},{"Length":82,"Height":39,"Demand":1,"DemandMax":null,"Value":3198},{"Length":99,"Height":47,"Demand":1,"DemandMax":null,"Value":4653},{"Length":91,"Height":36,"Demand":1,"DemandMax":null,"Value":3276},{"Length":87,"Height":27,"Demand":1,"DemandMax":null,"Value":2349},{"Length":2,"Height":73,"Demand":1,"DemandMax":null,"Value":146},{"Length":94,"Height":9,"Demand":1,"DemandMax":null,"Value":846},{"Length":79,"Height":14,"Demand":1,"DemandMax":null,"Value":1106},{"Length":86,"Height":45,"Demand":1,"DemandMax":null,"Value":3870},{"Length":94,"Height":45,"Demand":1,"DemandMax":null,"Value":4230},{"Length":96,"Height":83,"Demand":1,"DemandMax":null,"Value":7968},{"Length":15,"Height":4,"Demand":1,"DemandMax":null,"Value":60},{"Length":93,"Height":25,"Demand":1,"DemandMax":null,"Value":2325},{"Length":91,"Height":90,"Demand":1,"DemandMax":null,"Value":8190},{"Length":12,"Height":79,"Demand":1,"DemandMax":null,"Value":948},{"Length":21,"Height":69,"Demand":1,"DemandMax":null,"Value":1449},{"Length":74,"Height":17,"Demand":1,"DemandMax":null,"Value":1258},{"Length":68,"Height":48,"Demand":1,"DemandMax":null,"Value":3264},{"Length":40,"Height":17,"Demand":1,"DemandMax":null,"Value":680},{"Length":39,"Height":78,"Demand":1,"DemandMax":null,"Value":3042},{"Length":95,"Height":70,"Demand":1,"DemandMax":null,"Value":6650},{"Length":28,"Height":77,"Demand":1,"DemandMax":null,"Value":2156},{"Length":86,"Height":26,"Demand":1,"DemandMax":null,"Value":2236},{"Length":19,"Height":43,"Demand":1,"DemandMax":null,"Value":817},{"Length":94,"Height":35,"Demand":1,"DemandMax":null,"Value":3290},{"Length":74,"Height":47,"Demand":1,"DemandMax":null,"Value":3478},{"Length":86,"Height":47,"Demand":1,"DemandMax":null,"Value":4042},{"Length":72,"Height":29,"Demand":1,"DemandMax":null,"Value":2088},{"Length":98,"Height":12,"Demand":1,"DemandMax":null,"Value":1176},{"Length":10,"Height":93,"Demand":1,"DemandMax":null,"Value":930},{"Length":93,"Height":79,"Demand":1,"DemandMax":null,"Value":7347},{"Length":75,"Height":27,"Demand":1,"DemandMax":null,"Value":2025},{"Length":76,"Height":50,"Demand":1,"DemandMax":null,"Value":3800}]}