{"Name":"CLASS09_060_09","Objects":[{"Length":100,"Height":100,"Stock":null,"Cost":10000}],"Items":[{"Length":51,"Height":72,"Demand":1,"DemandMax":null,"Value":3672},{"Length":81,"Height":56,"Demand":1,"DemandMax":null,"Value":4536},{"Length":61,"Height":59,"Demand":1,"DemandMax":null,"Value":3599},{"Length":37,"Height":66,"Demand":1,"DemandMax":null,"Value":2442},{"Length":83,"Height":25,"Demand":1,"DemandMax":null,"Value":2075},{"Length":70,"Height":99,"Demand":1,"DemandMax":null,"Value":6930},{"Length":91,"Height":67,"Demand":1,"DemandMax":null,"Value":6097},{"Length":88,"Height":50,"Demand":1,"DemandMax":null,"Value":4400},{"Length":60,"Height":88,"Demand":1,"DemandMax":null,"Value":5280},{"Length":71,"Height":52,"Demand":1,"DemandMax":null,"Value":3692},{"Length":33,"Height":91,"Demand":1,"DemandMax":null,"Value":3003},{"Length":39,"Height":72,"Demand":1,"DemandMax":null,"Value":2808},{"Length":57,"Height":63,"Demand":1,"DemandMax":null,"Value":3591},{"Length":83,"Height":68,"Demand":1,"DemandMax":null,"Value":5644},{"Length":36,"Height":78,"Demand":1,"DemandMax":null,"Value":2808},{"Length":56,"Height":80,"Demand":1,"DemandMax":null,"Value":4480},{"Length":66,"Height":100,"Demand":1,"DemandMax":null,"Value":6600},{"Length":8,"Height":46,"Demand":1,"DemandMax":null,"Value":368},{"Length":100,"Height":60,"Demand":1,"DemandMax":null,"Value":6000},{"Length":37,"Height":14,"Demand":1,"DemandMax":null,"Value":518},{"Length":37,"Height":99,"Demand":1,"DemandMax":null,"Value":3663},{"Length":93,"Height":84,"Demand":1,"DemandMax":null,"Value":7812},{"Length":76,"Height":64,"Demand":1,"DemandMax":null,"Value":4864},{"Length":78,"Height":58,"Demand":1,"DemandMax":null,"Value":4524},{"Length":68,"Height":58,"Demand":1,"DemandMax":null,"Value":3944},{"Length":91,"Height":85,"Demand":1,"DemandMax":null,"Value":7735},{"Length":63,"Height":81,"Demand":1,"DemandMax":null,"Value":5103},{"Length":81,"Height":64,"Demand":1,"DemandMax":null,"Value":5184},{"Length":62,"Height":81,"Demand":1,"DemandMax":null,"Value":5022},{"Length":100,"Height":98,"Demand":1,"DemandMax":null,"Value":9800},{"Length":63,"Height":58,"Demand":1,"DemandMax":null,"Value":3654},{"Length":98,"Height":33,"Demand":1,"DemandMax":null,"Value":3234},{"Length":67,"Height":64,"Demand":1,"DemandMax":null,"Value":4288},{"Length":80,"Height":22,"Demand":1,"DemandMax":null,"Value":1760},{"Length":74,"Height":98,"Demand":1,"DemandMax":null,"Value":7252},{"Length":73,"Height":62,"Demand":1,"DemandMax":null,"Value":4526},{"Length":35,"Height":10,"Demand":1,"DemandMax":null,"Value":350},{"Length":52,"Height":56,"Demand":1,"DemandMax":null,"Value":2912},{"Length":48,"Height":100,"Demand":1,"DemandMax":null,"Value":4800},{"Length":61,"Height":53,"Demand":1,"DemandMax":null,"Value":3233},{"Length":63,"Height":66,"Demand":1,"DemandMax":null,"Value":4158},{"Length":97,"Height":54,"Demand":1,"DemandMax":null,"Value":5238},{"Length":82,"Height":61,"Demand":1,"DemandMax":null,"Value":5002},{"Length":60,"Height":57,"Demand":1,"DemandMax":null,"Value":3420},{"Length":53,"Height":85,"Demand":1,"DemandMax":null,"Value":4505},{"Length":52,"Height":63,"Demand":1,"DemandMax":null,"Value":3276},{"Length":78,"Height":86,"Demand":1,"DemandMax":null,"Value":6708},{"Length":72,"Height":72,"Demand":1,"DemandMax":null,"Value":5184},{"Length":55,"Height":65,"Demand":1,"DemandMax":null,"Value":3575},{"Length":70,"Height":84,"Demand":1,"DemandMax":null,"Value":5880},{"Length":86,"Height":72,"Demand":1,"DemandMax":null,"Value":6192},{"Length":96,"Height":99,"Demand":1,"DemandMax":null,"Value":9504},{"Length":69,"Height":56,"Demand":1,"DemandMax":null,"Value":3864},{"Length":100,"Height":66,"Demand":1,"DemandMax":null,"Value":6600},{"Length":6,"Height":79,"Demand":1,"DemandMax":null,"Value":474},{"Length":81,"Height":87,"Demand":1,"DemandMax":null,"Value":7047},{"Length":45,"Height":11,"Demand":1,"DemandMax":null,"Value":495},{"Length":40,"Height":72,"Demand":1,"DemandMax":null,"Value":2880},{"Length":86,"Height":79,"Demand":1,"DemandMax":null,"Value":6794},{"Length":77,"Height":86,"Demand":1,"DemandMax":null,"Value":6622}]}