{"Name":"CLASS02_020_01","Objects":[{"Length":30,"Height":30,"Stock":null,"Cost":900}],"Items":[{"Length":5,"Height":9,"Demand":1,"DemandMax":null,"Value":45},{"Length":4,"Height":2,"Demand":1,"DemandMax":null,"Value":8},{"Length":10,"Height":6,"Demand":1,"DemandMax":null,"Value":60},{"Length":5,"Height":7,"Demand":1,"DemandMax":null,"Value":35},{"Length":6,"Height":3,"Demand":1,"DemandMax":null,"Value":18},{"Length":10,"Height":7,"Demand":1,"DemandMax":null,"Value":70},{"Length":1,"Height":5,"Demand":1,"DemandMax":null,"Value":5},{"Length":3,"Height":5,"Demand":1,"DemandMax":null,"Value":15},{"Length":6,"Height":9,"Demand":1,"DemandMax":null,"Value":54},{"Length":2,"Height":4,"Demand":1,"DemandMax":null,"Value":8},{"Length":6,"Height":7,"Demand":1,"DemandMax":null,"Value":42},{"Length":7,"Height":2,"Demand":1,"DemandMax":null,"Value":14},{"Length":8,"Height":3,"Demand":3,"DemandMax":null,"Value":24},{"Length":4,"Height":10,"Demand":1,"DemandMax":null,"Value":40},{"Length":4,"Height":5,"Demand":1,"DemandMax":null,"Value":20},{"Length":10,"Height":3,"Demand":1,"DemandMax":null,"Value":30},{"Length":7,"Height":8,"Demand":1,"DemandMax":null,"Value":56},{"Length":8,"Height":7,"Demand":1,"DemandMax":null,"Value":56}]}