{"Name":"CLASS01_020_05","Objects":[{"Length":10,"Height":10,"Stock":null,"Cost":100}],"Items":[{"Length":10,"Height":4,"Demand":1,"DemandMax":null,"Value":40},{"Length":2,"Height":10,"Demand":2,"DemandMax":null,"Value":20},{"Length":2,"Height":4,"Demand":1,"DemandMax":null,"Value":8},{"Length":10,"Height":10,"Demand":1,"DemandMax":null,"Value":100},{"Length":7,"Height":2,"Demand":1,"DemandMax":null,"Value":14},{"Length":9,"Height":10,"Demand":1,"DemandMax":null,"Value":90},{"Length":5,"Height":6,"Demand":1,"DemandMax":null,"Value":30},{"Length":7,"Height":5,"Demand":1,"DemandMax":null,"Value":35},{"Length":1,"Height":7,"Demand":2,"DemandMax":null,"Value":7},{"Length":5,"Height":3,"Demand":1,"DemandMax":null,"Value":15},{"Length":3,"Height":9,"Demand":1,"DemandMax":null,"Value":27},{"Length":9,"Height":4,"Demand":1,"DemandMax":null,"Value":36},{"Length":4,"Height":3,"Demand":1,"DemandMax":null,"Value":12},{"Length":2,"Height":2,"Demand":1,"DemandMax":null,"Value":4},{"Length":4,"Height":9,"Demand":1,"DemandMax":null,"Value":36},{"Length":2,"Height":8,"Demand":1,"DemandMax":null,"Value":16},{"Length":1,"Height":1,"Demand":1,"DemandMax":null,"Value":1},{"Length":4,"Height":4,"Demand":1,"DemandMax":null,"Value":16}]}