{"Name":"CLASS08_080_10","Objects":[{"Length":100,"Height":100,"Stock":null,"Cost":10000}],"Items":[{"Length":36,"Height":92,"Demand":1,"DemandMax":null,"Value":3312},{"Length":34,"Height":66,"Demand":1,"DemandMax":null,"Value":2244},{"Length":1,"Height":83,"Demand":1,"DemandMax":null,"Value":83},{"Length":7,"Height":71,"Demand":1,"DemandMax":null,"Value":497},{"Length":44,"Height":77,"Demand":1,"DemandMax":null,"Value":3388},{"Length":33,"Height":96,"Demand":1,"DemandMax":null,"Value":3168},{"Length":15,"Height":72,"Demand":1,"DemandMax":null,"Value":1080},{"Length":11,"Height":71,"Demand":1,"DemandMax":null,"Value":781},{"Length":14,"Height":70,"Demand":1,"DemandMax":null,"Value":980},{"Length":43,"Height":100,"Demand":1,"DemandMax":null,"Value":4300},{"Length":41,"Height":70,"Demand":1,"DemandMax":null,"Value":2870},{"Length":28,"Height":79,"Demand":1,"DemandMax":null,"Value":2212},{"Length":46,"Height":71,"Demand":1,"DemandMax":null,"Value":3266},{"Length":15,"Height":77,"Demand":1,"DemandMax":null,"Value":1155},{"Length":85,"Height":14,"Demand":2,"DemandMax":null,"Value":1190},{"Length":6,"Height":95,"Demand":1,"DemandMax":null,"Value":570},{"Length":93,"Height":22,"Demand":1,"DemandMax":null,"Value":2046},{"Length":49,"Height":97,"Demand":1,"DemandMax":null,"Value":4753},{"Length":28,"Height":88,"Demand":1,"DemandMax":null,"Value":2464},{"Length":46,"Height":84,"Demand":1,"DemandMax":null,"Value":3864},{"Length":45,"Height":98,"Demand":1,"DemandMax":null,"Value":4410},{"Length":97,"Height":36,"Demand":1,"DemandMax":null,"Value":3492},{"Length":39,"Height":75,"Demand":1,"DemandMax":null,"Value":2925},{"Length":47,"Height":82,"Demand":1,"DemandMax":null,"Value":3854},{"Length":12,"Height":89,"Demand":1,"DemandMax":null,"Value":1068},{"Length":51,"Height":88,"Demand":1,"DemandMax":null,"Value":4488},{"Length":12,"Height":70,"Demand":1,"DemandMax":null,"Value":840},{"Length":10,"Height":87,"Demand":1,"DemandMax":null,"Value":870},{"Length":40,"Height":32,"Demand":1,"DemandMax":null,"Value":1280},{"Length":71,"Height":51,"Demand":1,"DemandMax":null,"Value":3621},{"Length":96,"Height":60,"Demand":1,"DemandMax":null,"Value":5760},{"Length":35,"Height":66,"Demand":1,"DemandMax":null,"Value":2310},{"Length":31,"Height":95,"Demand":1,"DemandMax":null,"Value":2945},{"Length":66,"Height":28,"Demand":1,"DemandMax":null,"Value":1848},{"Length":43,"Height":84,"Demand":1,"DemandMax":null,"Value":3612},{"Length":71,"Height":82,"Demand":1,"DemandMax":null,"Value":5822},{"Length":88,"Height":14,"Demand":1,"DemandMax":null,"Value":1232},{"Length":44,"Height":76,"Demand":1,"DemandMax":null,"Value":3344},{"Length":50,"Height":68,"Demand":1,"DemandMax":null,"Value":3400},{"Length":20,"Height":83,"Demand":1,"DemandMax":null,"Value":1660},{"Length":46,"Height":47,"Demand":1,"DemandMax":null,"Value":2162},{"Length":48,"Height":75,"Demand":1,"DemandMax":null,"Value":3600},{"Length":20,"Height":95,"Demand":1,"DemandMax":null,"Value":1900},{"Length":29,"Height":86,"Demand":1,"DemandMax":null,"Value":2494},{"Length":80,"Height":42,"Demand":1,"DemandMax":null,"Value":3360},{"Length":14,"Height":82,"Demand":1,"DemandMax":null,"Value":1148},{"Length":1,"Height":96,"Demand":1,"DemandMax":null,"Value":96},{"Length":1,"Height":98,"Demand":1,"DemandMax":null,"Value":98},{"Length":8,"Height":99,"Demand":1,"DemandMax":null,"Value":792},{"Length":41,"Height":98,"Demand":1,"DemandMax":null,"Value":4018},{"Length":43,"Height":7,"Demand":1,"DemandMax":null,"Value":301},{"Length":34,"Height":82,"Demand":1,"DemandMax":null,"Value":2788},{"Length":70,"Height":17,"Demand":1,"DemandMax":null,"Value":1190},{"Length":30,"Height":86,"Demand":1,"DemandMax":null,"Value":2580},{"Length":48,"Height":87,"Demand":1,"DemandMax":null,"Value":4176},{"Length":66,"Height":97,"Demand":1,"DemandMax":null,"Value":6402},{"Length":30,"Height":83,"Demand":1,"DemandMax":null,"Value":2490},{"Length":14,"Height":77,"Demand":1,"DemandMax":null,"Value":1078},{"Length":85,"Height":64,"Demand":1,"DemandMax":null,"Value":5440},{"Length":39,"Height":39,"Demand":1,"DemandMax":null,"Value":1521},{"Length":43,"Height":88,"Demand":1,"DemandMax":null,"Value":3784},{"Length":91,"Height":64,"Demand":1,"DemandMax":null,"Value":5824},{"Length":52,"Height":78,"Demand":1,"DemandMax":null,"Value":4056},{"Length":22,"Height":95,"Demand":1,"DemandMax":null,"Value":2090},{"Length":17,"Height":66,"Demand":1,"DemandMax":null,"Value":1122},{"Length":31,"Height":82,"Demand":1,"DemandMax":null,"Value":2542},{"Length":88,"Height":3,"Demand":1,"DemandMax":null,"Value":264},{"Length":17,"Height":70,"Demand":1,"DemandMax":null,"Value":1190},{"Length":2,"Height":88,"Demand":1,"DemandMax":null,"Value":176},{"Length":81,"Height":94,"Demand":1,"DemandMax":null,"Value":7614},{"Length":24,"Height":92,"Demand":1,"DemandMax":null,"Value":2208},{"Length":24,"Height":89,"Demand":1,"DemandMax":null,"Value":2136},{"Length":50,"Height":82,"Demand":1,"DemandMax":null,"Value":4100},{"Length":44,"Height":84,"Demand":1,"DemandMax":null,"Value":3696},{"Length":28,"Height":91,"Demand":1,"DemandMax":null,"Value":2548},{"Length":43,"Height":81,"Demand":1,"DemandMax":null,"Value":3483},{"Length":8,"Height":85,"Demand":1,"DemandMax":null,"Value":680},{"Length":68,"Height":71,"Demand":1,"DemandMax":null,"Value":4828},{"Length":42,"Height":98,"Demand":1,"DemandMax":null,"Value":4116}]}