{"Name":"CLASS10_040_05","Objects":[{"Length":100,"Height":100,"Stock":null,"Cost":10000}],"Items":[{"Length":25,"Height":39,"Demand":1,"DemandMax":null,"Value":975},{"Length":15,"Height":6,"Demand":1,"DemandMax":null,"Value":90},{"Length":37,"Height":48,"Demand":1,"DemandMax":null,"Value":1776},{"Length":9,"Height":10,"Demand":1,"DemandMax":null,"Value":90},{"Length":26,"Height":10,"Demand":1,"DemandMax":null,"Value":260},{"Length":6,"Height":42,"Demand":1,"DemandMax":null,"Value":252},{"Length":44,"Height":25,"Demand":1,"DemandMax":null,"Value":1100},{"Length":56,"Height":51,"Demand":1,"DemandMax":null,"Value":2856},{"Length":39,"Height":42,"Demand":1,"DemandMax":null,"Value":1638},{"Length":10,"Height":40,"Demand":1,"DemandMax":null,"Value":400},{"Length":12,"Height":13,"Demand":1,"DemandMax":null,"Value":156},{"Length":16,"Height":69,"Demand":1,"DemandMax":null,"Value":1104},{"Length":13,"Height":37,"Demand":1,"DemandMax":null,"Value":481},{"Length":24,"Height":50,"Demand":1,"DemandMax":null,"Value":1200},{"Length":42,"Height":13,"Demand":1,"DemandMax":null,"Value":546},{"Length":36,"Height":80,"Demand":1,"DemandMax":null,"Value":2880},{"Length":49,"Height":43,"Demand":1,"DemandMax":null,"Value":2107},{"Length":1,"Height":21,"Demand":1,"DemandMax":null,"Value":21},{"Length":34,"Height":25,"Demand":1,"DemandMax":null,"Value":850},{"Length":18,"Height":48,"Demand":1,"DemandMax":null,"Value":864},{"Length":47,"Height":10,"Demand":1,"DemandMax":null,"Value":470},{"Length":39,"Height":68,"Demand":1,"DemandMax":null,"Value":2652},{"Length":38,"Height":99,"Demand":1,"DemandMax":null,"Value":3762},{"Length":12,"Height":37,"Demand":1,"DemandMax":null,"Value":444},{"Length":6,"Height":39,"Demand":1,"DemandMax":null,"Value":234},{"Length":39,"Height":48,"Demand":1,"DemandMax":null,"Value":1872},{"Length":67,"Height":33,"Demand":1,"DemandMax":null,"Value":2211},{"Length":18,"Height":38,"Demand":2,"DemandMax":null,"Value":684},{"Length":27,"Height":30,"Demand":1,"DemandMax":null,"Value":810},{"Length":50,"Height":5,"Demand":1,"DemandMax":null,"Value":250},{"Length":79,"Height":80,"Demand":1,"DemandMax":null,"Value":6320},{"Length":35,"Height":50,"Demand":1,"DemandMax":null,"Value":1750},{"Length":10,"Height":33,"Demand":1,"DemandMax":null,"Value":330},{"Length":23,"Height":23,"Demand":1,"DemandMax":null,"Value":529},{"Length":14,"Height":24,"Demand":1,"DemandMax":null,"Value":336},{"Length":4,"Height":98,"Demand":1,"DemandMax":null,"Value":392},{"Length":71,"Height":2,"Demand":1,"DemandMax":null,"Value":142},{"Length":68,"Height":58,"Demand":1,"DemandMax":null,"Value":3944},{"Length":54,"Height":58,"Demand":1,"DemandMax":null,"Value":3132}]}