{"Name":"CLASS09_040_07","Objects":[{"Length":100,"Height":100,"Stock":null,"Cost":10000}],"Items":[{"Length":76,"Height":52,"Demand":1,"DemandMax":null,"Value":3952},{"Length":65,"Height":100,"Demand":1,"DemandMax":null,"Value":6500},{"Length":43,"Height":4,"Demand":1,"DemandMax":null,"Value":172},{"Length":2,"Height":89,"Demand":1,"DemandMax":null,"Value":178},{"Length":61,"Height":83,"Demand":1,"DemandMax":null,"Value":5063},{"Length":66,"Height":70,"Demand":1,"DemandMax":null,"Value":4620},{"Length":84,"Height":90,"Demand":1,"DemandMax":null,"Value":7560},{"Length":58,"Height":60,"Demand":1,"DemandMax":null,"Value":3480},{"Length":9,"Height":83,"Demand":1,"DemandMax":null,"Value":747},{"Length":29,"Height":68,"Demand":1,"DemandMax":null,"Value":1972},{"Length":91,"Height":39,"Demand":1,"DemandMax":null,"Value":3549},{"Length":77,"Height":99,"Demand":1,"DemandMax":null,"Value":7623},{"Length":18,"Height":29,"Demand":1,"DemandMax":null,"Value":522},{"Length":53,"Height":98,"Demand":1,"DemandMax":null,"Value":5194},{"Length":2,"Height":48,"Demand":1,"DemandMax":null,"Value":96},{"Length":8,"Height":100,"Demand":1,"DemandMax":null,"Value":800},{"Length":92,"Height":45,"Demand":1,"DemandMax":null,"Value":4140},{"Length":89,"Height":53,"Demand":1,"DemandMax":null,"Value":4717},{"Length":29,"Height":79,"Demand":1,"DemandMax":null,"Value":2291},{"Length":100,"Height":60,"Demand":1,"DemandMax":null,"Value":6000},{"Length":71,"Height":71,"Demand":1,"DemandMax":null,"Value":5041},{"Length":37,"Height":80,"Demand":1,"DemandMax":null,"Value":2960},{"Length":66,"Height":52,"Demand":1,"DemandMax":null,"Value":3432},{"Length":52,"Height":84,"Demand":1,"DemandMax":null,"Value":4368},{"Length":64,"Height":60,"Demand":1,"DemandMax":null,"Value":3840},{"Length":47,"Height":50,"Demand":1,"DemandMax":null,"Value":2350},{"Length":17,"Height":98,"Demand":1,"DemandMax":null,"Value":1666},{"Length":68,"Height":69,"Demand":1,"DemandMax":null,"Value":4692},{"Length":70,"Height":61,"Demand":1,"DemandMax":null,"Value":4270},{"Length":78,"Height":41,"Demand":1,"DemandMax":null,"Value":3198},{"Length":85,"Height":3,"Demand":1,"DemandMax":null,"Value":255},{"Length":95,"Height":66,"Demand":1,"DemandMax":null,"Value":6270},{"Length":88,"Height":73,"Demand":1,"DemandMax":null,"Value":6424},{"Length":100,"Height":94,"Demand":1,"DemandMax":null,"Value":9400},{"Length":1,"Height":80,"Demand":1,"DemandMax":null,"Value":80},{"Length":83,"Height":74,"Demand":1,"DemandMax":null,"Value":6142},{"Length":66,"Height":97,"Demand":1,"DemandMax":null,"Value":6402},{"Length":95,"Height":57,"Demand":1,"DemandMax":null,"Value":5415},{"Length":86,"Height":50,"Demand":1,"DemandMax":null,"Value":4300},{"Length":84,"Height":95,"Demand":1,"DemandMax":null,"Value":7980}]}