{"Name":"CLASS08_020_08","Objects":[{"Length":100,"Height":100,"Stock":null,"Cost":10000}],"Items":[{"Length":5,"Height":95,"Demand":1,"DemandMax":null,"Value":475},{"Length":9,"Height":92,"Demand":1,"DemandMax":null,"Value":828},{"Length":2,"Height":94,"Demand":1,"DemandMax":null,"Value":188},{"Length":27,"Height":79,"Demand":1,"DemandMax":null,"Value":2133},{"Length":2,"Height":78,"Demand":1,"DemandMax":null,"Value":156},{"Length":22,"Height":69,"Demand":1,"DemandMax":null,"Value":1518},{"Length":6,"Height":82,"Demand":1,"DemandMax":null,"Value":492},{"Length":46,"Height":95,"Demand":1,"DemandMax":null,"Value":4370},{"Length":12,"Height":70,"Demand":1,"DemandMax":null,"Value":840},{"Length":98,"Height":33,"Demand":1,"DemandMax":null,"Value":3234},{"Length":21,"Height":77,"Demand":1,"DemandMax":null,"Value":1617},{"Length":27,"Height":84,"Demand":1,"DemandMax":null,"Value":2268},{"Length":83,"Height":55,"Demand":1,"DemandMax":null,"Value":4565},{"Length":34,"Height":81,"Demand":1,"DemandMax":null,"Value":2754},{"Length":48,"Height":81,"Demand":1,"DemandMax":null,"Value":3888},{"Length":19,"Height":22,"Demand":1,"DemandMax":null,"Value":418},{"Length":16,"Height":77,"Demand":1,"DemandMax":null,"Value":1232},{"Length":32,"Height":82,"Demand":1,"DemandMax":null,"Value":2624},{"Length":86,"Height":89,"Demand":1,"DemandMax":null,"Value":7654},{"Length":23,"Height":29,"Demand":1,"DemandMax":null,"Value":667}]}