{"Name":"CLASS07_040_08","Objects":[{"Length":100,"Height":100,"Stock":null,"Cost":10000}],"Items":[{"Length":67,"Height":49,"Demand":1,"DemandMax":null,"Value":3283},{"Length":95,"Height":33,"Demand":1,"DemandMax":null,"Value":3135},{"Length":76,"Height":44,"Demand":1,"DemandMax":null,"Value":3344},{"Length":90,"Height":73,"Demand":1,"DemandMax":null,"Value":6570},{"Length":71,"Height":41,"Demand":1,"DemandMax":null,"Value":2911},{"Length":93,"Height":41,"Demand":1,"DemandMax":null,"Value":3813},{"Length":27,"Height":41,"Demand":1,"DemandMax":null,"Value":1107},{"Length":94,"Height":36,"Demand":1,"DemandMax":null,"Value":3384},{"Length":83,"Height":45,"Demand":1,"DemandMax":null,"Value":3735},{"Length":47,"Height":10,"Demand":1,"DemandMax":null,"Value":470},{"Length":50,"Height":66,"Demand":1,"DemandMax":null,"Value":3300},{"Length":5,"Height":73,"Demand":1,"DemandMax":null,"Value":365},{"Length":4,"Height":10,"Demand":1,"DemandMax":null,"Value":40},{"Length":76,"Height":41,"Demand":1,"DemandMax":null,"Value":3116},{"Length":35,"Height":81,"Demand":1,"DemandMax":null,"Value":2835},{"Length":86,"Height":48,"Demand":1,"DemandMax":null,"Value":4128},{"Length":96,"Height":37,"Demand":1,"DemandMax":null,"Value":3552},{"Length":98,"Height":33,"Demand":1,"DemandMax":null,"Value":3234},{"Length":31,"Height":5,"Demand":1,"DemandMax":null,"Value":155},{"Length":77,"Height":46,"Demand":1,"DemandMax":null,"Value":3542},{"Length":98,"Height":26,"Demand":1,"DemandMax":null,"Value":2548},{"Length":93,"Height":37,"Demand":1,"DemandMax":null,"Value":3441},{"Length":93,"Height":49,"Demand":1,"DemandMax":null,"Value":4557},{"Length":64,"Height":55,"Demand":1,"DemandMax":null,"Value":3520},{"Length":10,"Height":26,"Demand":1,"DemandMax":null,"Value":260},{"Length":96,"Height":3,"Demand":1,"DemandMax":null,"Value":288},{"Length":71,"Height":6,"Demand":1,"DemandMax":null,"Value":426},{"Length":83,"Height":28,"Demand":1,"DemandMax":null,"Value":2324},{"Length":36,"Height":92,"Demand":1,"DemandMax":null,"Value":3312},{"Length":72,"Height":30,"Demand":1,"DemandMax":null,"Value":2160},{"Length":40,"Height":23,"Demand":1,"DemandMax":null,"Value":920},{"Length":98,"Height":11,"Demand":1,"DemandMax":null,"Value":1078},{"Length":23,"Height":73,"Demand":1,"DemandMax":null,"Value":1679},{"Length":91,"Height":19,"Demand":1,"DemandMax":null,"Value":1729},{"Length":88,"Height":3,"Demand":1,"DemandMax":null,"Value":264},{"Length":86,"Height":6,"Demand":1,"DemandMax":null,"Value":516},{"Length":80,"Height":47,"Demand":1,"DemandMax":null,"Value":3760},{"Length":84,"Height":20,"Demand":1,"DemandMax":null,"Value":1680},{"Length":92,"Height":44,"Demand":1,"DemandMax":null,"Value":4048},{"Length":83,"Height":12,"Demand":1,"DemandMax":null,"Value":996}]}