{"Name":"CLASS05_020_07","Objects":[{"Length":100,"Height":100,"Stock":null,"Cost":10000}],"Items":[{"Length":96,"Height":42,"Demand":1,"DemandMax":null,"Value":4032},{"Length":94,"Height":5,"Demand":1,"DemandMax":null,"Value":470},{"Length":21,"Height":69,"Demand":1,"DemandMax":null,"Value":1449},{"Length":31,"Height":22,"Demand":1,"DemandMax":null,"Value":682},{"Length":15,"Height":88,"Demand":1,"DemandMax":null,"Value":1320},{"Length":93,"Height":20,"Demand":1,"DemandMax":null,"Value":1860},{"Length":23,"Height":9,"Demand":1,"DemandMax":null,"Value":207},{"Length":92,"Height":76,"Demand":1,"DemandMax":null,"Value":6992},{"Length":22,"Height":77,"Demand":1,"DemandMax":null,"Value":1694},{"Length":70,"Height":1,"Demand":1,"DemandMax":null,"Value":70},{"Length":24,"Height":70,"Demand":1,"DemandMax":null,"Value":1680},{"Length":7,"Height":40,"Demand":1,"DemandMax":null,"Value":280},{"Length":73,"Height":99,"Demand":1,"DemandMax":null,"Value":7227},{"Length":12,"Height":70,"Demand":1,"DemandMax":null,"Value":840},{"Length":47,"Height":8,"Demand":1,"DemandMax":null,"Value":376},{"Length":32,"Height":3,"Demand":1,"DemandMax":null,"Value":96},{"Length":57,"Height":76,"Demand":1,"DemandMax":null,"Value":4332},{"Length":43,"Height":82,"Demand":1,"DemandMax":null,"Value":3526},{"Length":47,"Height":12,"Demand":1,"DemandMax":null,"Value":564},{"Length":57,"Height":87,"Demand":1,"DemandMax":null,"Value":4959}]}