{"Name":"CLASS08_060_10","Objects":[{"Length":100,"Height":100,"Stock":null,"Cost":10000}],"Items":[{"Length":38,"Height":90,"Demand":1,"DemandMax":null,"Value":3420},{"Length":24,"Height":82,"Demand":1,"DemandMax":null,"Value":1968},{"Length":18,"Height":75,"Demand":1,"DemandMax":null,"Value":1350},{"Length":88,"Height":98,"Demand":1,"DemandMax":null,"Value":8624},{"Length":27,"Height":97,"Demand":1,"DemandMax":null,"Value":2619},{"Length":4,"Height":99,"Demand":1,"DemandMax":null,"Value":396},{"Length":14,"Height":85,"Demand":1,"DemandMax":null,"Value":1190},{"Length":24,"Height":85,"Demand":1,"DemandMax":null,"Value":2040},{"Length":28,"Height":76,"Demand":1,"DemandMax":null,"Value":2128},{"Length":46,"Height":35,"Demand":1,"DemandMax":null,"Value":1610},{"Length":20,"Height":69,"Demand":1,"DemandMax":null,"Value":1380},{"Length":21,"Height":79,"Demand":1,"DemandMax":null,"Value":1659},{"Length":41,"Height":99,"Demand":1,"DemandMax":null,"Value":4059},{"Length":49,"Height":88,"Demand":1,"DemandMax":null,"Value":4312},{"Length":39,"Height":96,"Demand":1,"DemandMax":null,"Value":3744},{"Length":30,"Height":82,"Demand":1,"DemandMax":null,"Value":2460},{"Length":15,"Height":95,"Demand":1,"DemandMax":null,"Value":1425},{"Length":14,"Height":95,"Demand":1,"DemandMax":null,"Value":1330},{"Length":19,"Height":96,"Demand":1,"DemandMax":null,"Value":1824},{"Length":50,"Height":93,"Demand":1,"DemandMax":null,"Value":4650},{"Length":1,"Height":99,"Demand":1,"DemandMax":null,"Value":99},{"Length":40,"Height":75,"Demand":1,"DemandMax":null,"Value":3000},{"Length":11,"Height":69,"Demand":1,"DemandMax":null,"Value":759},{"Length":82,"Height":66,"Demand":1,"DemandMax":null,"Value":5412},{"Length":49,"Height":76,"Demand":1,"DemandMax":null,"Value":3724},{"Length":85,"Height":47,"Demand":1,"DemandMax":null,"Value":3995},{"Length":64,"Height":79,"Demand":1,"DemandMax":null,"Value":5056},{"Length":27,"Height":69,"Demand":1,"DemandMax":null,"Value":1863},{"Length":8,"Height":97,"Demand":1,"DemandMax":null,"Value":776},{"Length":28,"Height":94,"Demand":1,"DemandMax":null,"Value":2632},{"Length":30,"Height":75,"Demand":1,"DemandMax":null,"Value":2250},{"Length":32,"Height":69,"Demand":1,"DemandMax":null,"Value":2208},{"Length":29,"Height":90,"Demand":1,"DemandMax":null,"Value":2610},{"Length":39,"Height":99,"Demand":1,"DemandMax":null,"Value":3861},{"Length":7,"Height":11,"Demand":1,"DemandMax":null,"Value":77},{"Length":100,"Height":18,"Demand":1,"DemandMax":null,"Value":1800},{"Length":61,"Height":88,"Demand":1,"DemandMax":null,"Value":5368},{"Length":12,"Height":76,"Demand":1,"DemandMax":null,"Value":912},{"Length":45,"Height":79,"Demand":1,"DemandMax":null,"Value":3555},{"Length":28,"Height":95,"Demand":1,"DemandMax":null,"Value":2660},{"Length":6,"Height":67,"Demand":1,"DemandMax":null,"Value":402},{"Length":47,"Height":46,"Demand":1,"DemandMax":null,"Value":2162},{"Length":45,"Height":39,"Demand":1,"DemandMax":null,"Value":1755},{"Length":19,"Height":84,"Demand":1,"DemandMax":null,"Value":1596},{"Length":12,"Height":85,"Demand":1,"DemandMax":null,"Value":1020},{"Length":44,"Height":91,"Demand":1,"DemandMax":null,"Value":4004},{"Length":56,"Height":70,"Demand":1,"DemandMax":null,"Value":3920},{"Length":21,"Height":82,"Demand":1,"DemandMax":null,"Value":1722},{"Length":30,"Height":77,"Demand":1,"DemandMax":null,"Value":2310},{"Length":2,"Height":93,"Demand":1,"DemandMax":null,"Value":186},{"Length":31,"Height":14,"Demand":1,"DemandMax":null,"Value":434},{"Length":35,"Height":89,"Demand":1,"DemandMax":null,"Value":3115},{"Length":9,"Height":76,"Demand":1,"DemandMax":null,"Value":684},{"Length":22,"Height":68,"Demand":1,"DemandMax":null,"Value":1496},{"Length":16,"Height":79,"Demand":1,"DemandMax":null,"Value":1264},{"Length":11,"Height":68,"Demand":1,"DemandMax":null,"Value":748},{"Length":50,"Height":84,"Demand":1,"DemandMax":null,"Value":4200},{"Length":3,"Height":87,"Demand":1,"DemandMax":null,"Value":261},{"Length":62,"Height":86,"Demand":1,"DemandMax":null,"Value":5332},{"Length":98,"Height":86,"Demand":1,"DemandMax":null,"Value":8428}]}