{"Name":"CLASS05_040_03","Objects":[{"Length":100,"Height":100,"Stock":null,"Cost":10000}],"Items":[{"Length":14,"Height":69,"Demand":1,"DemandMax":null,"Value":966},{"Length":74,"Height":13,"Demand":1,"DemandMax":null,"Value":962},{"Length":23,"Height":86,"Demand":1,"DemandMax":null,"Value":1978},{"Length":84,"Height":42,"Demand":1,"DemandMax":null,"Value":3528},{"Length":12,"Height":72,"Demand":1,"DemandMax":null,"Value":864},{"Length":97,"Height":96,"Demand":1,"DemandMax":null,"Value":9312},{"Length":60,"Height":71,"Demand":1,"DemandMax":null,"Value":4260},{"Length":57,"Height":86,"Demand":1,"DemandMax":null,"Value":4902},{"Length":77,"Height":62,"Demand":1,"DemandMax":null,"Value":4774},{"Length":41,"Height":56,"Demand":1,"DemandMax":null,"Value":2296},{"Length":7,"Height":56,"Demand":1,"DemandMax":null,"Value":392},{"Length":62,"Height":84,"Demand":1,"DemandMax":null,"Value":5208},{"Length":29,"Height":97,"Demand":1,"DemandMax":null,"Value":2813},{"Length":63,"Height":82,"Demand":1,"DemandMax":null,"Value":5166},{"Length":53,"Height":62,"Demand":1,"DemandMax":null,"Value":3286},{"Length":22,"Height":93,"Demand":1,"DemandMax":null,"Value":2046},{"Length":25,"Height":64,"Demand":1,"DemandMax":null,"Value":1600},{"Length":50,"Height":96,"Demand":1,"DemandMax":null,"Value":4800},{"Length":21,"Height":45,"Demand":1,"DemandMax":null,"Value":945},{"Length":92,"Height":1,"Demand":1,"DemandMax":null,"Value":92},{"Length":53,"Height":85,"Demand":1,"DemandMax":null,"Value":4505},{"Length":26,"Height":54,"Demand":1,"DemandMax":null,"Value":1404},{"Length":66,"Height":95,"Demand":1,"DemandMax":null,"Value":6270},{"Length":62,"Height":31,"Demand":1,"DemandMax":null,"Value":1922},{"Length":37,"Height":17,"Demand":1,"DemandMax":null,"Value":629},{"Length":45,"Height":44,"Demand":1,"DemandMax":null,"Value":1980},{"Length":77,"Height":32,"Demand":1,"DemandMax":null,"Value":2464},{"Length":53,"Height":37,"Demand":1,"DemandMax":null,"Value":1961},{"Length":31,"Height":49,"Demand":1,"DemandMax":null,"Value":1519},{"Length":97,"Height":89,"Demand":1,"DemandMax":null,"Value":8633},{"Length":76,"Height":13,"Demand":1,"DemandMax":null,"Value":988},{"Length":22,"Height":10,"Demand":1,"DemandMax":null,"Value":220},{"Length":24,"Height":2,"Demand":1,"DemandMax":null,"Value":48},{"Length":4,"Height":44,"Demand":1,"DemandMax":null,"Value":176},{"Length":18,"Height":26,"Demand":1,"DemandMax":null,"Value":468},{"Length":56,"Height":70,"Demand":1,"DemandMax":null,"Value":3920},{"Length":38,"Height":32,"Demand":1,"DemandMax":null,"Value":1216},{"Length":21,"Height":99,"Demand":1,"DemandMax":null,"Value":2079},{"Length":94,"Height":95,"Demand":1,"DemandMax":null,"Value":8930},{"Length":78,"Height":75,"Demand":1,"DemandMax":null,"Value":5850}]}