{"Name":"CLASS07_080_07","Objects":[{"Length":100,"Height":100,"Stock":null,"Cost":10000}],"Items":[{"Length":65,"Height":80,"Demand":1,"DemandMax":null,"Value":5200},{"Length":95,"Height":23,"Demand":1,"DemandMax":null,"Value":2185},{"Length":88,"Height":48,"Demand":1,"DemandMax":null,"Value":4224},{"Length":86,"Height":24,"Demand":1,"DemandMax":null,"Value":2064},{"Length":67,"Height":44,"Demand":1,"DemandMax":null,"Value":2948},{"Length":96,"Height":28,"Demand":1,"DemandMax":null,"Value":2688},{"Length":25,"Height":18,"Demand":1,"DemandMax":null,"Value":450},{"Length":91,"Height":35,"Demand":1,"DemandMax":null,"Value":3185},{"Length":100,"Height":20,"Demand":1,"DemandMax":null,"Value":2000},{"Length":70,"Height":44,"Demand":1,"DemandMax":null,"Value":3080},{"Length":28,"Height":50,"Demand":1,"DemandMax":null,"Value":1400},{"Length":6,"Height":7,"Demand":1,"DemandMax":null,"Value":42},{"Length":72,"Height":8,"Demand":1,"DemandMax":null,"Value":576},{"Length":32,"Height":22,"Demand":1,"DemandMax":null,"Value":704},{"Length":96,"Height":44,"Demand":1,"DemandMax":null,"Value":4224},{"Length":91,"Height":41,"Demand":1,"DemandMax":null,"Value":3731},{"Length":31,"Height":7,"Demand":1,"DemandMax":null,"Value":217},{"Length":78,"Height":12,"Demand":1,"DemandMax":null,"Value":936},{"Length":21,"Height":99,"Demand":1,"DemandMax":null,"Value":2079},{"Length":86,"Height":36,"Demand":1,"DemandMax":null,"Value":3096},{"Length":75,"Height":18,"Demand":1,"DemandMax":null,"Value":1350},{"Length":77,"Height":14,"Demand":1,"DemandMax":null,"Value":1078},{"Length":72,"Height":16,"Demand":1,"DemandMax":null,"Value":1152},{"Length":88,"Height":44,"Demand":1,"DemandMax":null,"Value":3872},{"Length":71,"Height":41,"Demand":1,"DemandMax":null,"Value":2911},{"Length":84,"Height":27,"Demand":1,"DemandMax":null,"Value":2268},{"Length":72,"Height":44,"Demand":1,"DemandMax":null,"Value":3168},{"Length":99,"Height":13,"Demand":1,"DemandMax":null,"Value":1287},{"Length":75,"Height":25,"Demand":1,"DemandMax":null,"Value":1875},{"Length":99,"Height":1,"Demand":1,"DemandMax":null,"Value":99},{"Length":80,"Height":35,"Demand":1,"DemandMax":null,"Value":2800},{"Length":84,"Height":43,"Demand":1,"DemandMax":null,"Value":3612},{"Length":82,"Height":71,"Demand":1,"DemandMax":null,"Value":5822},{"Length":32,"Height":92,"Demand":1,"DemandMax":null,"Value":2944},{"Length":97,"Height":36,"Demand":1,"DemandMax":null,"Value":3492},{"Length":65,"Height":85,"Demand":1,"DemandMax":null,"Value":5525},{"Length":73,"Height":29,"Demand":1,"DemandMax":null,"Value":2117},{"Length":84,"Height":36,"Demand":1,"DemandMax":null,"Value":3024},{"Length":31,"Height":100,"Demand":1,"DemandMax":null,"Value":3100},{"Length":66,"Height":89,"Demand":1,"DemandMax":null,"Value":5874},{"Length":67,"Height":49,"Demand":1,"DemandMax":null,"Value":3283},{"Length":89,"Height":46,"Demand":1,"DemandMax":null,"Value":4094},{"Length":84,"Height":25,"Demand":1,"DemandMax":null,"Value":2100},{"Length":85,"Height":5,"Demand":1,"DemandMax":null,"Value":425},{"Length":69,"Height":30,"Demand":1,"DemandMax":null,"Value":2070},{"Length":2,"Height":17,"Demand":1,"DemandMax":null,"Value":34},{"Length":36,"Height":74,"Demand":1,"DemandMax":null,"Value":2664},{"Length":67,"Height":32,"Demand":1,"DemandMax":null,"Value":2144},{"Length":79,"Height":22,"Demand":1,"DemandMax":null,"Value":1738},{"Length":87,"Height":50,"Demand":1,"DemandMax":null,"Value":4350},{"Length":70,"Height":10,"Demand":1,"DemandMax":null,"Value":700},{"Length":92,"Height":21,"Demand":1,"DemandMax":null,"Value":1932},{"Length":46,"Height":27,"Demand":1,"DemandMax":null,"Value":1242},{"Length":81,"Height":45,"Demand":1,"DemandMax":null,"Value":3645},{"Length":39,"Height":80,"Demand":1,"DemandMax":null,"Value":3120},{"Length":90,"Height":22,"Demand":1,"DemandMax":null,"Value":1980},{"Length":89,"Height":43,"Demand":1,"DemandMax":null,"Value":3827},{"Length":84,"Height":2,"Demand":1,"DemandMax":null,"Value":168},{"Length":88,"Height":43,"Demand":1,"DemandMax":null,"Value":3784},{"Length":97,"Height":34,"Demand":1,"DemandMax":null,"Value":3298},{"Length":89,"Height":20,"Demand":1,"DemandMax":null,"Value":1780},{"Length":94,"Height":20,"Demand":1,"DemandMax":null,"Value":1880},{"Length":91,"Height":26,"Demand":1,"DemandMax":null,"Value":2366},{"Length":76,"Height":8,"Demand":1,"DemandMax":null,"Value":608},{"Length":45,"Height":72,"Demand":1,"DemandMax":null,"Value":3240},{"Length":78,"Height":49,"Demand":1,"DemandMax":null,"Value":3822},{"Length":5,"Height":21,"Demand":1,"DemandMax":null,"Value":105},{"Length":99,"Height":44,"Demand":1,"DemandMax":null,"Value":4356},{"Length":77,"Height":11,"Demand":1,"DemandMax":null,"Value":847},{"Length":55,"Height":91,"Demand":1,"DemandMax":null,"Value":5005},{"Length":88,"Height":28,"Demand":1,"DemandMax":null,"Value":2464},{"Length":95,"Height":41,"Demand":1,"DemandMax":null,"Value":3895},{"Length":51,"Height":73,"Demand":1,"DemandMax":null,"Value":3723},{"Length":55,"Height":94,"Demand":1,"DemandMax":null,"Value":5170},{"Length":82,"Height":47,"Demand":1,"DemandMax":null,"Value":3854},{"Length":99,"Height":50,"Demand":1,"DemandMax":null,"Value":4950},{"Length":48,"Height":99,"Demand":1,"DemandMax":null,"Value":4752},{"Length":78,"Height":9,"Demand":1,"DemandMax":null,"Value":702},{"Length":83,"Height":27,"Demand":1,"DemandMax":null,"Value":2241},{"Length":76,"Height":21,"Demand":1,"DemandMax":null,"Value":1596}]}