{"Name":"CLASS07_020_09","Objects":[{"Length":100,"Height":100,"Stock":null,"Cost":10000}],"Items":[{"Length":78,"Height":27,"Demand":1,"DemandMax":null,"Value":2106},{"Length":99,"Height":22,"Demand":1,"DemandMax":null,"Value":2178},{"Length":49,"Height":86,"Demand":1,"DemandMax":null,"Value":4214},{"Length":91,"Height":45,"Demand":1,"DemandMax":null,"Value":4095},{"Length":7,"Height":90,"Demand":1,"DemandMax":null,"Value":630},{"Length":84,"Height":45,"Demand":1,"DemandMax":null,"Value":3780},{"Length":95,"Height":44,"Demand":1,"DemandMax":null,"Value":4180},{"Length":80,"Height":24,"Demand":1,"DemandMax":null,"Value":1920},{"Length":70,"Height":5,"Demand":1,"DemandMax":null,"Value":350},{"Length":68,"Height":80,"Demand":1,"DemandMax":null,"Value":5440},{"Length":99,"Height":20,"Demand":1,"DemandMax":null,"Value":1980},{"Length":78,"Height":15,"Demand":1,"DemandMax":null,"Value":1170},{"Length":78,"Height":37,"Demand":1,"DemandMax":null,"Value":2886},{"Length":80,"Height":28,"Demand":1,"DemandMax":null,"Value":2240},{"Length":77,"Height":7,"Demand":1,"DemandMax":null,"Value":539},{"Length":26,"Height":18,"Demand":1,"DemandMax":null,"Value":468},{"Length":95,"Height":30,"Demand":1,"DemandMax":null,"Value":2850},{"Length":89,"Height":37,"Demand":1,"DemandMax":null,"Value":3293},{"Length":97,"Height":6,"Demand":1,"DemandMax":null,"Value":582},{"Length":97,"Height":33,"Demand":1,"DemandMax":null,"Value":3201}]}