{"Name":"CLASS05_020_10","Objects":[{"Length":100,"Height":100,"Stock":null,"Cost":10000}],"Items":[{"Length":77,"Height":95,"Demand":1,"DemandMax":null,"Value":7315},{"Length":53,"Height":50,"Demand":1,"DemandMax":null,"Value":2650},{"Length":30,"Height":11,"Demand":1,"DemandMax":null,"Value":330},{"Length":95,"Height":100,"Demand":1,"DemandMax":null,"Value":9500},{"Length":73,"Height":73,"Demand":1,"DemandMax":null,"Value":5329},{"Length":18,"Height":19,"Demand":1,"DemandMax":null,"Value":342},{"Length":19,"Height":60,"Demand":1,"DemandMax":null,"Value":1140},{"Length":99,"Height":52,"Demand":1,"DemandMax":null,"Value":5148},{"Length":12,"Height":83,"Demand":1,"DemandMax":null,"Value":996},{"Length":49,"Height":76,"Demand":1,"DemandMax":null,"Value":3724},{"Length":30,"Height":87,"Demand":1,"DemandMax":null,"Value":2610},{"Length":13,"Height":3,"Demand":1,"DemandMax":null,"Value":39},{"Length":84,"Height":48,"Demand":1,"DemandMax":null,"Value":4032},{"Length":68,"Height":77,"Demand":1,"DemandMax":null,"Value":5236},{"Length":19,"Height":79,"Demand":1,"DemandMax":null,"Value":1501},{"Length":26,"Height":76,"Demand":1,"DemandMax":null,"Value":1976},{"Length":11,"Height":24,"Demand":1,"DemandMax":null,"Value":264},{"Length":31,"Height":11,"Demand":1,"DemandMax":null,"Value":341},{"Length":73,"Height":60,"Demand":1,"DemandMax":null,"Value":4380},{"Length":60,"Height":26,"Demand":1,"DemandMax":null,"Value":1560}]}