{"Name":"CLASS03_100_02","Objects":[{"Length":40,"Height":40,"Stock":null,"Cost":1600}],"Items":[{"Length":27,"Height":34,"Demand":2,"DemandMax":null,"Value":918},{"Length":19,"Height":18,"Demand":1,"DemandMax":null,"Value":342},{"Length":11,"Height":4,"Demand":2,"DemandMax":null,"Value":44},{"Length":34,"Height":35,"Demand":1,"DemandMax":null,"Value":1190},{"Length":26,"Height":26,"Demand":1,"DemandMax":null,"Value":676},{"Length":7,"Height":7,"Demand":1,"DemandMax":null,"Value":49},{"Length":7,"Height":21,"Demand":1,"DemandMax":null,"Value":147},{"Length":35,"Height":19,"Demand":1,"DemandMax":null,"Value":665},{"Length":5,"Height":29,"Demand":1,"DemandMax":null,"Value":145},{"Length":17,"Height":27,"Demand":1,"DemandMax":null,"Value":459},{"Length":11,"Height":31,"Demand":1,"DemandMax":null,"Value":341},{"Length":5,"Height":2,"Demand":1,"DemandMax":null,"Value":10},{"Length":30,"Height":17,"Demand":1,"DemandMax":null,"Value":510},{"Length":24,"Height":27,"Demand":1,"DemandMax":null,"Value":648},{"Length":7,"Height":28,"Demand":1,"DemandMax":null,"Value":196},{"Length":9,"Height":27,"Demand":1,"DemandMax":null,"Value":243},{"Length":4,"Height":9,"Demand":1,"DemandMax":null,"Value":36},{"Length":26,"Height":21,"Demand":1,"DemandMax":null,"Value":546},{"Length":21,"Height":9,"Demand":2,"DemandMax":null,"Value":189},{"Length":17,"Height":35,"Demand":1,"DemandMax":null,"Value":595},{"Length":9,"Height":35,"Demand":1,"DemandMax":null,"Value":315},{"Length":6,"Height":30,"Demand":1,"DemandMax":null,"Value":180},{"Length":25,"Height":15,"Demand":1,"DemandMax":null,"Value":375},{"Length":30,"Height":33,"Demand":1,"DemandMax":null,"Value":990},{"Length":27,"Height":35,"Demand":1,"DemandMax":null,"Value":945},{"Length":1,"Height":15,"Demand":1,"DemandMax":null,"Value":15},{"Length":18,"Height":16,"Demand":1,"DemandMax":null,"Value":288},{"Length":15,"Height":24,"Demand":1,"DemandMax":null,"Value":360},{"Length":13,"Height":34,"Demand":1,"DemandMax":null,"Value":442},{"Length":7,"Height":19,"Demand":1,"DemandMax":null,"Value":133},{"Length":6,"Height":33,"Demand":1,"DemandMax":null,"Value":198},{"Length":27,"Height":3,"Demand":1,"DemandMax":null,"Value":81},{"Length":34,"Height":6,"Demand":1,"DemandMax":null,"Value":204},{"Length":33,"Height":27,"Demand":1,"DemandMax":null,"Value":891},{"Length":9,"Height":26,"Demand":1,"DemandMax":null,"Value":234},{"Length":28,"Height":12,"Demand":1,"DemandMax":null,"Value":336},{"Length":27,"Height":5,"Demand":1,"DemandMax":null,"Value":135},{"Length":23,"Height":3,"Demand":1,"DemandMax":null,"Value":69},{"Length":24,"Height":2,"Demand":1,"DemandMax":null,"Value":48},{"Length":13,"Height":26,"Demand":1,"DemandMax":null,"Value":338},{"Length":21,"Height":14,"Demand":1,"DemandMax":null,"Value":294},{"Length":22,"Height":19,"Demand":1,"DemandMax":null,"Value":418},{"Length":35,"Height":3,"Demand":1,"DemandMax":null,"Value":105},{"Length":23,"Height":21,"Demand":1,"DemandMax":null,"Value":483},{"Length":25,"Height":35,"Demand":1,"DemandMax":null,"Value":875},{"Length":23,"Height":24,"Demand":1,"DemandMax":null,"Value":552},{"Length":25,"Height":7,"Demand":1,"DemandMax":null,"Value":175},{"Length":16,"Height":16,"Demand":1,"DemandMax":null,"Value":256},{"Length":27,"Height":23,"Demand":1,"DemandMax":null,"Value":621},{"Length":30,"Height":13,"Demand":1,"DemandMax":null,"Value":390},{"Length":10,"Height":17,"Demand":1,"DemandMax":null,"Value":170},{"Length":33,"Height":7,"Demand":1,"DemandMax":null,"Value":231},{"Length":2,"Height":3,"Demand":1,"DemandMax":null,"Value":6},{"Length":6,"Height":2,"Demand":1,"DemandMax":null,"Value":12},{"Length":6,"Height":10,"Demand":1,"DemandMax":null,"Value":60},{"Length":10,"Height":13,"Demand":1,"DemandMax":null,"Value":130},{"Length":3,"Height":6,"Demand":1,"DemandMax":null,"Value":18},{"Length":16,"Height":33,"Demand":1,"DemandMax":null,"Value":528},{"Length":21,"Height":7,"Demand":1,"DemandMax":null,"Value":147},{"Length":3,"Height":31,"Demand":1,"DemandMax":null,"Value":93},{"Length":28,"Height":6,"Demand":1,"DemandMax":null,"Value":168},{"Length":34,"Height":21,"Demand":1,"DemandMax":null,"Value":714},{"Length":5,"Height":4,"Demand":1,"DemandMax":null,"Value":20},{"Length":7,"Height":32,"Demand":1,"DemandMax":null,"Value":224},{"Length":14,"Height":20,"Demand":1,"DemandMax":null,"Value":280},{"Length":9,"Height":33,"Demand":1,"DemandMax":null,"Value":297},{"Length":24,"Height":9,"Demand":1,"DemandMax":null,"Value":216},{"Length":31,"Height":3,"Demand":1,"DemandMax":null,"Value":93},{"Length":15,"Height":11,"Demand":1,"DemandMax":null,"Value":165},{"Length":7,"Height":5,"Demand":1,"DemandMax":null,"Value":35},{"Length":15,"Height":5,"Demand":1,"DemandMax":null,"Value":75},{"Length":23,"Height":8,"Demand":2,"DemandMax":null,"Value":184},{"Length":27,"Height":21,"Demand":1,"DemandMax":null,"Value":567},{"Length":1,"Height":28,"Demand":1,"DemandMax":null,"Value":28},{"Length":33,"Height":25,"Demand":1,"DemandMax":null,"Value":825},{"Length":15,"Height":21,"Demand":1,"DemandMax":null,"Value":315},{"Length":24,"Height":34,"Demand":1,"DemandMax":null,"Value":816},{"Length":10,"Height":26,"Demand":1,"DemandMax":null,"Value":260},{"Length":4,"Height":5,"Demand":1,"DemandMax":null,"Value":20},{"Length":14,"Height":25,"Demand":1,"DemandMax":null,"Value":350},{"Length":24,"Height":12,"Demand":1,"DemandMax":null,"Value":288},{"Length":30,"Height":10,"Demand":1,"DemandMax":null,"Value":300},{"Length":6,"Height":1,"Demand":1,"DemandMax":null,"Value":6},{"Length":5,"Height":18,"Demand":1,"DemandMax":null,"Value":90},{"Length":24,"Height":33,"Demand":1,"DemandMax":null,"Value":792},{"Length":35,"Height":31,"Demand":1,"DemandMax":null,"Value":1085},{"Length":19,"Height":7,"Demand":1,"DemandMax":null,"Value":133},{"Length":31,"Height":11,"Demand":1,"DemandMax":null,"Value":341},{"Length":8,"Height":18,"Demand":1,"DemandMax":null,"Value":144},{"Length":17,"Height":34,"Demand":1,"DemandMax":null,"Value":578},{"Length":29,"Height":10,"Demand":1,"DemandMax":null,"Value":290},{"Length":31,"Height":12,"Demand":1,"DemandMax":null,"Value":372},{"Length":16,"Height":12,"Demand":1,"DemandMax":null,"Value":192},{"Length":30,"Height":29,"Demand":1,"DemandMax":null,"Value":870},{"Length":20,"Height":26,"Demand":1,"DemandMax":null,"Value":520},{"Length":18,"Height":9,"Demand":1,"DemandMax":null,"Value":162}]}