{"Name":"CLASS03_040_01","Objects":[{"Length":40,"Height":40,"Stock":null,"Cost":1600}],"Items":[{"Length":7,"Height":6,"Demand":1,"DemandMax":null,"Value":42},{"Length":18,"Height":25,"Demand":1,"DemandMax":null,"Value":450},{"Length":34,"Height":4,"Demand":1,"DemandMax":null,"Value":136},{"Length":3,"Height":9,"Demand":1,"DemandMax":null,"Value":27},{"Length":26,"Height":12,"Demand":1,"DemandMax":null,"Value":312},{"Length":8,"Height":32,"Demand":1,"DemandMax":null,"Value":256},{"Length":1,"Height":31,"Demand":1,"DemandMax":null,"Value":31},{"Length":2,"Height":17,"Demand":1,"DemandMax":null,"Value":34},{"Length":19,"Height":9,"Demand":1,"DemandMax":null,"Value":171},{"Length":1,"Height":3,"Demand":1,"DemandMax":null,"Value":3},{"Length":14,"Height":7,"Demand":1,"DemandMax":null,"Value":98},{"Length":32,"Height":6,"Demand":1,"DemandMax":null,"Value":192},{"Length":3,"Height":30,"Demand":1,"DemandMax":null,"Value":90},{"Length":29,"Height":17,"Demand":1,"DemandMax":null,"Value":493},{"Length":12,"Height":22,"Demand":1,"DemandMax":null,"Value":264},{"Length":7,"Height":5,"Demand":1,"DemandMax":null,"Value":35},{"Length":10,"Height":11,"Demand":1,"DemandMax":null,"Value":110},{"Length":29,"Height":23,"Demand":1,"DemandMax":null,"Value":667},{"Length":13,"Height":2,"Demand":1,"DemandMax":null,"Value":26},{"Length":29,"Height":25,"Demand":1,"DemandMax":null,"Value":725},{"Length":13,"Height":8,"Demand":1,"DemandMax":null,"Value":104},{"Length":21,"Height":17,"Demand":1,"DemandMax":null,"Value":357},{"Length":14,"Height":24,"Demand":1,"DemandMax":null,"Value":336},{"Length":35,"Height":13,"Demand":1,"DemandMax":null,"Value":455},{"Length":32,"Height":17,"Demand":1,"DemandMax":null,"Value":544},{"Length":2,"Height":7,"Demand":1,"DemandMax":null,"Value":14},{"Length":23,"Height":3,"Demand":1,"DemandMax":null,"Value":69},{"Length":9,"Height":1,"Demand":1,"DemandMax":null,"Value":9},{"Length":27,"Height":9,"Demand":1,"DemandMax":null,"Value":243},{"Length":13,"Height":12,"Demand":1,"DemandMax":null,"Value":156},{"Length":23,"Height":5,"Demand":1,"DemandMax":null,"Value":115},{"Length":18,"Height":31,"Demand":1,"DemandMax":null,"Value":558},{"Length":6,"Height":5,"Demand":1,"DemandMax":null,"Value":30},{"Length":5,"Height":28,"Demand":1,"DemandMax":null,"Value":140},{"Length":12,"Height":3,"Demand":1,"DemandMax":null,"Value":36},{"Length":35,"Height":18,"Demand":1,"DemandMax":null,"Value":630},{"Length":23,"Height":1,"Demand":1,"DemandMax":null,"Value":23},{"Length":8,"Height":29,"Demand":1,"DemandMax":null,"Value":232},{"Length":31,"Height":16,"Demand":1,"DemandMax":null,"Value":496},{"Length":9,"Height":28,"Demand":1,"DemandMax":null,"Value":252}]}