{"Name":"CLASS09_020_04","Objects":[{"Length":100,"Height":100,"Stock":null,"Cost":10000}],"Items":[{"Length":60,"Height":69,"Demand":1,"DemandMax":null,"Value":4140},{"Length":84,"Height":31,"Demand":1,"DemandMax":null,"Value":2604},{"Length":18,"Height":91,"Demand":1,"DemandMax":null,"Value":1638},{"Length":78,"Height":55,"Demand":1,"DemandMax":null,"Value":4290},{"Length":77,"Height":81,"Demand":1,"DemandMax":null,"Value":6237},{"Length":57,"Height":83,"Demand":1,"DemandMax":null,"Value":4731},{"Length":90,"Height":53,"Demand":1,"DemandMax":null,"Value":4770},{"Length":65,"Height":62,"Demand":1,"DemandMax":null,"Value":4030},{"Length":54,"Height":53,"Demand":1,"DemandMax":null,"Value":2862},{"Length":51,"Height":96,"Demand":1,"DemandMax":null,"Value":4896},{"Length":73,"Height":82,"Demand":1,"DemandMax":null,"Value":5986},{"Length":65,"Height":82,"Demand":1,"DemandMax":null,"Value":5330},{"Length":95,"Height":89,"Demand":1,"DemandMax":null,"Value":8455},{"Length":56,"Height":71,"Demand":1,"DemandMax":null,"Value":3976},{"Length":79,"Height":23,"Demand":1,"DemandMax":null,"Value":1817},{"Length":76,"Height":63,"Demand":1,"DemandMax":null,"Value":4788},{"Length":47,"Height":35,"Demand":1,"DemandMax":null,"Value":1645},{"Length":73,"Height":57,"Demand":1,"DemandMax":null,"Value":4161},{"Length":76,"Height":75,"Demand":1,"DemandMax":null,"Value":5700},{"Length":99,"Height":55,"Demand":1,"DemandMax":null,"Value":5445}]}