{"Name":"CLASS06_040_04","Objects":[{"Length":300,"Height":300,"Stock":null,"Cost":90000}],"Items":[{"Length":85,"Height":41,"Demand":1,"DemandMax":null,"Value":3485},{"Length":37,"Height":9,"Demand":1,"DemandMax":null,"Value":333},{"Length":18,"Height":77,"Demand":1,"DemandMax":null,"Value":1386},{"Length":83,"Height":34,"Demand":1,"DemandMax":null,"Value":2822},{"Length":20,"Height":4,"Demand":1,"DemandMax":null,"Value":80},{"Length":53,"Height":40,"Demand":1,"DemandMax":null,"Value":2120},{"Length":37,"Height":33,"Demand":1,"DemandMax":null,"Value":1221},{"Length":60,"Height":4,"Demand":1,"DemandMax":null,"Value":240},{"Length":44,"Height":10,"Demand":1,"DemandMax":null,"Value":440},{"Length":46,"Height":38,"Demand":1,"DemandMax":null,"Value":1748},{"Length":55,"Height":11,"Demand":1,"DemandMax":null,"Value":605},{"Length":91,"Height":85,"Demand":1,"DemandMax":null,"Value":7735},{"Length":12,"Height":48,"Demand":1,"DemandMax":null,"Value":576},{"Length":6,"Height":23,"Demand":1,"DemandMax":null,"Value":138},{"Length":94,"Height":66,"Demand":1,"DemandMax":null,"Value":6204},{"Length":33,"Height":64,"Demand":1,"DemandMax":null,"Value":2112},{"Length":12,"Height":42,"Demand":1,"DemandMax":null,"Value":504},{"Length":53,"Height":53,"Demand":1,"DemandMax":null,"Value":2809},{"Length":11,"Height":87,"Demand":1,"DemandMax":null,"Value":957},{"Length":75,"Height":66,"Demand":1,"DemandMax":null,"Value":4950},{"Length":67,"Height":45,"Demand":1,"DemandMax":null,"Value":3015},{"Length":44,"Height":15,"Demand":1,"DemandMax":null,"Value":660},{"Length":93,"Height":96,"Demand":1,"DemandMax":null,"Value":8928},{"Length":38,"Height":44,"Demand":1,"DemandMax":null,"Value":1672},{"Length":33,"Height":48,"Demand":1,"DemandMax":null,"Value":1584},{"Length":67,"Height":31,"Demand":1,"DemandMax":null,"Value":2077},{"Length":64,"Height":48,"Demand":1,"DemandMax":null,"Value":3072},{"Length":78,"Height":88,"Demand":1,"DemandMax":null,"Value":6864},{"Length":98,"Height":73,"Demand":1,"DemandMax":null,"Value":7154},{"Length":46,"Height":58,"Demand":1,"DemandMax":null,"Value":2668},{"Length":78,"Height":33,"Demand":1,"DemandMax":null,"Value":2574},{"Length":83,"Height":20,"Demand":1,"DemandMax":null,"Value":1660},{"Length":84,"Height":74,"Demand":1,"DemandMax":null,"Value":6216},{"Length":35,"Height":85,"Demand":1,"DemandMax":null,"Value":2975},{"Length":25,"Height":74,"Demand":1,"DemandMax":null,"Value":1850},{"Length":77,"Height":96,"Demand":1,"DemandMax":null,"Value":7392},{"Length":47,"Height":42,"Demand":1,"DemandMax":null,"Value":1974},{"Length":23,"Height":33,"Demand":1,"DemandMax":null,"Value":759},{"Length":27,"Height":24,"Demand":1,"DemandMax":null,"Value":648},{"Length":15,"Height":5,"Demand":1,"DemandMax":null,"Value":75}]}