{"Name":"CLASS05_100_05","Objects":[{"Length":100,"Height":100,"Stock":null,"Cost":10000}],"Items":[{"Length":8,"Height":83,"Demand":2,"DemandMax":null,"Value":664},{"Length":6,"Height":85,"Demand":1,"DemandMax":null,"Value":510},{"Length":54,"Height":43,"Demand":1,"DemandMax":null,"Value":2322},{"Length":42,"Height":79,"Demand":1,"DemandMax":null,"Value":3318},{"Length":92,"Height":49,"Demand":1,"DemandMax":null,"Value":4508},{"Length":59,"Height":43,"Demand":1,"DemandMax":null,"Value":2537},{"Length":32,"Height":81,"Demand":1,"DemandMax":null,"Value":2592},{"Length":34,"Height":20,"Demand":1,"DemandMax":null,"Value":680},{"Length":19,"Height":48,"Demand":1,"DemandMax":null,"Value":912},{"Length":78,"Height":88,"Demand":1,"DemandMax":null,"Value":6864},{"Length":32,"Height":96,"Demand":1,"DemandMax":null,"Value":3072},{"Length":36,"Height":59,"Demand":1,"DemandMax":null,"Value":2124},{"Length":80,"Height":1,"Demand":1,"DemandMax":null,"Value":80},{"Length":85,"Height":78,"Demand":1,"DemandMax":null,"Value":6630},{"Length":8,"Height":76,"Demand":1,"DemandMax":null,"Value":608},{"Length":37,"Height":21,"Demand":1,"DemandMax":null,"Value":777},{"Length":95,"Height":65,"Demand":1,"DemandMax":null,"Value":6175},{"Length":36,"Height":99,"Demand":1,"DemandMax":null,"Value":3564},{"Length":51,"Height":45,"Demand":1,"DemandMax":null,"Value":2295},{"Length":60,"Height":59,"Demand":1,"DemandMax":null,"Value":3540},{"Length":20,"Height":28,"Demand":1,"DemandMax":null,"Value":560},{"Length":20,"Height":76,"Demand":1,"DemandMax":null,"Value":1520},{"Length":81,"Height":58,"Demand":1,"DemandMax":null,"Value":4698},{"Length":60,"Height":63,"Demand":1,"DemandMax":null,"Value":3780},{"Length":45,"Height":13,"Demand":1,"DemandMax":null,"Value":585},{"Length":58,"Height":63,"Demand":1,"DemandMax":null,"Value":3654},{"Length":56,"Height":3,"Demand":1,"DemandMax":null,"Value":168},{"Length":26,"Height":55,"Demand":1,"DemandMax":null,"Value":1430},{"Length":91,"Height":74,"Demand":1,"DemandMax":null,"Value":6734},{"Length":7,"Height":50,"Demand":1,"DemandMax":null,"Value":350},{"Length":63,"Height":3,"Demand":1,"DemandMax":null,"Value":189},{"Length":80,"Height":91,"Demand":1,"DemandMax":null,"Value":7280},{"Length":14,"Height":2,"Demand":1,"DemandMax":null,"Value":28},{"Length":55,"Height":58,"Demand":1,"DemandMax":null,"Value":3190},{"Length":24,"Height":14,"Demand":1,"DemandMax":null,"Value":336},{"Length":77,"Height":60,"Demand":1,"DemandMax":null,"Value":4620},{"Length":3,"Height":17,"Demand":1,"DemandMax":null,"Value":51},{"Length":25,"Height":42,"Demand":1,"DemandMax":null,"Value":1050},{"Length":96,"Height":24,"Demand":1,"DemandMax":null,"Value":2304},{"Length":81,"Height":77,"Demand":1,"DemandMax":null,"Value":6237},{"Length":71,"Height":93,"Demand":1,"DemandMax":null,"Value":6603},{"Length":68,"Height":55,"Demand":1,"DemandMax":null,"Value":3740},{"Length":93,"Height":17,"Demand":1,"DemandMax":null,"Value":1581},{"Length":2,"Height":69,"Demand":1,"DemandMax":null,"Value":138},{"Length":84,"Height":32,"Demand":1,"DemandMax":null,"Value":2688},{"Length":61,"Height":63,"Demand":1,"DemandMax":null,"Value":3843},{"Length":88,"Height":50,"Demand":1,"DemandMax":null,"Value":4400},{"Length":55,"Height":15,"Demand":1,"DemandMax":null,"Value":825},{"Length":84,"Height":15,"Demand":1,"DemandMax":null,"Value":1260},{"Length":30,"Height":37,"Demand":1,"DemandMax":null,"Value":1110},{"Length":83,"Height":4,"Demand":1,"DemandMax":null,"Value":332},{"Length":64,"Height":73,"Demand":1,"DemandMax":null,"Value":4672},{"Length":29,"Height":30,"Demand":1,"DemandMax":null,"Value":870},{"Length":66,"Height":99,"Demand":1,"DemandMax":null,"Value":6534},{"Length":99,"Height":36,"Demand":1,"DemandMax":null,"Value":3564},{"Length":83,"Height":29,"Demand":1,"DemandMax":null,"Value":2407},{"Length":5,"Height":100,"Demand":1,"DemandMax":null,"Value":500},{"Length":90,"Height":5,"Demand":1,"DemandMax":null,"Value":450},{"Length":92,"Height":34,"Demand":1,"DemandMax":null,"Value":3128},{"Length":1,"Height":7,"Demand":1,"DemandMax":null,"Value":7},{"Length":37,"Height":81,"Demand":1,"DemandMax":null,"Value":2997},{"Length":58,"Height":44,"Demand":1,"DemandMax":null,"Value":2552},{"Length":51,"Height":19,"Demand":1,"DemandMax":null,"Value":969},{"Length":40,"Height":62,"Demand":1,"DemandMax":null,"Value":2480},{"Length":79,"Height":60,"Demand":1,"DemandMax":null,"Value":4740},{"Length":58,"Height":37,"Demand":1,"DemandMax":null,"Value":2146},{"Length":99,"Height":48,"Demand":1,"DemandMax":null,"Value":4752},{"Length":57,"Height":82,"Demand":1,"DemandMax":null,"Value":4674},{"Length":21,"Height":61,"Demand":1,"DemandMax":null,"Value":1281},{"Length":13,"Height":41,"Demand":1,"DemandMax":null,"Value":533},{"Length":90,"Height":10,"Demand":1,"DemandMax":null,"Value":900},{"Length":39,"Height":91,"Demand":1,"DemandMax":null,"Value":3549},{"Length":84,"Height":40,"Demand":1,"DemandMax":null,"Value":3360},{"Length":79,"Height":44,"Demand":1,"DemandMax":null,"Value":3476},{"Length":13,"Height":27,"Demand":1,"DemandMax":null,"Value":351},{"Length":10,"Height":44,"Demand":1,"DemandMax":null,"Value":440},{"Length":23,"Height":84,"Demand":1,"DemandMax":null,"Value":1932},{"Length":43,"Height":69,"Demand":1,"DemandMax":null,"Value":2967},{"Length":92,"Height":54,"Demand":1,"DemandMax":null,"Value":4968},{"Length":24,"Height":29,"Demand":1,"DemandMax":null,"Value":696},{"Length":29,"Height":16,"Demand":1,"DemandMax":null,"Value":464},{"Length":30,"Height":70,"Demand":1,"DemandMax":null,"Value":2100},{"Length":80,"Height":81,"Demand":1,"DemandMax":null,"Value":6480},{"Length":71,"Height":69,"Demand":1,"DemandMax":null,"Value":4899},{"Length":23,"Height":92,"Demand":1,"DemandMax":null,"Value":2116},{"Length":93,"Height":38,"Demand":1,"DemandMax":null,"Value":3534},{"Length":69,"Height":28,"Demand":1,"DemandMax":null,"Value":1932},{"Length":73,"Height":20,"Demand":1,"DemandMax":null,"Value":1460},{"Length":61,"Height":1,"Demand":1,"DemandMax":null,"Value":61},{"Length":22,"Height":93,"Demand":1,"DemandMax":null,"Value":2046},{"Length":78,"Height":53,"Demand":1,"DemandMax":null,"Value":4134},{"Length":85,"Height":70,"Demand":1,"DemandMax":null,"Value":5950},{"Length":31,"Height":64,"Demand":1,"DemandMax":null,"Value":1984},{"Length":39,"Height":93,"Demand":1,"DemandMax":null,"Value":3627},{"Length":65,"Height":44,"Demand":1,"DemandMax":null,"Value":2860},{"Length":96,"Height":41,"Demand":1,"DemandMax":null,"Value":3936},{"Length":56,"Height":38,"Demand":1,"DemandMax":null,"Value":2128},{"Length":100,"Height":25,"Demand":1,"DemandMax":null,"Value":2500},{"Length":17,"Height":23,"Demand":1,"DemandMax":null,"Value":391}]}