{"Name":"CLASS07_040_09","Objects":[{"Length":100,"Height":100,"Stock":null,"Cost":10000}],"Items":[{"Length":71,"Height":22,"Demand":1,"DemandMax":null,"Value":1562},{"Length":74,"Height":29,"Demand":1,"DemandMax":null,"Value":2146},{"Length":76,"Height":6,"Demand":1,"DemandMax":null,"Value":456},{"Length":75,"Height":21,"Demand":1,"DemandMax":null,"Value":1575},{"Length":83,"Height":17,"Demand":1,"DemandMax":null,"Value":1411},{"Length":96,"Height":15,"Demand":1,"DemandMax":null,"Value":1440},{"Length":92,"Height":7,"Demand":1,"DemandMax":null,"Value":644},{"Length":2,"Height":74,"Demand":1,"DemandMax":null,"Value":148},{"Length":4,"Height":24,"Demand":1,"DemandMax":null,"Value":96},{"Length":38,"Height":12,"Demand":1,"DemandMax":null,"Value":456},{"Length":81,"Height":20,"Demand":1,"DemandMax":null,"Value":1620},{"Length":2,"Height":76,"Demand":1,"DemandMax":null,"Value":152},{"Length":97,"Height":43,"Demand":1,"DemandMax":null,"Value":4171},{"Length":96,"Height":21,"Demand":1,"DemandMax":null,"Value":2016},{"Length":79,"Height":44,"Demand":1,"DemandMax":null,"Value":3476},{"Length":14,"Height":30,"Demand":1,"DemandMax":null,"Value":420},{"Length":98,"Height":23,"Demand":1,"DemandMax":null,"Value":2254},{"Length":73,"Height":42,"Demand":1,"DemandMax":null,"Value":3066},{"Length":84,"Height":30,"Demand":1,"DemandMax":null,"Value":2520},{"Length":91,"Height":6,"Demand":1,"DemandMax":null,"Value":546},{"Length":10,"Height":15,"Demand":1,"DemandMax":null,"Value":150},{"Length":41,"Height":24,"Demand":1,"DemandMax":null,"Value":984},{"Length":98,"Height":28,"Demand":1,"DemandMax":null,"Value":2744},{"Length":81,"Height":45,"Demand":1,"DemandMax":null,"Value":3645},{"Length":90,"Height":18,"Demand":1,"DemandMax":null,"Value":1620},{"Length":87,"Height":18,"Demand":1,"DemandMax":null,"Value":1566},{"Length":85,"Height":37,"Demand":1,"DemandMax":null,"Value":3145},{"Length":19,"Height":44,"Demand":1,"DemandMax":null,"Value":836},{"Length":81,"Height":34,"Demand":1,"DemandMax":null,"Value":2754},{"Length":89,"Height":24,"Demand":1,"DemandMax":null,"Value":2136},{"Length":80,"Height":8,"Demand":1,"DemandMax":null,"Value":640},{"Length":84,"Height":6,"Demand":1,"DemandMax":null,"Value":504},{"Length":80,"Height":10,"Demand":1,"DemandMax":null,"Value":800},{"Length":48,"Height":41,"Demand":1,"DemandMax":null,"Value":1968},{"Length":83,"Height":41,"Demand":1,"DemandMax":null,"Value":3403},{"Length":98,"Height":29,"Demand":1,"DemandMax":null,"Value":2842},{"Length":87,"Height":49,"Demand":1,"DemandMax":null,"Value":4263},{"Length":82,"Height":20,"Demand":1,"DemandMax":null,"Value":1640},{"Length":94,"Height":35,"Demand":1,"DemandMax":null,"Value":3290},{"Length":28,"Height":14,"Demand":1,"DemandMax":null,"Value":392}]}