{"Name":"CLASS06_040_02","Objects":[{"Length":300,"Height":300,"Stock":null,"Cost":90000}],"Items":[{"Length":40,"Height":70,"Demand":1,"DemandMax":null,"Value":2800},{"Length":4,"Height":21,"Demand":1,"DemandMax":null,"Value":84},{"Length":52,"Height":62,"Demand":1,"DemandMax":null,"Value":3224},{"Length":73,"Height":15,"Demand":1,"DemandMax":null,"Value":1095},{"Length":89,"Height":35,"Demand":1,"DemandMax":null,"Value":3115},{"Length":56,"Height":11,"Demand":1,"DemandMax":null,"Value":616},{"Length":62,"Height":65,"Demand":1,"DemandMax":null,"Value":4030},{"Length":30,"Height":54,"Demand":1,"DemandMax":null,"Value":1620},{"Length":16,"Height":65,"Demand":1,"DemandMax":null,"Value":1040},{"Length":7,"Height":22,"Demand":1,"DemandMax":null,"Value":154},{"Length":27,"Height":79,"Demand":1,"DemandMax":null,"Value":2133},{"Length":31,"Height":26,"Demand":1,"DemandMax":null,"Value":806},{"Length":8,"Height":84,"Demand":1,"DemandMax":null,"Value":672},{"Length":80,"Height":10,"Demand":1,"DemandMax":null,"Value":800},{"Length":3,"Height":92,"Demand":1,"DemandMax":null,"Value":276},{"Length":65,"Height":53,"Demand":1,"DemandMax":null,"Value":3445},{"Length":89,"Height":47,"Demand":1,"DemandMax":null,"Value":4183},{"Length":30,"Height":64,"Demand":1,"DemandMax":null,"Value":1920},{"Length":78,"Height":27,"Demand":1,"DemandMax":null,"Value":2106},{"Length":53,"Height":90,"Demand":1,"DemandMax":null,"Value":4770},{"Length":13,"Height":42,"Demand":1,"DemandMax":null,"Value":546},{"Length":46,"Height":7,"Demand":1,"DemandMax":null,"Value":322},{"Length":74,"Height":38,"Demand":1,"DemandMax":null,"Value":2812},{"Length":52,"Height":26,"Demand":1,"DemandMax":null,"Value":1352},{"Length":70,"Height":92,"Demand":1,"DemandMax":null,"Value":6440},{"Length":50,"Height":93,"Demand":1,"DemandMax":null,"Value":4650},{"Length":47,"Height":16,"Demand":1,"DemandMax":null,"Value":752},{"Length":50,"Height":84,"Demand":1,"DemandMax":null,"Value":4200},{"Length":82,"Height":53,"Demand":1,"DemandMax":null,"Value":4346},{"Length":98,"Height":11,"Demand":1,"DemandMax":null,"Value":1078},{"Length":86,"Height":81,"Demand":1,"DemandMax":null,"Value":6966},{"Length":70,"Height":19,"Demand":1,"DemandMax":null,"Value":1330},{"Length":4,"Height":12,"Demand":1,"DemandMax":null,"Value":48},{"Length":78,"Height":85,"Demand":1,"DemandMax":null,"Value":6630},{"Length":13,"Height":91,"Demand":1,"DemandMax":null,"Value":1183},{"Length":66,"Height":20,"Demand":1,"DemandMax":null,"Value":1320},{"Length":25,"Height":94,"Demand":1,"DemandMax":null,"Value":2350},{"Length":13,"Height":68,"Demand":1,"DemandMax":null,"Value":884},{"Length":84,"Height":33,"Demand":1,"DemandMax":null,"Value":2772},{"Length":29,"Height":9,"Demand":1,"DemandMax":null,"Value":261}]}