{"Name":"CLASS10_100_05","Objects":[{"Length":100,"Height":100,"Stock":null,"Cost":10000}],"Items":[{"Length":43,"Height":4,"Demand":1,"DemandMax":null,"Value":172},{"Length":84,"Height":22,"Demand":1,"DemandMax":null,"Value":1848},{"Length":25,"Height":21,"Demand":1,"DemandMax":null,"Value":525},{"Length":30,"Height":22,"Demand":1,"DemandMax":null,"Value":660},{"Length":10,"Height":16,"Demand":1,"DemandMax":null,"Value":160},{"Length":10,"Height":24,"Demand":1,"DemandMax":null,"Value":240},{"Length":48,"Height":39,"Demand":1,"DemandMax":null,"Value":1872},{"Length":18,"Height":30,"Demand":1,"DemandMax":null,"Value":540},{"Length":92,"Height":40,"Demand":1,"DemandMax":null,"Value":3680},{"Length":4,"Height":38,"Demand":1,"DemandMax":null,"Value":152},{"Length":83,"Height":68,"Demand":1,"DemandMax":null,"Value":5644},{"Length":18,"Height":50,"Demand":1,"DemandMax":null,"Value":900},{"Length":30,"Height":26,"Demand":1,"DemandMax":null,"Value":780},{"Length":10,"Height":14,"Demand":1,"DemandMax":null,"Value":140},{"Length":29,"Height":10,"Demand":1,"DemandMax":null,"Value":290},{"Length":30,"Height":32,"Demand":1,"DemandMax":null,"Value":960},{"Length":32,"Height":81,"Demand":1,"DemandMax":null,"Value":2592},{"Length":28,"Height":2,"Demand":1,"DemandMax":null,"Value":56},{"Length":37,"Height":13,"Demand":1,"DemandMax":null,"Value":481},{"Length":4,"Height":25,"Demand":1,"DemandMax":null,"Value":100},{"Length":97,"Height":32,"Demand":1,"DemandMax":null,"Value":3104},{"Length":7,"Height":1,"Demand":1,"DemandMax":null,"Value":7},{"Length":7,"Height":28,"Demand":1,"DemandMax":null,"Value":196},{"Length":89,"Height":80,"Demand":1,"DemandMax":null,"Value":7120},{"Length":21,"Height":67,"Demand":1,"DemandMax":null,"Value":1407},{"Length":98,"Height":61,"Demand":1,"DemandMax":null,"Value":5978},{"Length":39,"Height":4,"Demand":1,"DemandMax":null,"Value":156},{"Length":36,"Height":47,"Demand":1,"DemandMax":null,"Value":1692},{"Length":9,"Height":34,"Demand":1,"DemandMax":null,"Value":306},{"Length":1,"Height":35,"Demand":1,"DemandMax":null,"Value":35},{"Length":32,"Height":42,"Demand":1,"DemandMax":null,"Value":1344},{"Length":44,"Height":25,"Demand":1,"DemandMax":null,"Value":1100},{"Length":8,"Height":85,"Demand":1,"DemandMax":null,"Value":680},{"Length":15,"Height":19,"Demand":1,"DemandMax":null,"Value":285},{"Length":91,"Height":42,"Demand":1,"DemandMax":null,"Value":3822},{"Length":15,"Height":15,"Demand":1,"DemandMax":null,"Value":225},{"Length":18,"Height":33,"Demand":1,"DemandMax":null,"Value":594},{"Length":42,"Height":15,"Demand":1,"DemandMax":null,"Value":630},{"Length":3,"Height":3,"Demand":1,"DemandMax":null,"Value":9},{"Length":46,"Height":17,"Demand":1,"DemandMax":null,"Value":782},{"Length":94,"Height":1,"Demand":1,"DemandMax":null,"Value":94},{"Length":29,"Height":22,"Demand":1,"DemandMax":null,"Value":638},{"Length":31,"Height":83,"Demand":1,"DemandMax":null,"Value":2573},{"Length":40,"Height":30,"Demand":1,"DemandMax":null,"Value":1200},{"Length":24,"Height":29,"Demand":1,"DemandMax":null,"Value":696},{"Length":29,"Height":41,"Demand":1,"DemandMax":null,"Value":1189},{"Length":21,"Height":11,"Demand":1,"DemandMax":null,"Value":231},{"Length":45,"Height":69,"Demand":1,"DemandMax":null,"Value":3105},{"Length":20,"Height":20,"Demand":1,"DemandMax":null,"Value":400},{"Length":40,"Height":22,"Demand":1,"DemandMax":null,"Value":880},{"Length":72,"Height":56,"Demand":1,"DemandMax":null,"Value":4032},{"Length":74,"Height":42,"Demand":1,"DemandMax":null,"Value":3108},{"Length":27,"Height":22,"Demand":1,"DemandMax":null,"Value":594},{"Length":12,"Height":15,"Demand":1,"DemandMax":null,"Value":180},{"Length":35,"Height":76,"Demand":1,"DemandMax":null,"Value":2660},{"Length":90,"Height":90,"Demand":1,"DemandMax":null,"Value":8100},{"Length":46,"Height":36,"Demand":1,"DemandMax":null,"Value":1656},{"Length":97,"Height":69,"Demand":1,"DemandMax":null,"Value":6693},{"Length":59,"Height":84,"Demand":1,"DemandMax":null,"Value":4956},{"Length":31,"Height":1,"Demand":1,"DemandMax":null,"Value":31},{"Length":27,"Height":11,"Demand":1,"DemandMax":null,"Value":297},{"Length":43,"Height":35,"Demand":1,"DemandMax":null,"Value":1505},{"Length":47,"Height":16,"Demand":1,"DemandMax":null,"Value":752},{"Length":33,"Height":22,"Demand":1,"DemandMax":null,"Value":726},{"Length":19,"Height":48,"Demand":1,"DemandMax":null,"Value":912},{"Length":50,"Height":13,"Demand":1,"DemandMax":null,"Value":650},{"Length":95,"Height":58,"Demand":1,"DemandMax":null,"Value":5510},{"Length":96,"Height":55,"Demand":1,"DemandMax":null,"Value":5280},{"Length":23,"Height":98,"Demand":1,"DemandMax":null,"Value":2254},{"Length":20,"Height":2,"Demand":1,"DemandMax":null,"Value":40},{"Length":68,"Height":13,"Demand":1,"DemandMax":null,"Value":884},{"Length":21,"Height":1,"Demand":1,"DemandMax":null,"Value":21},{"Length":92,"Height":8,"Demand":1,"DemandMax":null,"Value":736},{"Length":1,"Height":3,"Demand":1,"DemandMax":null,"Value":3},{"Length":26,"Height":86,"Demand":1,"DemandMax":null,"Value":2236},{"Length":8,"Height":7,"Demand":1,"DemandMax":null,"Value":56},{"Length":65,"Height":79,"Demand":1,"DemandMax":null,"Value":5135},{"Length":43,"Height":15,"Demand":1,"DemandMax":null,"Value":645},{"Length":9,"Height":8,"Demand":1,"DemandMax":null,"Value":72},{"Length":7,"Height":26,"Demand":1,"DemandMax":null,"Value":182},{"Length":5,"Height":14,"Demand":1,"DemandMax":null,"Value":70},{"Length":99,"Height":39,"Demand":1,"DemandMax":null,"Value":3861},{"Length":4,"Height":47,"Demand":1,"DemandMax":null,"Value":188},{"Length":66,"Height":55,"Demand":1,"DemandMax":null,"Value":3630},{"Length":55,"Height":58,"Demand":1,"DemandMax":null,"Value":3190},{"Length":14,"Height":25,"Demand":1,"DemandMax":null,"Value":350},{"Length":10,"Height":49,"Demand":1,"DemandMax":null,"Value":490},{"Length":88,"Height":98,"Demand":1,"DemandMax":null,"Value":8624},{"Length":18,"Height":76,"Demand":1,"DemandMax":null,"Value":1368},{"Length":41,"Height":81,"Demand":1,"DemandMax":null,"Value":3321},{"Length":28,"Height":12,"Demand":1,"DemandMax":null,"Value":336},{"Length":22,"Height":1,"Demand":1,"DemandMax":null,"Value":22},{"Length":92,"Height":85,"Demand":1,"DemandMax":null,"Value":7820},{"Length":31,"Height":32,"Demand":1,"DemandMax":null,"Value":992},{"Length":8,"Height":36,"Demand":1,"DemandMax":null,"Value":288},{"Length":17,"Height":76,"Demand":1,"DemandMax":null,"Value":1292},{"Length":27,"Height":15,"Demand":1,"DemandMax":null,"Value":405},{"Length":82,"Height":52,"Demand":1,"DemandMax":null,"Value":4264},{"Length":50,"Height":23,"Demand":1,"DemandMax":null,"Value":1150},{"Length":24,"Height":43,"Demand":1,"DemandMax":null,"Value":1032}]}