{"Name":"CLASS01_020_04","Objects":[{"Length":10,"Height":10,"Stock":null,"Cost":100}],"Items":[{"Length":4,"Height":7,"Demand":1,"DemandMax":null,"Value":28},{"Length":1,"Height":3,"Demand":2,"DemandMax":null,"Value":3},{"Length":6,"Height":7,"Demand":1,"DemandMax":null,"Value":42},{"Length":8,"Height":2,"Demand":1,"DemandMax":null,"Value":16},{"Length":9,"Height":4,"Demand":1,"DemandMax":null,"Value":36},{"Length":6,"Height":2,"Demand":1,"DemandMax":null,"Value":12},{"Length":7,"Height":7,"Demand":1,"DemandMax":null,"Value":49},{"Length":3,"Height":6,"Demand":1,"DemandMax":null,"Value":18},{"Length":2,"Height":7,"Demand":1,"DemandMax":null,"Value":14},{"Length":3,"Height":8,"Demand":1,"DemandMax":null,"Value":24},{"Length":4,"Height":3,"Demand":1,"DemandMax":null,"Value":12},{"Length":1,"Height":9,"Demand":1,"DemandMax":null,"Value":9},{"Length":8,"Height":1,"Demand":1,"DemandMax":null,"Value":8},{"Length":1,"Height":10,"Demand":1,"DemandMax":null,"Value":10},{"Length":7,"Height":6,"Demand":1,"DemandMax":null,"Value":42},{"Length":9,"Height":5,"Demand":1,"DemandMax":null,"Value":45},{"Length":3,"Height":7,"Demand":1,"DemandMax":null,"Value":21},{"Length":8,"Height":3,"Demand":1,"DemandMax":null,"Value":24},{"Length":6,"Height":9,"Demand":1,"DemandMax":null,"Value":54}]}