{"Name":"CLASS07_100_09","Objects":[{"Length":100,"Height":100,"Stock":null,"Cost":10000}],"Items":[{"Length":66,"Height":22,"Demand":1,"DemandMax":null,"Value":1452},{"Length":71,"Height":37,"Demand":1,"DemandMax":null,"Value":2627},{"Length":52,"Height":58,"Demand":1,"DemandMax":null,"Value":3016},{"Length":86,"Height":6,"Demand":2,"DemandMax":null,"Value":516},{"Length":70,"Height":23,"Demand":1,"DemandMax":null,"Value":1610},{"Length":85,"Height":28,"Demand":1,"DemandMax":null,"Value":2380},{"Length":14,"Height":75,"Demand":1,"DemandMax":null,"Value":1050},{"Length":70,"Height":2,"Demand":1,"DemandMax":null,"Value":140},{"Length":82,"Height":35,"Demand":1,"DemandMax":null,"Value":2870},{"Length":73,"Height":30,"Demand":1,"DemandMax":null,"Value":2190},{"Length":87,"Height":82,"Demand":1,"DemandMax":null,"Value":7134},{"Length":97,"Height":11,"Demand":1,"DemandMax":null,"Value":1067},{"Length":67,"Height":8,"Demand":1,"DemandMax":null,"Value":536},{"Length":69,"Height":44,"Demand":1,"DemandMax":null,"Value":3036},{"Length":81,"Height":12,"Demand":1,"DemandMax":null,"Value":972},{"Length":97,"Height":31,"Demand":1,"DemandMax":null,"Value":3007},{"Length":44,"Height":44,"Demand":1,"DemandMax":null,"Value":1936},{"Length":12,"Height":79,"Demand":1,"DemandMax":null,"Value":948},{"Length":19,"Height":68,"Demand":1,"DemandMax":null,"Value":1292},{"Length":70,"Height":13,"Demand":1,"DemandMax":null,"Value":910},{"Length":97,"Height":41,"Demand":1,"DemandMax":null,"Value":3977},{"Length":30,"Height":71,"Demand":1,"DemandMax":null,"Value":2130},{"Length":84,"Height":7,"Demand":1,"DemandMax":null,"Value":588},{"Length":72,"Height":50,"Demand":1,"DemandMax":null,"Value":3600},{"Length":9,"Height":7,"Demand":1,"DemandMax":null,"Value":63},{"Length":98,"Height":21,"Demand":1,"DemandMax":null,"Value":2058},{"Length":16,"Height":11,"Demand":1,"DemandMax":null,"Value":176},{"Length":90,"Height":20,"Demand":1,"DemandMax":null,"Value":1800},{"Length":100,"Height":18,"Demand":1,"DemandMax":null,"Value":1800},{"Length":28,"Height":98,"Demand":1,"DemandMax":null,"Value":2744},{"Length":74,"Height":28,"Demand":1,"DemandMax":null,"Value":2072},{"Length":23,"Height":3,"Demand":1,"DemandMax":null,"Value":69},{"Length":67,"Height":40,"Demand":1,"DemandMax":null,"Value":2680},{"Length":80,"Height":35,"Demand":1,"DemandMax":null,"Value":2800},{"Length":80,"Height":6,"Demand":1,"DemandMax":null,"Value":480},{"Length":80,"Height":46,"Demand":1,"DemandMax":null,"Value":3680},{"Length":77,"Height":25,"Demand":1,"DemandMax":null,"Value":1925},{"Length":26,"Height":35,"Demand":1,"DemandMax":null,"Value":910},{"Length":94,"Height":46,"Demand":1,"DemandMax":null,"Value":4324},{"Length":88,"Height":2,"Demand":1,"DemandMax":null,"Value":176},{"Length":95,"Height":21,"Demand":1,"DemandMax":null,"Value":1995},{"Length":42,"Height":46,"Demand":1,"DemandMax":null,"Value":1932},{"Length":81,"Height":48,"Demand":1,"DemandMax":null,"Value":3888},{"Length":69,"Height":19,"Demand":1,"DemandMax":null,"Value":1311},{"Length":87,"Height":28,"Demand":1,"DemandMax":null,"Value":2436},{"Length":79,"Height":19,"Demand":1,"DemandMax":null,"Value":1501},{"Length":77,"Height":11,"Demand":1,"DemandMax":null,"Value":847},{"Length":88,"Height":98,"Demand":1,"DemandMax":null,"Value":8624},{"Length":86,"Height":47,"Demand":1,"DemandMax":null,"Value":4042},{"Length":72,"Height":4,"Demand":1,"DemandMax":null,"Value":288},{"Length":71,"Height":86,"Demand":1,"DemandMax":null,"Value":6106},{"Length":89,"Height":38,"Demand":1,"DemandMax":null,"Value":3382},{"Length":94,"Height":28,"Demand":1,"DemandMax":null,"Value":2632},{"Length":73,"Height":50,"Demand":1,"DemandMax":null,"Value":3650},{"Length":39,"Height":81,"Demand":1,"DemandMax":null,"Value":3159},{"Length":94,"Height":40,"Demand":1,"DemandMax":null,"Value":3760},{"Length":75,"Height":21,"Demand":1,"DemandMax":null,"Value":1575},{"Length":82,"Height":8,"Demand":1,"DemandMax":null,"Value":656},{"Length":17,"Height":21,"Demand":1,"DemandMax":null,"Value":357},{"Length":73,"Height":4,"Demand":1,"DemandMax":null,"Value":292},{"Length":99,"Height":25,"Demand":1,"DemandMax":null,"Value":2475},{"Length":100,"Height":28,"Demand":1,"DemandMax":null,"Value":2800},{"Length":70,"Height":32,"Demand":1,"DemandMax":null,"Value":2240},{"Length":94,"Height":30,"Demand":1,"DemandMax":null,"Value":2820},{"Length":44,"Height":41,"Demand":1,"DemandMax":null,"Value":1804},{"Length":90,"Height":9,"Demand":1,"DemandMax":null,"Value":810},{"Length":72,"Height":3,"Demand":1,"DemandMax":null,"Value":216},{"Length":83,"Height":66,"Demand":1,"DemandMax":null,"Value":5478},{"Length":2,"Height":78,"Demand":1,"DemandMax":null,"Value":156},{"Length":89,"Height":2,"Demand":1,"DemandMax":null,"Value":178},{"Length":23,"Height":37,"Demand":1,"DemandMax":null,"Value":851},{"Length":91,"Height":16,"Demand":1,"DemandMax":null,"Value":1456},{"Length":21,"Height":71,"Demand":1,"DemandMax":null,"Value":1491},{"Length":96,"Height":7,"Demand":1,"DemandMax":null,"Value":672},{"Length":99,"Height":32,"Demand":2,"DemandMax":null,"Value":3168},{"Length":67,"Height":26,"Demand":1,"DemandMax":null,"Value":1742},{"Length":67,"Height":9,"Demand":1,"DemandMax":null,"Value":603},{"Length":76,"Height":23,"Demand":1,"DemandMax":null,"Value":1748},{"Length":90,"Height":38,"Demand":1,"DemandMax":null,"Value":3420},{"Length":86,"Height":48,"Demand":1,"DemandMax":null,"Value":4128},{"Length":97,"Height":21,"Demand":1,"DemandMax":null,"Value":2037},{"Length":99,"Height":1,"Demand":1,"DemandMax":null,"Value":99},{"Length":89,"Height":7,"Demand":1,"DemandMax":null,"Value":623},{"Length":79,"Height":32,"Demand":1,"DemandMax":null,"Value":2528},{"Length":100,"Height":45,"Demand":1,"DemandMax":null,"Value":4500},{"Length":93,"Height":91,"Demand":1,"DemandMax":null,"Value":8463},{"Length":44,"Height":37,"Demand":1,"DemandMax":null,"Value":1628},{"Length":20,"Height":84,"Demand":1,"DemandMax":null,"Value":1680},{"Length":76,"Height":31,"Demand":1,"DemandMax":null,"Value":2356},{"Length":100,"Height":42,"Demand":1,"DemandMax":null,"Value":4200},{"Length":15,"Height":29,"Demand":1,"DemandMax":null,"Value":435},{"Length":88,"Height":35,"Demand":1,"DemandMax":null,"Value":3080},{"Length":95,"Height":29,"Demand":1,"DemandMax":null,"Value":2755},{"Length":77,"Height":5,"Demand":1,"DemandMax":null,"Value":385},{"Length":69,"Height":3,"Demand":1,"DemandMax":null,"Value":207},{"Length":33,"Height":92,"Demand":1,"DemandMax":null,"Value":3036},{"Length":97,"Height":79,"Demand":1,"DemandMax":null,"Value":7663},{"Length":94,"Height":97,"Demand":1,"DemandMax":null,"Value":9118}]}