{"Name":"CLASS02_060_08","Objects":[{"Length":30,"Height":30,"Stock":null,"Cost":900}],"Items":[{"Length":3,"Height":10,"Demand":1,"DemandMax":null,"Value":30},{"Length":8,"Height":9,"Demand":1,"DemandMax":null,"Value":72},{"Length":7,"Height":5,"Demand":1,"DemandMax":null,"Value":35},{"Length":10,"Height":8,"Demand":3,"DemandMax":null,"Value":80},{"Length":10,"Height":5,"Demand":1,"DemandMax":null,"Value":50},{"Length":1,"Height":4,"Demand":2,"DemandMax":null,"Value":4},{"Length":3,"Height":7,"Demand":2,"DemandMax":null,"Value":21},{"Length":8,"Height":10,"Demand":1,"DemandMax":null,"Value":80},{"Length":1,"Height":3,"Demand":2,"DemandMax":null,"Value":3},{"Length":1,"Height":6,"Demand":1,"DemandMax":null,"Value":6},{"Length":1,"Height":7,"Demand":1,"DemandMax":null,"Value":7},{"Length":6,"Height":3,"Demand":1,"DemandMax":null,"Value":18},{"Length":5,"Height":6,"Demand":1,"DemandMax":null,"Value":30},{"Length":7,"Height":3,"Demand":2,"DemandMax":null,"Value":21},{"Length":5,"Height":7,"Demand":1,"DemandMax":null,"Value":35},{"Length":5,"Height":1,"Demand":1,"DemandMax":null,"Value":5},{"Length":4,"Height":4,"Demand":1,"DemandMax":null,"Value":16},{"Length":5,"Height":9,"Demand":1,"DemandMax":null,"Value":45},{"Length":6,"Height":6,"Demand":1,"DemandMax":null,"Value":36},{"Length":1,"Height":10,"Demand":1,"DemandMax":null,"Value":10},{"Length":1,"Height":8,"Demand":1,"DemandMax":null,"Value":8},{"Length":4,"Height":8,"Demand":2,"DemandMax":null,"Value":32},{"Length":7,"Height":1,"Demand":2,"DemandMax":null,"Value":7},{"Length":9,"Height":6,"Demand":1,"DemandMax":null,"Value":54},{"Length":10,"Height":7,"Demand":1,"DemandMax":null,"Value":70},{"Length":6,"Height":4,"Demand":1,"DemandMax":null,"Value":24},{"Length":6,"Height":9,"Demand":1,"DemandMax":null,"Value":54},{"Length":2,"Height":8,"Demand":1,"DemandMax":null,"Value":16},{"Length":9,"Height":3,"Demand":1,"DemandMax":null,"Value":27},{"Length":1,"Height":9,"Demand":1,"DemandMax":null,"Value":9},{"Length":8,"Height":8,"Demand":1,"DemandMax":null,"Value":64},{"Length":4,"Height":10,"Demand":2,"DemandMax":null,"Value":40},{"Length":6,"Height":8,"Demand":1,"DemandMax":null,"Value":48},{"Length":2,"Height":3,"Demand":1,"DemandMax":null,"Value":6},{"Length":4,"Height":2,"Demand":2,"DemandMax":null,"Value":8},{"Length":7,"Height":4,"Demand":1,"DemandMax":null,"Value":28},{"Length":2,"Height":9,"Demand":1,"DemandMax":null,"Value":18},{"Length":9,"Height":5,"Demand":1,"DemandMax":null,"Value":45},{"Length":7,"Height":6,"Demand":1,"DemandMax":null,"Value":42},{"Length":9,"Height":8,"Demand":1,"DemandMax":null,"Value":72},{"Length":7,"Height":7,"Demand":2,"DemandMax":null,"Value":49},{"Length":8,"Height":3,"Demand":1,"DemandMax":null,"Value":24},{"Length":5,"Height":2,"Demand":1,"DemandMax":null,"Value":10},{"Length":5,"Height":4,"Demand":1,"DemandMax":null,"Value":20},{"Length":4,"Height":1,"Demand":1,"DemandMax":null,"Value":4},{"Length":8,"Height":2,"Demand":1,"DemandMax":null,"Value":16},{"Length":7,"Height":9,"Demand":1,"DemandMax":null,"Value":63},{"Length":7,"Height":8,"Demand":1,"DemandMax":null,"Value":56},{"Length":2,"Height":10,"Demand":1,"DemandMax":null,"Value":20}]}