{"Name":"CLASS06_020_09","Objects":[{"Length":300,"Height":300,"Stock":null,"Cost":90000}],"Items":[{"Length":53,"Height":36,"Demand":1,"DemandMax":null,"Value":1908},{"Length":25,"Height":36,"Demand":1,"DemandMax":null,"Value":900},{"Length":97,"Height":43,"Demand":1,"DemandMax":null,"Value":4171},{"Length":59,"Height":78,"Demand":1,"DemandMax":null,"Value":4602},{"Length":32,"Height":97,"Demand":1,"DemandMax":null,"Value":3104},{"Length":73,"Height":89,"Demand":1,"DemandMax":null,"Value":6497},{"Length":70,"Height":75,"Demand":1,"DemandMax":null,"Value":5250},{"Length":45,"Height":13,"Demand":1,"DemandMax":null,"Value":585},{"Length":55,"Height":90,"Demand":1,"DemandMax":null,"Value":4950},{"Length":87,"Height":29,"Demand":1,"DemandMax":null,"Value":2523},{"Length":64,"Height":85,"Demand":1,"DemandMax":null,"Value":5440},{"Length":42,"Height":48,"Demand":1,"DemandMax":null,"Value":2016},{"Length":10,"Height":39,"Demand":1,"DemandMax":null,"Value":390},{"Length":89,"Height":13,"Demand":1,"DemandMax":null,"Value":1157},{"Length":36,"Height":61,"Demand":1,"DemandMax":null,"Value":2196},{"Length":39,"Height":4,"Demand":1,"DemandMax":null,"Value":156},{"Length":20,"Height":97,"Demand":1,"DemandMax":null,"Value":1940},{"Length":35,"Height":30,"Demand":1,"DemandMax":null,"Value":1050},{"Length":73,"Height":25,"Demand":1,"DemandMax":null,"Value":1825},{"Length":57,"Height":37,"Demand":1,"DemandMax":null,"Value":2109}]}