{"Name":"CLASS07_060_03","Objects":[{"Length":100,"Height":100,"Stock":null,"Cost":10000}],"Items":[{"Length":78,"Height":27,"Demand":1,"DemandMax":null,"Value":2106},{"Length":99,"Height":22,"Demand":1,"DemandMax":null,"Value":2178},{"Length":49,"Height":86,"Demand":1,"DemandMax":null,"Value":4214},{"Length":91,"Height":45,"Demand":1,"DemandMax":null,"Value":4095},{"Length":7,"Height":90,"Demand":1,"DemandMax":null,"Value":630},{"Length":84,"Height":45,"Demand":1,"DemandMax":null,"Value":3780},{"Length":95,"Height":44,"Demand":1,"DemandMax":null,"Value":4180},{"Length":80,"Height":24,"Demand":1,"DemandMax":null,"Value":1920},{"Length":70,"Height":5,"Demand":1,"DemandMax":null,"Value":350},{"Length":68,"Height":80,"Demand":1,"DemandMax":null,"Value":5440},{"Length":99,"Height":20,"Demand":1,"DemandMax":null,"Value":1980},{"Length":78,"Height":15,"Demand":1,"DemandMax":null,"Value":1170},{"Length":78,"Height":37,"Demand":1,"DemandMax":null,"Value":2886},{"Length":80,"Height":28,"Demand":1,"DemandMax":null,"Value":2240},{"Length":77,"Height":7,"Demand":1,"DemandMax":null,"Value":539},{"Length":26,"Height":18,"Demand":1,"DemandMax":null,"Value":468},{"Length":95,"Height":30,"Demand":1,"DemandMax":null,"Value":2850},{"Length":89,"Height":37,"Demand":1,"DemandMax":null,"Value":3293},{"Length":97,"Height":6,"Demand":1,"DemandMax":null,"Value":582},{"Length":97,"Height":33,"Demand":1,"DemandMax":null,"Value":3201},{"Length":84,"Height":35,"Demand":1,"DemandMax":null,"Value":2940},{"Length":72,"Height":7,"Demand":1,"DemandMax":null,"Value":504},{"Length":91,"Height":17,"Demand":1,"DemandMax":null,"Value":1547},{"Length":84,"Height":9,"Demand":1,"DemandMax":null,"Value":756},{"Length":82,"Height":2,"Demand":1,"DemandMax":null,"Value":164},{"Length":47,"Height":39,"Demand":1,"DemandMax":null,"Value":1833},{"Length":93,"Height":40,"Demand":1,"DemandMax":null,"Value":3720},{"Length":20,"Height":98,"Demand":1,"DemandMax":null,"Value":1960},{"Length":88,"Height":31,"Demand":1,"DemandMax":null,"Value":2728},{"Length":98,"Height":33,"Demand":1,"DemandMax":null,"Value":3234},{"Length":68,"Height":24,"Demand":1,"DemandMax":null,"Value":1632},{"Length":83,"Height":47,"Demand":1,"DemandMax":null,"Value":3901},{"Length":67,"Height":21,"Demand":1,"DemandMax":null,"Value":1407},{"Length":70,"Height":39,"Demand":1,"DemandMax":null,"Value":2730},{"Length":86,"Height":20,"Demand":1,"DemandMax":null,"Value":1720},{"Length":94,"Height":8,"Demand":1,"DemandMax":null,"Value":752},{"Length":90,"Height":22,"Demand":1,"DemandMax":null,"Value":1980},{"Length":86,"Height":6,"Demand":1,"DemandMax":null,"Value":516},{"Length":67,"Height":77,"Demand":1,"DemandMax":null,"Value":5159},{"Length":79,"Height":31,"Demand":1,"DemandMax":null,"Value":2449},{"Length":78,"Height":85,"Demand":1,"DemandMax":null,"Value":6630},{"Length":62,"Height":84,"Demand":1,"DemandMax":null,"Value":5208},{"Length":77,"Height":47,"Demand":1,"DemandMax":null,"Value":3619},{"Length":72,"Height":16,"Demand":1,"DemandMax":null,"Value":1152},{"Length":89,"Height":11,"Demand":1,"DemandMax":null,"Value":979},{"Length":71,"Height":25,"Demand":1,"DemandMax":null,"Value":1775},{"Length":85,"Height":28,"Demand":1,"DemandMax":null,"Value":2380},{"Length":11,"Height":74,"Demand":1,"DemandMax":null,"Value":814},{"Length":66,"Height":47,"Demand":1,"DemandMax":null,"Value":3102},{"Length":76,"Height":27,"Demand":1,"DemandMax":null,"Value":2052},{"Length":66,"Height":20,"Demand":1,"DemandMax":null,"Value":1320},{"Length":82,"Height":20,"Demand":1,"DemandMax":null,"Value":1640},{"Length":29,"Height":97,"Demand":1,"DemandMax":null,"Value":2813},{"Length":90,"Height":41,"Demand":1,"DemandMax":null,"Value":3690},{"Length":90,"Height":24,"Demand":1,"DemandMax":null,"Value":2160},{"Length":49,"Height":93,"Demand":1,"DemandMax":null,"Value":4557},{"Length":79,"Height":6,"Demand":1,"DemandMax":null,"Value":474},{"Length":76,"Height":16,"Demand":1,"DemandMax":null,"Value":1216},{"Length":87,"Height":40,"Demand":1,"DemandMax":null,"Value":3480},{"Length":90,"Height":21,"Demand":1,"DemandMax":null,"Value":1890}]}