{"Name":"CLASS05_100_03","Objects":[{"Length":100,"Height":100,"Stock":null,"Cost":10000}],"Items":[{"Length":24,"Height":7,"Demand":1,"DemandMax":null,"Value":168},{"Length":32,"Height":35,"Demand":1,"DemandMax":null,"Value":1120},{"Length":57,"Height":87,"Demand":1,"DemandMax":null,"Value":4959},{"Length":89,"Height":83,"Demand":1,"DemandMax":null,"Value":7387},{"Length":49,"Height":80,"Demand":1,"DemandMax":null,"Value":3920},{"Length":93,"Height":67,"Demand":1,"DemandMax":null,"Value":6231},{"Length":10,"Height":66,"Demand":1,"DemandMax":null,"Value":660},{"Length":22,"Height":31,"Demand":1,"DemandMax":null,"Value":682},{"Length":84,"Height":53,"Demand":1,"DemandMax":null,"Value":4452},{"Length":86,"Height":54,"Demand":1,"DemandMax":null,"Value":4644},{"Length":50,"Height":88,"Demand":1,"DemandMax":null,"Value":4400},{"Length":31,"Height":46,"Demand":1,"DemandMax":null,"Value":1426},{"Length":19,"Height":48,"Demand":1,"DemandMax":null,"Value":912},{"Length":35,"Height":51,"Demand":1,"DemandMax":null,"Value":1785},{"Length":35,"Height":44,"Demand":1,"DemandMax":null,"Value":1540},{"Length":7,"Height":48,"Demand":1,"DemandMax":null,"Value":336},{"Length":75,"Height":20,"Demand":1,"DemandMax":null,"Value":1500},{"Length":93,"Height":47,"Demand":1,"DemandMax":null,"Value":4371},{"Length":51,"Height":54,"Demand":1,"DemandMax":null,"Value":2754},{"Length":71,"Height":94,"Demand":1,"DemandMax":null,"Value":6674},{"Length":8,"Height":57,"Demand":1,"DemandMax":null,"Value":456},{"Length":51,"Height":65,"Demand":1,"DemandMax":null,"Value":3315},{"Length":23,"Height":74,"Demand":1,"DemandMax":null,"Value":1702},{"Length":79,"Height":72,"Demand":1,"DemandMax":null,"Value":5688},{"Length":7,"Height":83,"Demand":1,"DemandMax":null,"Value":581},{"Length":31,"Height":60,"Demand":1,"DemandMax":null,"Value":1860},{"Length":5,"Height":94,"Demand":1,"DemandMax":null,"Value":470},{"Length":19,"Height":6,"Demand":2,"DemandMax":null,"Value":114},{"Length":95,"Height":52,"Demand":1,"DemandMax":null,"Value":4940},{"Length":88,"Height":21,"Demand":1,"DemandMax":null,"Value":1848},{"Length":87,"Height":35,"Demand":1,"DemandMax":null,"Value":3045},{"Length":14,"Height":50,"Demand":1,"DemandMax":null,"Value":700},{"Length":26,"Height":54,"Demand":1,"DemandMax":null,"Value":1404},{"Length":10,"Height":70,"Demand":1,"DemandMax":null,"Value":700},{"Length":90,"Height":53,"Demand":1,"DemandMax":null,"Value":4770},{"Length":20,"Height":93,"Demand":1,"DemandMax":null,"Value":1860},{"Length":89,"Height":11,"Demand":1,"DemandMax":null,"Value":979},{"Length":21,"Height":63,"Demand":1,"DemandMax":null,"Value":1323},{"Length":69,"Height":37,"Demand":1,"DemandMax":null,"Value":2553},{"Length":24,"Height":57,"Demand":1,"DemandMax":null,"Value":1368},{"Length":8,"Height":78,"Demand":1,"DemandMax":null,"Value":624},{"Length":75,"Height":88,"Demand":1,"DemandMax":null,"Value":6600},{"Length":15,"Height":10,"Demand":1,"DemandMax":null,"Value":150},{"Length":50,"Height":99,"Demand":1,"DemandMax":null,"Value":4950},{"Length":36,"Height":44,"Demand":1,"DemandMax":null,"Value":1584},{"Length":62,"Height":68,"Demand":1,"DemandMax":null,"Value":4216},{"Length":49,"Height":26,"Demand":1,"DemandMax":null,"Value":1274},{"Length":54,"Height":6,"Demand":1,"DemandMax":null,"Value":324},{"Length":64,"Height":32,"Demand":1,"DemandMax":null,"Value":2048},{"Length":4,"Height":58,"Demand":1,"DemandMax":null,"Value":232},{"Length":27,"Height":74,"Demand":1,"DemandMax":null,"Value":1998},{"Length":23,"Height":2,"Demand":1,"DemandMax":null,"Value":46},{"Length":14,"Height":97,"Demand":1,"DemandMax":null,"Value":1358},{"Length":56,"Height":48,"Demand":1,"DemandMax":null,"Value":2688},{"Length":37,"Height":78,"Demand":1,"DemandMax":null,"Value":2886},{"Length":80,"Height":41,"Demand":1,"DemandMax":null,"Value":3280},{"Length":41,"Height":28,"Demand":1,"DemandMax":null,"Value":1148},{"Length":7,"Height":59,"Demand":1,"DemandMax":null,"Value":413},{"Length":2,"Height":91,"Demand":1,"DemandMax":null,"Value":182},{"Length":81,"Height":13,"Demand":1,"DemandMax":null,"Value":1053},{"Length":33,"Height":47,"Demand":1,"DemandMax":null,"Value":1551},{"Length":80,"Height":47,"Demand":1,"DemandMax":null,"Value":3760},{"Length":78,"Height":4,"Demand":1,"DemandMax":null,"Value":312},{"Length":15,"Height":40,"Demand":1,"DemandMax":null,"Value":600},{"Length":14,"Height":9,"Demand":1,"DemandMax":null,"Value":126},{"Length":30,"Height":2,"Demand":1,"DemandMax":null,"Value":60},{"Length":52,"Height":39,"Demand":1,"DemandMax":null,"Value":2028},{"Length":3,"Height":77,"Demand":1,"DemandMax":null,"Value":231},{"Length":38,"Height":5,"Demand":1,"DemandMax":null,"Value":190},{"Length":46,"Height":44,"Demand":1,"DemandMax":null,"Value":2024},{"Length":48,"Height":50,"Demand":1,"DemandMax":null,"Value":2400},{"Length":2,"Height":13,"Demand":1,"DemandMax":null,"Value":26},{"Length":95,"Height":55,"Demand":1,"DemandMax":null,"Value":5225},{"Length":50,"Height":30,"Demand":1,"DemandMax":null,"Value":1500},{"Length":22,"Height":28,"Demand":1,"DemandMax":null,"Value":616},{"Length":100,"Height":71,"Demand":1,"DemandMax":null,"Value":7100},{"Length":7,"Height":15,"Demand":1,"DemandMax":null,"Value":105},{"Length":97,"Height":48,"Demand":1,"DemandMax":null,"Value":4656},{"Length":61,"Height":94,"Demand":1,"DemandMax":null,"Value":5734},{"Length":29,"Height":75,"Demand":1,"DemandMax":null,"Value":2175},{"Length":78,"Height":22,"Demand":1,"DemandMax":null,"Value":1716},{"Length":88,"Height":3,"Demand":1,"DemandMax":null,"Value":264},{"Length":16,"Height":7,"Demand":1,"DemandMax":null,"Value":112},{"Length":50,"Height":56,"Demand":1,"DemandMax":null,"Value":2800},{"Length":13,"Height":6,"Demand":1,"DemandMax":null,"Value":78},{"Length":59,"Height":45,"Demand":1,"DemandMax":null,"Value":2655},{"Length":78,"Height":96,"Demand":1,"DemandMax":null,"Value":7488},{"Length":93,"Height":14,"Demand":1,"DemandMax":null,"Value":1302},{"Length":58,"Height":89,"Demand":1,"DemandMax":null,"Value":5162},{"Length":63,"Height":42,"Demand":1,"DemandMax":null,"Value":2646},{"Length":29,"Height":28,"Demand":1,"DemandMax":null,"Value":812},{"Length":13,"Height":38,"Demand":1,"DemandMax":null,"Value":494},{"Length":3,"Height":93,"Demand":1,"DemandMax":null,"Value":279},{"Length":21,"Height":49,"Demand":1,"DemandMax":null,"Value":1029},{"Length":23,"Height":94,"Demand":1,"DemandMax":null,"Value":2162},{"Length":99,"Height":51,"Demand":1,"DemandMax":null,"Value":5049},{"Length":69,"Height":75,"Demand":1,"DemandMax":null,"Value":5175},{"Length":90,"Height":55,"Demand":1,"DemandMax":null,"Value":4950},{"Length":50,"Height":14,"Demand":1,"DemandMax":null,"Value":700}]}