{"Name":"CLASS03_060_09","Objects":[{"Length":40,"Height":40,"Stock":null,"Cost":1600}],"Items":[{"Length":16,"Height":21,"Demand":1,"DemandMax":null,"Value":336},{"Length":20,"Height":1,"Demand":1,"DemandMax":null,"Value":20},{"Length":22,"Height":5,"Demand":1,"DemandMax":null,"Value":110},{"Length":7,"Height":28,"Demand":1,"DemandMax":null,"Value":196},{"Length":6,"Height":9,"Demand":1,"DemandMax":null,"Value":54},{"Length":26,"Height":1,"Demand":1,"DemandMax":null,"Value":26},{"Length":18,"Height":2,"Demand":1,"DemandMax":null,"Value":36},{"Length":11,"Height":18,"Demand":1,"DemandMax":null,"Value":198},{"Length":15,"Height":34,"Demand":1,"DemandMax":null,"Value":510},{"Length":12,"Height":12,"Demand":1,"DemandMax":null,"Value":144},{"Length":1,"Height":29,"Demand":1,"DemandMax":null,"Value":29},{"Length":23,"Height":35,"Demand":1,"DemandMax":null,"Value":805},{"Length":27,"Height":25,"Demand":1,"DemandMax":null,"Value":675},{"Length":10,"Height":8,"Demand":1,"DemandMax":null,"Value":80},{"Length":15,"Height":2,"Demand":1,"DemandMax":null,"Value":30},{"Length":26,"Height":5,"Demand":1,"DemandMax":null,"Value":130},{"Length":4,"Height":23,"Demand":1,"DemandMax":null,"Value":92},{"Length":27,"Height":7,"Demand":1,"DemandMax":null,"Value":189},{"Length":10,"Height":22,"Demand":2,"DemandMax":null,"Value":220},{"Length":18,"Height":6,"Demand":1,"DemandMax":null,"Value":108},{"Length":24,"Height":13,"Demand":1,"DemandMax":null,"Value":312},{"Length":13,"Height":5,"Demand":1,"DemandMax":null,"Value":65},{"Length":16,"Height":25,"Demand":1,"DemandMax":null,"Value":400},{"Length":5,"Height":22,"Demand":1,"DemandMax":null,"Value":110},{"Length":35,"Height":26,"Demand":1,"DemandMax":null,"Value":910},{"Length":33,"Height":12,"Demand":1,"DemandMax":null,"Value":396},{"Length":6,"Height":32,"Demand":1,"DemandMax":null,"Value":192},{"Length":8,"Height":14,"Demand":1,"DemandMax":null,"Value":112},{"Length":35,"Height":35,"Demand":1,"DemandMax":null,"Value":1225},{"Length":26,"Height":10,"Demand":1,"DemandMax":null,"Value":260},{"Length":34,"Height":4,"Demand":1,"DemandMax":null,"Value":136},{"Length":22,"Height":26,"Demand":1,"DemandMax":null,"Value":572},{"Length":31,"Height":24,"Demand":1,"DemandMax":null,"Value":744},{"Length":11,"Height":31,"Demand":1,"DemandMax":null,"Value":341},{"Length":28,"Height":19,"Demand":1,"DemandMax":null,"Value":532},{"Length":20,"Height":6,"Demand":1,"DemandMax":null,"Value":120},{"Length":7,"Height":25,"Demand":1,"DemandMax":null,"Value":175},{"Length":19,"Height":13,"Demand":1,"DemandMax":null,"Value":247},{"Length":29,"Height":25,"Demand":1,"DemandMax":null,"Value":725},{"Length":22,"Height":21,"Demand":1,"DemandMax":null,"Value":462},{"Length":29,"Height":10,"Demand":1,"DemandMax":null,"Value":290},{"Length":22,"Height":11,"Demand":1,"DemandMax":null,"Value":242},{"Length":22,"Height":19,"Demand":1,"DemandMax":null,"Value":418},{"Length":24,"Height":9,"Demand":1,"DemandMax":null,"Value":216},{"Length":35,"Height":34,"Demand":1,"DemandMax":null,"Value":1190},{"Length":6,"Height":20,"Demand":1,"DemandMax":null,"Value":120},{"Length":3,"Height":10,"Demand":1,"DemandMax":null,"Value":30},{"Length":33,"Height":23,"Demand":1,"DemandMax":null,"Value":759},{"Length":2,"Height":13,"Demand":1,"DemandMax":null,"Value":26},{"Length":15,"Height":15,"Demand":1,"DemandMax":null,"Value":225},{"Length":34,"Height":26,"Demand":1,"DemandMax":null,"Value":884},{"Length":20,"Height":17,"Demand":1,"DemandMax":null,"Value":340},{"Length":16,"Height":9,"Demand":1,"DemandMax":null,"Value":144},{"Length":7,"Height":32,"Demand":1,"DemandMax":null,"Value":224},{"Length":23,"Height":24,"Demand":1,"DemandMax":null,"Value":552},{"Length":2,"Height":5,"Demand":1,"DemandMax":null,"Value":10},{"Length":35,"Height":6,"Demand":1,"DemandMax":null,"Value":210},{"Length":11,"Height":33,"Demand":1,"DemandMax":null,"Value":363},{"Length":8,"Height":3,"Demand":1,"DemandMax":null,"Value":24}]}