{"Name":"CLASS01_080_09","Objects":[{"Length":10,"Height":10,"Stock":null,"Cost":100}],"Items":[{"Length":9,"Height":4,"Demand":1,"DemandMax":null,"Value":36},{"Length":7,"Height":6,"Demand":2,"DemandMax":null,"Value":42},{"Length":3,"Height":10,"Demand":3,"DemandMax":null,"Value":30},{"Length":1,"Height":3,"Demand":1,"DemandMax":null,"Value":3},{"Length":6,"Height":2,"Demand":2,"DemandMax":null,"Value":12},{"Length":7,"Height":2,"Demand":2,"DemandMax":null,"Value":14},{"Length":5,"Height":6,"Demand":1,"DemandMax":null,"Value":30},{"Length":6,"Height":5,"Demand":1,"DemandMax":null,"Value":30},{"Length":10,"Height":9,"Demand":3,"DemandMax":null,"Value":90},{"Length":9,"Height":5,"Demand":1,"DemandMax":null,"Value":45},{"Length":5,"Height":2,"Demand":1,"DemandMax":null,"Value":10},{"Length":8,"Height":6,"Demand":1,"DemandMax":null,"Value":48},{"Length":9,"Height":1,"Demand":1,"DemandMax":null,"Value":9},{"Length":8,"Height":1,"Demand":1,"DemandMax":null,"Value":8},{"Length":10,"Height":5,"Demand":4,"DemandMax":null,"Value":50},{"Length":5,"Height":5,"Demand":1,"DemandMax":null,"Value":25},{"Length":4,"Height":7,"Demand":2,"DemandMax":null,"Value":28},{"Length":3,"Height":9,"Demand":2,"DemandMax":null,"Value":27},{"Length":1,"Height":4,"Demand":1,"DemandMax":null,"Value":4},{"Length":10,"Height":8,"Demand":1,"DemandMax":null,"Value":80},{"Length":6,"Height":9,"Demand":1,"DemandMax":null,"Value":54},{"Length":8,"Height":10,"Demand":1,"DemandMax":null,"Value":80},{"Length":7,"Height":5,"Demand":1,"DemandMax":null,"Value":35},{"Length":5,"Height":1,"Demand":2,"DemandMax":null,"Value":5},{"Length":4,"Height":8,"Demand":1,"DemandMax":null,"Value":32},{"Length":4,"Height":6,"Demand":2,"DemandMax":null,"Value":24},{"Length":3,"Height":7,"Demand":1,"DemandMax":null,"Value":21},{"Length":2,"Height":6,"Demand":2,"DemandMax":null,"Value":12},{"Length":9,"Height":3,"Demand":1,"DemandMax":null,"Value":27},{"Length":1,"Height":9,"Demand":1,"DemandMax":null,"Value":9},{"Length":1,"Height":10,"Demand":1,"DemandMax":null,"Value":10},{"Length":4,"Height":5,"Demand":1,"DemandMax":null,"Value":20},{"Length":10,"Height":7,"Demand":1,"DemandMax":null,"Value":70},{"Length":10,"Height":10,"Demand":1,"DemandMax":null,"Value":100},{"Length":10,"Height":3,"Demand":2,"DemandMax":null,"Value":30},{"Length":9,"Height":10,"Demand":1,"DemandMax":null,"Value":90},{"Length":7,"Height":7,"Demand":1,"DemandMax":null,"Value":49},{"Length":1,"Height":2,"Demand":1,"DemandMax":null,"Value":2},{"Length":2,"Height":1,"Demand":2,"DemandMax":null,"Value":2},{"Length":2,"Height":3,"Demand":1,"DemandMax":null,"Value":6},{"Length":3,"Height":3,"Demand":1,"DemandMax":null,"Value":9},{"Length":10,"Height":1,"Demand":1,"DemandMax":null,"Value":10},{"Length":3,"Height":8,"Demand":1,"DemandMax":null,"Value":24},{"Length":9,"Height":7,"Demand":1,"DemandMax":null,"Value":63},{"Length":6,"Height":10,"Demand":1,"DemandMax":null,"Value":60},{"Length":7,"Height":4,"Demand":1,"DemandMax":null,"Value":28},{"Length":9,"Height":9,"Demand":1,"DemandMax":null,"Value":81},{"Length":9,"Height":6,"Demand":3,"DemandMax":null,"Value":54},{"Length":10,"Height":2,"Demand":1,"DemandMax":null,"Value":20},{"Length":9,"Height":8,"Demand":1,"DemandMax":null,"Value":72},{"Length":1,"Height":7,"Demand":1,"DemandMax":null,"Value":7},{"Length":2,"Height":10,"Demand":1,"DemandMax":null,"Value":20},{"Length":4,"Height":2,"Demand":1,"DemandMax":null,"Value":8},{"Length":7,"Height":9,"Demand":1,"DemandMax":null,"Value":63},{"Length":9,"Height":2,"Demand":1,"DemandMax":null,"Value":18},{"Length":5,"Height":10,"Demand":1,"DemandMax":null,"Value":50},{"Length":3,"Height":4,"Demand":1,"DemandMax":null,"Value":12},{"Length":5,"Height":9,"Demand":1,"DemandMax":null,"Value":45},{"Length":8,"Height":5,"Demand":1,"DemandMax":null,"Value":40},{"Length":10,"Height":4,"Demand":1,"DemandMax":null,"Value":40},{"Length":7,"Height":10,"Demand":1,"DemandMax":null,"Value":70}]}