{"Name":"CLASS08_060_01","Objects":[{"Length":100,"Height":100,"Stock":null,"Cost":10000}],"Items":[{"Length":29,"Height":87,"Demand":1,"DemandMax":null,"Value":2523},{"Length":25,"Height":26,"Demand":1,"DemandMax":null,"Value":650},{"Length":40,"Height":88,"Demand":1,"DemandMax":null,"Value":3520},{"Length":44,"Height":98,"Demand":1,"DemandMax":null,"Value":4312},{"Length":29,"Height":90,"Demand":1,"DemandMax":null,"Value":2610},{"Length":16,"Height":97,"Demand":1,"DemandMax":null,"Value":1552},{"Length":47,"Height":95,"Demand":1,"DemandMax":null,"Value":4465},{"Length":41,"Height":80,"Demand":1,"DemandMax":null,"Value":3280},{"Length":42,"Height":66,"Demand":1,"DemandMax":null,"Value":2772},{"Length":19,"Height":83,"Demand":1,"DemandMax":null,"Value":1577},{"Length":15,"Height":75,"Demand":1,"DemandMax":null,"Value":1125},{"Length":49,"Height":71,"Demand":1,"DemandMax":null,"Value":3479},{"Length":76,"Height":29,"Demand":1,"DemandMax":null,"Value":2204},{"Length":88,"Height":19,"Demand":1,"DemandMax":null,"Value":1672},{"Length":45,"Height":98,"Demand":1,"DemandMax":null,"Value":4410},{"Length":20,"Height":70,"Demand":1,"DemandMax":null,"Value":1400},{"Length":2,"Height":78,"Demand":1,"DemandMax":null,"Value":156},{"Length":9,"Height":81,"Demand":1,"DemandMax":null,"Value":729},{"Length":36,"Height":42,"Demand":1,"DemandMax":null,"Value":1512},{"Length":2,"Height":77,"Demand":1,"DemandMax":null,"Value":154},{"Length":49,"Height":78,"Demand":1,"DemandMax":null,"Value":3822},{"Length":47,"Height":92,"Demand":1,"DemandMax":null,"Value":4324},{"Length":40,"Height":48,"Demand":1,"DemandMax":null,"Value":1920},{"Length":45,"Height":92,"Demand":1,"DemandMax":null,"Value":4140},{"Length":57,"Height":80,"Demand":1,"DemandMax":null,"Value":4560},{"Length":47,"Height":77,"Demand":1,"DemandMax":null,"Value":3619},{"Length":4,"Height":76,"Demand":1,"DemandMax":null,"Value":304},{"Length":1,"Height":81,"Demand":1,"DemandMax":null,"Value":81},{"Length":29,"Height":68,"Demand":1,"DemandMax":null,"Value":1972},{"Length":8,"Height":69,"Demand":1,"DemandMax":null,"Value":552},{"Length":31,"Height":97,"Demand":1,"DemandMax":null,"Value":3007},{"Length":18,"Height":77,"Demand":1,"DemandMax":null,"Value":1386},{"Length":60,"Height":90,"Demand":1,"DemandMax":null,"Value":5400},{"Length":80,"Height":56,"Demand":1,"DemandMax":null,"Value":4480},{"Length":19,"Height":91,"Demand":1,"DemandMax":null,"Value":1729},{"Length":46,"Height":82,"Demand":1,"DemandMax":null,"Value":3772},{"Length":5,"Height":91,"Demand":1,"DemandMax":null,"Value":455},{"Length":15,"Height":79,"Demand":1,"DemandMax":null,"Value":1185},{"Length":19,"Height":93,"Demand":1,"DemandMax":null,"Value":1767},{"Length":86,"Height":93,"Demand":1,"DemandMax":null,"Value":7998},{"Length":11,"Height":98,"Demand":1,"DemandMax":null,"Value":1078},{"Length":11,"Height":96,"Demand":1,"DemandMax":null,"Value":1056},{"Length":31,"Height":69,"Demand":1,"DemandMax":null,"Value":2139},{"Length":88,"Height":73,"Demand":1,"DemandMax":null,"Value":6424},{"Length":85,"Height":17,"Demand":1,"DemandMax":null,"Value":1445},{"Length":19,"Height":86,"Demand":1,"DemandMax":null,"Value":1634},{"Length":68,"Height":32,"Demand":1,"DemandMax":null,"Value":2176},{"Length":2,"Height":76,"Demand":1,"DemandMax":null,"Value":152},{"Length":8,"Height":100,"Demand":1,"DemandMax":null,"Value":800},{"Length":88,"Height":77,"Demand":1,"DemandMax":null,"Value":6776},{"Length":39,"Height":79,"Demand":1,"DemandMax":null,"Value":3081},{"Length":28,"Height":78,"Demand":1,"DemandMax":null,"Value":2184},{"Length":48,"Height":95,"Demand":1,"DemandMax":null,"Value":4560},{"Length":20,"Height":91,"Demand":1,"DemandMax":null,"Value":1820},{"Length":36,"Height":79,"Demand":1,"DemandMax":null,"Value":2844},{"Length":15,"Height":89,"Demand":1,"DemandMax":null,"Value":1335},{"Length":1,"Height":99,"Demand":1,"DemandMax":null,"Value":99},{"Length":12,"Height":71,"Demand":1,"DemandMax":null,"Value":852},{"Length":44,"Height":87,"Demand":1,"DemandMax":null,"Value":3828},{"Length":13,"Height":73,"Demand":1,"DemandMax":null,"Value":949}]}