{"Name":"CLASS05_040_09","Objects":[{"Length":100,"Height":100,"Stock":null,"Cost":10000}],"Items":[{"Length":44,"Height":10,"Demand":1,"DemandMax":null,"Value":440},{"Length":53,"Height":17,"Demand":1,"DemandMax":null,"Value":901},{"Length":23,"Height":58,"Demand":1,"DemandMax":null,"Value":1334},{"Length":11,"Height":22,"Demand":1,"DemandMax":null,"Value":242},{"Length":5,"Height":31,"Demand":1,"DemandMax":null,"Value":155},{"Length":28,"Height":41,"Demand":1,"DemandMax":null,"Value":1148},{"Length":34,"Height":40,"Demand":1,"DemandMax":null,"Value":1360},{"Length":14,"Height":51,"Demand":1,"DemandMax":null,"Value":714},{"Length":88,"Height":29,"Demand":1,"DemandMax":null,"Value":2552},{"Length":13,"Height":64,"Demand":1,"DemandMax":null,"Value":832},{"Length":78,"Height":77,"Demand":1,"DemandMax":null,"Value":6006},{"Length":4,"Height":24,"Demand":1,"DemandMax":null,"Value":96},{"Length":48,"Height":94,"Demand":1,"DemandMax":null,"Value":4512},{"Length":98,"Height":8,"Demand":1,"DemandMax":null,"Value":784},{"Length":76,"Height":24,"Demand":1,"DemandMax":null,"Value":1824},{"Length":39,"Height":29,"Demand":1,"DemandMax":null,"Value":1131},{"Length":74,"Height":46,"Demand":1,"DemandMax":null,"Value":3404},{"Length":4,"Height":30,"Demand":1,"DemandMax":null,"Value":120},{"Length":85,"Height":70,"Demand":1,"DemandMax":null,"Value":5950},{"Length":6,"Height":89,"Demand":1,"DemandMax":null,"Value":534},{"Length":88,"Height":42,"Demand":1,"DemandMax":null,"Value":3696},{"Length":88,"Height":18,"Demand":1,"DemandMax":null,"Value":1584},{"Length":93,"Height":38,"Demand":1,"DemandMax":null,"Value":3534},{"Length":27,"Height":60,"Demand":1,"DemandMax":null,"Value":1620},{"Length":46,"Height":70,"Demand":1,"DemandMax":null,"Value":3220},{"Length":37,"Height":93,"Demand":1,"DemandMax":null,"Value":3441},{"Length":23,"Height":83,"Demand":1,"DemandMax":null,"Value":1909},{"Length":60,"Height":29,"Demand":1,"DemandMax":null,"Value":1740},{"Length":36,"Height":54,"Demand":1,"DemandMax":null,"Value":1944},{"Length":74,"Height":12,"Demand":1,"DemandMax":null,"Value":888},{"Length":29,"Height":94,"Demand":1,"DemandMax":null,"Value":2726},{"Length":91,"Height":20,"Demand":1,"DemandMax":null,"Value":1820},{"Length":81,"Height":48,"Demand":1,"DemandMax":null,"Value":3888},{"Length":55,"Height":64,"Demand":1,"DemandMax":null,"Value":3520},{"Length":2,"Height":93,"Demand":1,"DemandMax":null,"Value":186},{"Length":44,"Height":89,"Demand":1,"DemandMax":null,"Value":3916},{"Length":36,"Height":41,"Demand":1,"DemandMax":null,"Value":1476},{"Length":69,"Height":71,"Demand":1,"DemandMax":null,"Value":4899},{"Length":62,"Height":36,"Demand":1,"DemandMax":null,"Value":2232},{"Length":74,"Height":23,"Demand":1,"DemandMax":null,"Value":1702}]}