{"Name":"CLASS04_100_07","Objects":[{"Length":100,"Height":100,"Stock":null,"Cost":10000}],"Items":[{"Length":17,"Height":23,"Demand":1,"DemandMax":null,"Value":391},{"Length":13,"Height":15,"Demand":1,"DemandMax":null,"Value":195},{"Length":3,"Height":2,"Demand":1,"DemandMax":null,"Value":6},{"Length":18,"Height":29,"Demand":1,"DemandMax":null,"Value":522},{"Length":32,"Height":9,"Demand":1,"DemandMax":null,"Value":288},{"Length":29,"Height":9,"Demand":1,"DemandMax":null,"Value":261},{"Length":4,"Height":1,"Demand":1,"DemandMax":null,"Value":4},{"Length":1,"Height":5,"Demand":1,"DemandMax":null,"Value":5},{"Length":4,"Height":17,"Demand":1,"DemandMax":null,"Value":68},{"Length":9,"Height":10,"Demand":1,"DemandMax":null,"Value":90},{"Length":24,"Height":3,"Demand":1,"DemandMax":null,"Value":72},{"Length":34,"Height":28,"Demand":1,"DemandMax":null,"Value":952},{"Length":34,"Height":22,"Demand":1,"DemandMax":null,"Value":748},{"Length":32,"Height":4,"Demand":1,"DemandMax":null,"Value":128},{"Length":13,"Height":6,"Demand":2,"DemandMax":null,"Value":78},{"Length":8,"Height":35,"Demand":2,"DemandMax":null,"Value":280},{"Length":25,"Height":6,"Demand":1,"DemandMax":null,"Value":150},{"Length":13,"Height":20,"Demand":1,"DemandMax":null,"Value":260},{"Length":2,"Height":15,"Demand":1,"DemandMax":null,"Value":30},{"Length":2,"Height":11,"Demand":1,"DemandMax":null,"Value":22},{"Length":31,"Height":2,"Demand":1,"DemandMax":null,"Value":62},{"Length":16,"Height":33,"Demand":1,"DemandMax":null,"Value":528},{"Length":34,"Height":17,"Demand":1,"DemandMax":null,"Value":578},{"Length":34,"Height":21,"Demand":1,"DemandMax":null,"Value":714},{"Length":14,"Height":17,"Demand":1,"DemandMax":null,"Value":238},{"Length":15,"Height":26,"Demand":1,"DemandMax":null,"Value":390},{"Length":22,"Height":7,"Demand":1,"DemandMax":null,"Value":154},{"Length":31,"Height":4,"Demand":1,"DemandMax":null,"Value":124},{"Length":15,"Height":1,"Demand":1,"DemandMax":null,"Value":15},{"Length":29,"Height":30,"Demand":2,"DemandMax":null,"Value":870},{"Length":33,"Height":28,"Demand":1,"DemandMax":null,"Value":924},{"Length":1,"Height":14,"Demand":1,"DemandMax":null,"Value":14},{"Length":21,"Height":20,"Demand":1,"DemandMax":null,"Value":420},{"Length":20,"Height":18,"Demand":1,"DemandMax":null,"Value":360},{"Length":6,"Height":28,"Demand":1,"DemandMax":null,"Value":168},{"Length":32,"Height":12,"Demand":1,"DemandMax":null,"Value":384},{"Length":26,"Height":11,"Demand":1,"DemandMax":null,"Value":286},{"Length":30,"Height":10,"Demand":1,"DemandMax":null,"Value":300},{"Length":28,"Height":6,"Demand":1,"DemandMax":null,"Value":168},{"Length":17,"Height":6,"Demand":1,"DemandMax":null,"Value":102},{"Length":4,"Height":29,"Demand":1,"DemandMax":null,"Value":116},{"Length":8,"Height":2,"Demand":1,"DemandMax":null,"Value":16},{"Length":27,"Height":2,"Demand":1,"DemandMax":null,"Value":54},{"Length":32,"Height":15,"Demand":1,"DemandMax":null,"Value":480},{"Length":22,"Height":1,"Demand":1,"DemandMax":null,"Value":22},{"Length":10,"Height":2,"Demand":1,"DemandMax":null,"Value":20},{"Length":28,"Height":35,"Demand":1,"DemandMax":null,"Value":980},{"Length":1,"Height":2,"Demand":1,"DemandMax":null,"Value":2},{"Length":8,"Height":27,"Demand":1,"DemandMax":null,"Value":216},{"Length":32,"Height":2,"Demand":1,"DemandMax":null,"Value":64},{"Length":35,"Height":5,"Demand":1,"DemandMax":null,"Value":175},{"Length":25,"Height":19,"Demand":1,"DemandMax":null,"Value":475},{"Length":20,"Height":7,"Demand":1,"DemandMax":null,"Value":140},{"Length":18,"Height":10,"Demand":1,"DemandMax":null,"Value":180},{"Length":26,"Height":13,"Demand":1,"DemandMax":null,"Value":338},{"Length":28,"Height":13,"Demand":1,"DemandMax":null,"Value":364},{"Length":21,"Height":17,"Demand":1,"DemandMax":null,"Value":357},{"Length":12,"Height":9,"Demand":1,"DemandMax":null,"Value":108},{"Length":21,"Height":21,"Demand":1,"DemandMax":null,"Value":441},{"Length":9,"Height":26,"Demand":1,"DemandMax":null,"Value":234},{"Length":18,"Height":7,"Demand":1,"DemandMax":null,"Value":126},{"Length":33,"Height":32,"Demand":1,"DemandMax":null,"Value":1056},{"Length":16,"Height":2,"Demand":1,"DemandMax":null,"Value":32},{"Length":8,"Height":7,"Demand":1,"DemandMax":null,"Value":56},{"Length":30,"Height":9,"Demand":1,"DemandMax":null,"Value":270},{"Length":7,"Height":15,"Demand":1,"DemandMax":null,"Value":105},{"Length":18,"Height":9,"Demand":1,"DemandMax":null,"Value":162},{"Length":11,"Height":23,"Demand":1,"DemandMax":null,"Value":253},{"Length":18,"Height":30,"Demand":1,"DemandMax":null,"Value":540},{"Length":12,"Height":14,"Demand":1,"DemandMax":null,"Value":168},{"Length":12,"Height":5,"Demand":1,"DemandMax":null,"Value":60},{"Length":14,"Height":12,"Demand":1,"DemandMax":null,"Value":168},{"Length":26,"Height":20,"Demand":1,"DemandMax":null,"Value":520},{"Length":32,"Height":24,"Demand":1,"DemandMax":null,"Value":768},{"Length":29,"Height":31,"Demand":1,"DemandMax":null,"Value":899},{"Length":24,"Height":28,"Demand":1,"DemandMax":null,"Value":672},{"Length":2,"Height":9,"Demand":1,"DemandMax":null,"Value":18},{"Length":29,"Height":18,"Demand":1,"DemandMax":null,"Value":522},{"Length":7,"Height":3,"Demand":1,"DemandMax":null,"Value":21},{"Length":27,"Height":32,"Demand":1,"DemandMax":null,"Value":864},{"Length":10,"Height":16,"Demand":1,"DemandMax":null,"Value":160},{"Length":1,"Height":21,"Demand":1,"DemandMax":null,"Value":21},{"Length":17,"Height":31,"Demand":1,"DemandMax":null,"Value":527},{"Length":32,"Height":30,"Demand":1,"DemandMax":null,"Value":960},{"Length":29,"Height":13,"Demand":1,"DemandMax":null,"Value":377},{"Length":5,"Height":24,"Demand":1,"DemandMax":null,"Value":120},{"Length":3,"Height":11,"Demand":1,"DemandMax":null,"Value":33},{"Length":7,"Height":7,"Demand":1,"DemandMax":null,"Value":49},{"Length":13,"Height":18,"Demand":1,"DemandMax":null,"Value":234},{"Length":5,"Height":3,"Demand":1,"DemandMax":null,"Value":15},{"Length":6,"Height":15,"Demand":1,"DemandMax":null,"Value":90},{"Length":5,"Height":15,"Demand":1,"DemandMax":null,"Value":75},{"Length":22,"Height":35,"Demand":1,"DemandMax":null,"Value":770},{"Length":18,"Height":13,"Demand":1,"DemandMax":null,"Value":234},{"Length":35,"Height":3,"Demand":1,"DemandMax":null,"Value":105},{"Length":24,"Height":35,"Demand":1,"DemandMax":null,"Value":840},{"Length":14,"Height":14,"Demand":1,"DemandMax":null,"Value":196}]}