{"Name":"CLASS07_020_10","Objects":[{"Length":100,"Height":100,"Stock":null,"Cost":10000}],"Items":[{"Length":25,"Height":39,"Demand":1,"DemandMax":null,"Value":975},{"Length":76,"Height":6,"Demand":2,"DemandMax":null,"Value":456},{"Length":37,"Height":48,"Demand":1,"DemandMax":null,"Value":1776},{"Length":9,"Height":72,"Demand":1,"DemandMax":null,"Value":648},{"Length":84,"Height":10,"Demand":1,"DemandMax":null,"Value":840},{"Length":6,"Height":42,"Demand":1,"DemandMax":null,"Value":252},{"Length":44,"Height":82,"Demand":1,"DemandMax":null,"Value":3608},{"Length":70,"Height":2,"Demand":1,"DemandMax":null,"Value":140},{"Length":92,"Height":42,"Demand":1,"DemandMax":null,"Value":3864},{"Length":72,"Height":40,"Demand":1,"DemandMax":null,"Value":2880},{"Length":12,"Height":74,"Demand":1,"DemandMax":null,"Value":888},{"Length":74,"Height":37,"Demand":1,"DemandMax":null,"Value":2738},{"Length":82,"Height":50,"Demand":1,"DemandMax":null,"Value":4100},{"Length":42,"Height":13,"Demand":1,"DemandMax":null,"Value":546},{"Length":90,"Height":21,"Demand":1,"DemandMax":null,"Value":1890},{"Length":49,"Height":43,"Demand":1,"DemandMax":null,"Value":2107},{"Length":1,"Height":80,"Demand":1,"DemandMax":null,"Value":80},{"Length":89,"Height":25,"Demand":1,"DemandMax":null,"Value":2225},{"Length":78,"Height":48,"Demand":1,"DemandMax":null,"Value":3744}]}