{"Name":"CLASS03_060_03","Objects":[{"Length":40,"Height":40,"Stock":null,"Cost":1600}],"Items":[{"Length":19,"Height":13,"Demand":1,"DemandMax":null,"Value":247},{"Length":9,"Height":13,"Demand":1,"DemandMax":null,"Value":117},{"Length":34,"Height":15,"Demand":1,"DemandMax":null,"Value":510},{"Length":21,"Height":28,"Demand":1,"DemandMax":null,"Value":588},{"Length":12,"Height":34,"Demand":1,"DemandMax":null,"Value":408},{"Length":26,"Height":31,"Demand":1,"DemandMax":null,"Value":806},{"Length":25,"Height":27,"Demand":1,"DemandMax":null,"Value":675},{"Length":16,"Height":5,"Demand":1,"DemandMax":null,"Value":80},{"Length":19,"Height":32,"Demand":1,"DemandMax":null,"Value":608},{"Length":31,"Height":11,"Demand":1,"DemandMax":null,"Value":341},{"Length":23,"Height":30,"Demand":1,"DemandMax":null,"Value":690},{"Length":15,"Height":17,"Demand":1,"DemandMax":null,"Value":255},{"Length":4,"Height":14,"Demand":1,"DemandMax":null,"Value":56},{"Length":32,"Height":5,"Demand":1,"DemandMax":null,"Value":160},{"Length":13,"Height":22,"Demand":1,"DemandMax":null,"Value":286},{"Length":14,"Height":2,"Demand":1,"DemandMax":null,"Value":28},{"Length":7,"Height":34,"Demand":1,"DemandMax":null,"Value":238},{"Length":13,"Height":11,"Demand":1,"DemandMax":null,"Value":143},{"Length":26,"Height":9,"Demand":1,"DemandMax":null,"Value":234},{"Length":20,"Height":13,"Demand":1,"DemandMax":null,"Value":260},{"Length":15,"Height":20,"Demand":1,"DemandMax":null,"Value":300},{"Length":5,"Height":1,"Demand":1,"DemandMax":null,"Value":5},{"Length":35,"Height":12,"Demand":1,"DemandMax":null,"Value":420},{"Length":18,"Height":13,"Demand":1,"DemandMax":null,"Value":234},{"Length":21,"Height":13,"Demand":1,"DemandMax":null,"Value":273},{"Length":17,"Height":30,"Demand":1,"DemandMax":null,"Value":510},{"Length":24,"Height":26,"Demand":1,"DemandMax":null,"Value":624},{"Length":5,"Height":9,"Demand":1,"DemandMax":null,"Value":45},{"Length":1,"Height":32,"Demand":1,"DemandMax":null,"Value":32},{"Length":32,"Height":23,"Demand":1,"DemandMax":null,"Value":736},{"Length":25,"Height":24,"Demand":1,"DemandMax":null,"Value":600},{"Length":22,"Height":19,"Demand":1,"DemandMax":null,"Value":418},{"Length":7,"Height":5,"Demand":1,"DemandMax":null,"Value":35},{"Length":12,"Height":24,"Demand":1,"DemandMax":null,"Value":288},{"Length":10,"Height":26,"Demand":1,"DemandMax":null,"Value":260},{"Length":19,"Height":7,"Demand":1,"DemandMax":null,"Value":133},{"Length":2,"Height":9,"Demand":1,"DemandMax":null,"Value":18},{"Length":35,"Height":17,"Demand":1,"DemandMax":null,"Value":595},{"Length":33,"Height":28,"Demand":1,"DemandMax":null,"Value":924},{"Length":28,"Height":13,"Demand":1,"DemandMax":null,"Value":364},{"Length":27,"Height":28,"Demand":1,"DemandMax":null,"Value":756},{"Length":14,"Height":33,"Demand":1,"DemandMax":null,"Value":462},{"Length":22,"Height":2,"Demand":1,"DemandMax":null,"Value":44},{"Length":21,"Height":23,"Demand":1,"DemandMax":null,"Value":483},{"Length":33,"Height":23,"Demand":1,"DemandMax":null,"Value":759},{"Length":17,"Height":10,"Demand":1,"DemandMax":null,"Value":170},{"Length":17,"Height":3,"Demand":1,"DemandMax":null,"Value":51},{"Length":18,"Height":33,"Demand":1,"DemandMax":null,"Value":594},{"Length":15,"Height":3,"Demand":1,"DemandMax":null,"Value":45},{"Length":15,"Height":2,"Demand":1,"DemandMax":null,"Value":30},{"Length":5,"Height":27,"Demand":1,"DemandMax":null,"Value":135},{"Length":14,"Height":15,"Demand":1,"DemandMax":null,"Value":210},{"Length":16,"Height":21,"Demand":1,"DemandMax":null,"Value":336},{"Length":29,"Height":6,"Demand":1,"DemandMax":null,"Value":174},{"Length":16,"Height":12,"Demand":1,"DemandMax":null,"Value":192},{"Length":18,"Height":25,"Demand":1,"DemandMax":null,"Value":450},{"Length":21,"Height":4,"Demand":1,"DemandMax":null,"Value":84},{"Length":19,"Height":29,"Demand":1,"DemandMax":null,"Value":551},{"Length":22,"Height":13,"Demand":1,"DemandMax":null,"Value":286},{"Length":14,"Height":22,"Demand":1,"DemandMax":null,"Value":308}]}