{"Name":"CLASS05_040_08","Objects":[{"Length":100,"Height":100,"Stock":null,"Cost":10000}],"Items":[{"Length":98,"Height":4,"Demand":1,"DemandMax":null,"Value":392},{"Length":30,"Height":4,"Demand":1,"DemandMax":null,"Value":120},{"Length":86,"Height":66,"Demand":1,"DemandMax":null,"Value":5676},{"Length":87,"Height":46,"Demand":1,"DemandMax":null,"Value":4002},{"Length":88,"Height":32,"Demand":1,"DemandMax":null,"Value":2816},{"Length":79,"Height":46,"Demand":1,"DemandMax":null,"Value":3634},{"Length":82,"Height":44,"Demand":1,"DemandMax":null,"Value":3608},{"Length":52,"Height":15,"Demand":1,"DemandMax":null,"Value":780},{"Length":78,"Height":81,"Demand":1,"DemandMax":null,"Value":6318},{"Length":82,"Height":98,"Demand":1,"DemandMax":null,"Value":8036},{"Length":21,"Height":54,"Demand":1,"DemandMax":null,"Value":1134},{"Length":82,"Height":72,"Demand":1,"DemandMax":null,"Value":5904},{"Length":89,"Height":8,"Demand":1,"DemandMax":null,"Value":712},{"Length":96,"Height":49,"Demand":1,"DemandMax":null,"Value":4704},{"Length":93,"Height":19,"Demand":1,"DemandMax":null,"Value":1767},{"Length":1,"Height":73,"Demand":1,"DemandMax":null,"Value":73},{"Length":77,"Height":100,"Demand":1,"DemandMax":null,"Value":7700},{"Length":9,"Height":22,"Demand":1,"DemandMax":null,"Value":198},{"Length":20,"Height":95,"Demand":1,"DemandMax":null,"Value":1900},{"Length":64,"Height":7,"Demand":1,"DemandMax":null,"Value":448},{"Length":31,"Height":81,"Demand":1,"DemandMax":null,"Value":2511},{"Length":44,"Height":72,"Demand":1,"DemandMax":null,"Value":3168},{"Length":57,"Height":70,"Demand":1,"DemandMax":null,"Value":3990},{"Length":59,"Height":95,"Demand":1,"DemandMax":null,"Value":5605},{"Length":74,"Height":5,"Demand":1,"DemandMax":null,"Value":370},{"Length":55,"Height":88,"Demand":1,"DemandMax":null,"Value":4840},{"Length":93,"Height":66,"Demand":1,"DemandMax":null,"Value":6138},{"Length":9,"Height":94,"Demand":1,"DemandMax":null,"Value":846},{"Length":60,"Height":62,"Demand":1,"DemandMax":null,"Value":3720},{"Length":33,"Height":92,"Demand":1,"DemandMax":null,"Value":3036},{"Length":51,"Height":39,"Demand":1,"DemandMax":null,"Value":1989},{"Length":70,"Height":92,"Demand":1,"DemandMax":null,"Value":6440},{"Length":78,"Height":74,"Demand":1,"DemandMax":null,"Value":5772},{"Length":98,"Height":40,"Demand":1,"DemandMax":null,"Value":3920},{"Length":86,"Height":78,"Demand":1,"DemandMax":null,"Value":6708},{"Length":30,"Height":12,"Demand":1,"DemandMax":null,"Value":360},{"Length":52,"Height":96,"Demand":1,"DemandMax":null,"Value":4992},{"Length":8,"Height":20,"Demand":1,"DemandMax":null,"Value":160},{"Length":87,"Height":5,"Demand":1,"DemandMax":null,"Value":435},{"Length":11,"Height":8,"Demand":1,"DemandMax":null,"Value":88}]}