{"Name":"CLASS03_100_09","Objects":[{"Length":40,"Height":40,"Stock":null,"Cost":1600}],"Items":[{"Length":16,"Height":19,"Demand":1,"DemandMax":null,"Value":304},{"Length":8,"Height":1,"Demand":1,"DemandMax":null,"Value":8},{"Length":6,"Height":26,"Demand":1,"DemandMax":null,"Value":156},{"Length":6,"Height":31,"Demand":1,"DemandMax":null,"Value":186},{"Length":16,"Height":2,"Demand":1,"DemandMax":null,"Value":32},{"Length":21,"Height":4,"Demand":2,"DemandMax":null,"Value":84},{"Length":16,"Height":10,"Demand":1,"DemandMax":null,"Value":160},{"Length":9,"Height":5,"Demand":1,"DemandMax":null,"Value":45},{"Length":20,"Height":19,"Demand":1,"DemandMax":null,"Value":380},{"Length":10,"Height":26,"Demand":1,"DemandMax":null,"Value":260},{"Length":22,"Height":10,"Demand":1,"DemandMax":null,"Value":220},{"Length":5,"Height":2,"Demand":1,"DemandMax":null,"Value":10},{"Length":24,"Height":9,"Demand":1,"DemandMax":null,"Value":216},{"Length":19,"Height":17,"Demand":1,"DemandMax":null,"Value":323},{"Length":8,"Height":21,"Demand":1,"DemandMax":null,"Value":168},{"Length":23,"Height":29,"Demand":1,"DemandMax":null,"Value":667},{"Length":1,"Height":26,"Demand":1,"DemandMax":null,"Value":26},{"Length":32,"Height":8,"Demand":1,"DemandMax":null,"Value":256},{"Length":6,"Height":17,"Demand":1,"DemandMax":null,"Value":102},{"Length":2,"Height":2,"Demand":1,"DemandMax":null,"Value":4},{"Length":4,"Height":31,"Demand":1,"DemandMax":null,"Value":124},{"Length":9,"Height":6,"Demand":1,"DemandMax":null,"Value":54},{"Length":23,"Height":16,"Demand":1,"DemandMax":null,"Value":368},{"Length":32,"Height":22,"Demand":1,"DemandMax":null,"Value":704},{"Length":31,"Height":32,"Demand":1,"DemandMax":null,"Value":992},{"Length":28,"Height":31,"Demand":1,"DemandMax":null,"Value":868},{"Length":9,"Height":14,"Demand":1,"DemandMax":null,"Value":126},{"Length":3,"Height":25,"Demand":1,"DemandMax":null,"Value":75},{"Length":18,"Height":13,"Demand":1,"DemandMax":null,"Value":234},{"Length":5,"Height":9,"Demand":1,"DemandMax":null,"Value":45},{"Length":29,"Height":21,"Demand":1,"DemandMax":null,"Value":609},{"Length":28,"Height":32,"Demand":1,"DemandMax":null,"Value":896},{"Length":21,"Height":6,"Demand":1,"DemandMax":null,"Value":126},{"Length":5,"Height":18,"Demand":1,"DemandMax":null,"Value":90},{"Length":22,"Height":19,"Demand":1,"DemandMax":null,"Value":418},{"Length":35,"Height":17,"Demand":2,"DemandMax":null,"Value":595},{"Length":35,"Height":7,"Demand":1,"DemandMax":null,"Value":245},{"Length":7,"Height":5,"Demand":1,"DemandMax":null,"Value":35},{"Length":15,"Height":19,"Demand":1,"DemandMax":null,"Value":285},{"Length":33,"Height":33,"Demand":1,"DemandMax":null,"Value":1089},{"Length":11,"Height":8,"Demand":1,"DemandMax":null,"Value":88},{"Length":14,"Height":22,"Demand":1,"DemandMax":null,"Value":308},{"Length":16,"Height":25,"Demand":1,"DemandMax":null,"Value":400},{"Length":35,"Height":13,"Demand":1,"DemandMax":null,"Value":455},{"Length":33,"Height":28,"Demand":1,"DemandMax":null,"Value":924},{"Length":18,"Height":20,"Demand":1,"DemandMax":null,"Value":360},{"Length":9,"Height":20,"Demand":1,"DemandMax":null,"Value":180},{"Length":2,"Height":35,"Demand":1,"DemandMax":null,"Value":70},{"Length":5,"Height":16,"Demand":1,"DemandMax":null,"Value":80},{"Length":2,"Height":28,"Demand":1,"DemandMax":null,"Value":56},{"Length":25,"Height":10,"Demand":1,"DemandMax":null,"Value":250},{"Length":11,"Height":15,"Demand":1,"DemandMax":null,"Value":165},{"Length":15,"Height":4,"Demand":1,"DemandMax":null,"Value":60},{"Length":33,"Height":22,"Demand":1,"DemandMax":null,"Value":726},{"Length":2,"Height":15,"Demand":1,"DemandMax":null,"Value":30},{"Length":12,"Height":17,"Demand":1,"DemandMax":null,"Value":204},{"Length":25,"Height":35,"Demand":1,"DemandMax":null,"Value":875},{"Length":12,"Height":18,"Demand":1,"DemandMax":null,"Value":216},{"Length":29,"Height":32,"Demand":1,"DemandMax":null,"Value":928},{"Length":1,"Height":16,"Demand":1,"DemandMax":null,"Value":16},{"Length":7,"Height":23,"Demand":1,"DemandMax":null,"Value":161},{"Length":30,"Height":15,"Demand":1,"DemandMax":null,"Value":450},{"Length":33,"Height":34,"Demand":1,"DemandMax":null,"Value":1122},{"Length":21,"Height":30,"Demand":1,"DemandMax":null,"Value":630},{"Length":16,"Height":34,"Demand":1,"DemandMax":null,"Value":544},{"Length":13,"Height":18,"Demand":1,"DemandMax":null,"Value":234},{"Length":20,"Height":4,"Demand":1,"DemandMax":null,"Value":80},{"Length":22,"Height":20,"Demand":1,"DemandMax":null,"Value":440},{"Length":14,"Height":5,"Demand":1,"DemandMax":null,"Value":70},{"Length":4,"Height":14,"Demand":1,"DemandMax":null,"Value":56},{"Length":12,"Height":8,"Demand":1,"DemandMax":null,"Value":96},{"Length":34,"Height":29,"Demand":1,"DemandMax":null,"Value":986},{"Length":7,"Height":27,"Demand":1,"DemandMax":null,"Value":189},{"Length":21,"Height":33,"Demand":1,"DemandMax":null,"Value":693},{"Length":3,"Height":20,"Demand":1,"DemandMax":null,"Value":60},{"Length":29,"Height":7,"Demand":1,"DemandMax":null,"Value":203},{"Length":15,"Height":26,"Demand":1,"DemandMax":null,"Value":390},{"Length":27,"Height":13,"Demand":1,"DemandMax":null,"Value":351},{"Length":2,"Height":24,"Demand":1,"DemandMax":null,"Value":48},{"Length":29,"Height":20,"Demand":1,"DemandMax":null,"Value":580},{"Length":35,"Height":8,"Demand":1,"DemandMax":null,"Value":280},{"Length":28,"Height":8,"Demand":1,"DemandMax":null,"Value":224},{"Length":27,"Height":16,"Demand":1,"DemandMax":null,"Value":432},{"Length":28,"Height":5,"Demand":1,"DemandMax":null,"Value":140},{"Length":4,"Height":29,"Demand":1,"DemandMax":null,"Value":116},{"Length":10,"Height":15,"Demand":1,"DemandMax":null,"Value":150},{"Length":6,"Height":4,"Demand":1,"DemandMax":null,"Value":24},{"Length":12,"Height":15,"Demand":1,"DemandMax":null,"Value":180},{"Length":3,"Height":5,"Demand":1,"DemandMax":null,"Value":15},{"Length":15,"Height":8,"Demand":1,"DemandMax":null,"Value":120},{"Length":34,"Height":18,"Demand":1,"DemandMax":null,"Value":612},{"Length":20,"Height":9,"Demand":1,"DemandMax":null,"Value":180},{"Length":15,"Height":35,"Demand":1,"DemandMax":null,"Value":525},{"Length":5,"Height":22,"Demand":1,"DemandMax":null,"Value":110},{"Length":21,"Height":14,"Demand":1,"DemandMax":null,"Value":294},{"Length":35,"Height":29,"Demand":1,"DemandMax":null,"Value":1015},{"Length":31,"Height":29,"Demand":1,"DemandMax":null,"Value":899},{"Length":7,"Height":21,"Demand":1,"DemandMax":null,"Value":147}]}