{"Name":"CLASS04_040_06","Objects":[{"Length":100,"Height":100,"Stock":null,"Cost":10000}],"Items":[{"Length":9,"Height":20,"Demand":1,"DemandMax":null,"Value":180},{"Length":23,"Height":1,"Demand":1,"DemandMax":null,"Value":23},{"Length":17,"Height":23,"Demand":1,"DemandMax":null,"Value":391},{"Length":12,"Height":12,"Demand":1,"DemandMax":null,"Value":144},{"Length":3,"Height":11,"Demand":1,"DemandMax":null,"Value":33},{"Length":33,"Height":5,"Demand":1,"DemandMax":null,"Value":165},{"Length":16,"Height":24,"Demand":1,"DemandMax":null,"Value":384},{"Length":20,"Height":6,"Demand":1,"DemandMax":null,"Value":120},{"Length":15,"Height":6,"Demand":1,"DemandMax":null,"Value":90},{"Length":23,"Height":20,"Demand":1,"DemandMax":null,"Value":460},{"Length":4,"Height":21,"Demand":1,"DemandMax":null,"Value":84},{"Length":35,"Height":27,"Demand":1,"DemandMax":null,"Value":945},{"Length":32,"Height":1,"Demand":1,"DemandMax":null,"Value":32},{"Length":25,"Height":20,"Demand":1,"DemandMax":null,"Value":500},{"Length":22,"Height":33,"Demand":1,"DemandMax":null,"Value":726},{"Length":8,"Height":1,"Demand":1,"DemandMax":null,"Value":8},{"Length":13,"Height":3,"Demand":1,"DemandMax":null,"Value":39},{"Length":11,"Height":23,"Demand":1,"DemandMax":null,"Value":253},{"Length":21,"Height":21,"Demand":2,"DemandMax":null,"Value":441},{"Length":3,"Height":6,"Demand":1,"DemandMax":null,"Value":18},{"Length":2,"Height":32,"Demand":1,"DemandMax":null,"Value":64},{"Length":1,"Height":26,"Demand":2,"DemandMax":null,"Value":26},{"Length":31,"Height":29,"Demand":1,"DemandMax":null,"Value":899},{"Length":30,"Height":26,"Demand":1,"DemandMax":null,"Value":780},{"Length":18,"Height":15,"Demand":1,"DemandMax":null,"Value":270},{"Length":25,"Height":1,"Demand":1,"DemandMax":null,"Value":25},{"Length":25,"Height":5,"Demand":1,"DemandMax":null,"Value":125},{"Length":2,"Height":23,"Demand":1,"DemandMax":null,"Value":46},{"Length":21,"Height":28,"Demand":1,"DemandMax":null,"Value":588},{"Length":22,"Height":3,"Demand":1,"DemandMax":null,"Value":66},{"Length":23,"Height":16,"Demand":1,"DemandMax":null,"Value":368},{"Length":20,"Height":4,"Demand":1,"DemandMax":null,"Value":80},{"Length":11,"Height":29,"Demand":1,"DemandMax":null,"Value":319},{"Length":20,"Height":35,"Demand":1,"DemandMax":null,"Value":700},{"Length":22,"Height":23,"Demand":1,"DemandMax":null,"Value":506},{"Length":23,"Height":15,"Demand":1,"DemandMax":null,"Value":345},{"Length":25,"Height":10,"Demand":1,"DemandMax":null,"Value":250},{"Length":28,"Height":7,"Demand":1,"DemandMax":null,"Value":196}]}