{"Name":"CLASS05_020_02","Objects":[{"Length":100,"Height":100,"Stock":null,"Cost":10000}],"Items":[{"Length":18,"Height":16,"Demand":1,"DemandMax":null,"Value":288},{"Length":51,"Height":72,"Demand":1,"DemandMax":null,"Value":3672},{"Length":95,"Height":12,"Demand":1,"DemandMax":null,"Value":1140},{"Length":7,"Height":24,"Demand":1,"DemandMax":null,"Value":168},{"Length":75,"Height":32,"Demand":1,"DemandMax":null,"Value":2400},{"Length":21,"Height":91,"Demand":1,"DemandMax":null,"Value":1911},{"Length":1,"Height":89,"Demand":1,"DemandMax":null,"Value":89},{"Length":4,"Height":48,"Demand":1,"DemandMax":null,"Value":192},{"Length":52,"Height":25,"Demand":1,"DemandMax":null,"Value":1300},{"Length":1,"Height":9,"Demand":1,"DemandMax":null,"Value":9},{"Length":40,"Height":20,"Demand":1,"DemandMax":null,"Value":800},{"Length":90,"Height":16,"Demand":1,"DemandMax":null,"Value":1440},{"Length":7,"Height":85,"Demand":1,"DemandMax":null,"Value":595},{"Length":81,"Height":48,"Demand":1,"DemandMax":null,"Value":3888},{"Length":33,"Height":62,"Demand":1,"DemandMax":null,"Value":2046},{"Length":19,"Height":16,"Demand":1,"DemandMax":null,"Value":304},{"Length":28,"Height":32,"Demand":1,"DemandMax":null,"Value":896},{"Length":82,"Height":65,"Demand":1,"DemandMax":null,"Value":5330},{"Length":37,"Height":4,"Demand":1,"DemandMax":null,"Value":148},{"Length":81,"Height":71,"Demand":1,"DemandMax":null,"Value":5751}]}