{"Name":"CLASS04_060_10","Objects":[{"Length":100,"Height":100,"Stock":null,"Cost":10000}],"Items":[{"Length":25,"Height":26,"Demand":1,"DemandMax":null,"Value":650},{"Length":9,"Height":26,"Demand":1,"DemandMax":null,"Value":234},{"Length":17,"Height":17,"Demand":1,"DemandMax":null,"Value":289},{"Length":10,"Height":6,"Demand":1,"DemandMax":null,"Value":60},{"Length":30,"Height":13,"Demand":1,"DemandMax":null,"Value":390},{"Length":27,"Height":34,"Demand":1,"DemandMax":null,"Value":918},{"Length":32,"Height":6,"Demand":1,"DemandMax":null,"Value":192},{"Length":17,"Height":19,"Demand":1,"DemandMax":null,"Value":323},{"Length":3,"Height":34,"Demand":1,"DemandMax":null,"Value":102},{"Length":20,"Height":25,"Demand":1,"DemandMax":null,"Value":500},{"Length":7,"Height":10,"Demand":1,"DemandMax":null,"Value":70},{"Length":17,"Height":20,"Demand":1,"DemandMax":null,"Value":340},{"Length":11,"Height":28,"Demand":1,"DemandMax":null,"Value":308},{"Length":33,"Height":20,"Demand":1,"DemandMax":null,"Value":660},{"Length":32,"Height":25,"Demand":1,"DemandMax":null,"Value":800},{"Length":4,"Height":17,"Demand":1,"DemandMax":null,"Value":68},{"Length":27,"Height":14,"Demand":1,"DemandMax":null,"Value":378},{"Length":15,"Height":14,"Demand":1,"DemandMax":null,"Value":210},{"Length":34,"Height":24,"Demand":1,"DemandMax":null,"Value":816},{"Length":22,"Height":29,"Demand":1,"DemandMax":null,"Value":638},{"Length":34,"Height":23,"Demand":1,"DemandMax":null,"Value":782},{"Length":31,"Height":17,"Demand":1,"DemandMax":null,"Value":527},{"Length":20,"Height":27,"Demand":1,"DemandMax":null,"Value":540},{"Length":21,"Height":17,"Demand":1,"DemandMax":null,"Value":357},{"Length":30,"Height":28,"Demand":1,"DemandMax":null,"Value":840},{"Length":20,"Height":11,"Demand":1,"DemandMax":null,"Value":220},{"Length":10,"Height":30,"Demand":1,"DemandMax":null,"Value":300},{"Length":31,"Height":25,"Demand":1,"DemandMax":null,"Value":775},{"Length":21,"Height":14,"Demand":1,"DemandMax":null,"Value":294},{"Length":35,"Height":28,"Demand":1,"DemandMax":null,"Value":980},{"Length":34,"Height":6,"Demand":1,"DemandMax":null,"Value":204},{"Length":25,"Height":1,"Demand":1,"DemandMax":null,"Value":25},{"Length":28,"Height":10,"Demand":1,"DemandMax":null,"Value":280},{"Length":4,"Height":6,"Demand":1,"DemandMax":null,"Value":24},{"Length":31,"Height":8,"Demand":1,"DemandMax":null,"Value":248},{"Length":23,"Height":12,"Demand":1,"DemandMax":null,"Value":276},{"Length":11,"Height":26,"Demand":1,"DemandMax":null,"Value":286},{"Length":4,"Height":34,"Demand":1,"DemandMax":null,"Value":136},{"Length":20,"Height":33,"Demand":1,"DemandMax":null,"Value":660},{"Length":21,"Height":30,"Demand":1,"DemandMax":null,"Value":630},{"Length":14,"Height":10,"Demand":1,"DemandMax":null,"Value":140},{"Length":19,"Height":4,"Demand":1,"DemandMax":null,"Value":76},{"Length":32,"Height":19,"Demand":1,"DemandMax":null,"Value":608},{"Length":26,"Height":6,"Demand":1,"DemandMax":null,"Value":156},{"Length":20,"Height":29,"Demand":1,"DemandMax":null,"Value":580},{"Length":10,"Height":28,"Demand":1,"DemandMax":null,"Value":280},{"Length":5,"Height":21,"Demand":1,"DemandMax":null,"Value":105},{"Length":23,"Height":4,"Demand":1,"DemandMax":null,"Value":92},{"Length":25,"Height":21,"Demand":1,"DemandMax":null,"Value":525},{"Length":21,"Height":21,"Demand":1,"DemandMax":null,"Value":441},{"Length":28,"Height":34,"Demand":1,"DemandMax":null,"Value":952},{"Length":8,"Height":34,"Demand":1,"DemandMax":null,"Value":272},{"Length":4,"Height":5,"Demand":1,"DemandMax":null,"Value":20},{"Length":35,"Height":13,"Demand":1,"DemandMax":null,"Value":455},{"Length":27,"Height":31,"Demand":1,"DemandMax":null,"Value":837},{"Length":24,"Height":8,"Demand":1,"DemandMax":null,"Value":192},{"Length":9,"Height":11,"Demand":1,"DemandMax":null,"Value":99},{"Length":14,"Height":13,"Demand":1,"DemandMax":null,"Value":182},{"Length":11,"Height":32,"Demand":1,"DemandMax":null,"Value":352},{"Length":20,"Height":30,"Demand":1,"DemandMax":null,"Value":600}]}