{"Name":"CLASS07_020_04","Objects":[{"Length":100,"Height":100,"Stock":null,"Cost":10000}],"Items":[{"Length":73,"Height":20,"Demand":1,"DemandMax":null,"Value":1460},{"Length":84,"Height":31,"Demand":2,"DemandMax":null,"Value":2604},{"Length":77,"Height":37,"Demand":1,"DemandMax":null,"Value":2849},{"Length":78,"Height":55,"Demand":1,"DemandMax":null,"Value":4290},{"Length":71,"Height":33,"Demand":1,"DemandMax":null,"Value":2343},{"Length":93,"Height":4,"Demand":1,"DemandMax":null,"Value":372},{"Length":76,"Height":13,"Demand":1,"DemandMax":null,"Value":988},{"Length":54,"Height":53,"Demand":1,"DemandMax":null,"Value":2862},{"Length":2,"Height":98,"Demand":1,"DemandMax":null,"Value":196},{"Length":82,"Height":33,"Demand":1,"DemandMax":null,"Value":2706},{"Length":65,"Height":82,"Demand":1,"DemandMax":null,"Value":5330},{"Length":97,"Height":39,"Demand":1,"DemandMax":null,"Value":3783},{"Length":70,"Height":21,"Demand":1,"DemandMax":null,"Value":1470},{"Length":79,"Height":23,"Demand":1,"DemandMax":null,"Value":1817},{"Length":26,"Height":74,"Demand":1,"DemandMax":null,"Value":1924},{"Length":47,"Height":35,"Demand":1,"DemandMax":null,"Value":1645},{"Length":82,"Height":8,"Demand":1,"DemandMax":null,"Value":656},{"Length":76,"Height":75,"Demand":1,"DemandMax":null,"Value":5700},{"Length":99,"Height":55,"Demand":1,"DemandMax":null,"Value":5445}]}