{"Name":"CLASS08_060_05","Objects":[{"Length":100,"Height":100,"Stock":null,"Cost":10000}],"Items":[{"Length":78,"Height":12,"Demand":1,"DemandMax":null,"Value":936},{"Length":29,"Height":96,"Demand":1,"DemandMax":null,"Value":2784},{"Length":90,"Height":94,"Demand":1,"DemandMax":null,"Value":8460},{"Length":47,"Height":89,"Demand":1,"DemandMax":null,"Value":4183},{"Length":16,"Height":69,"Demand":1,"DemandMax":null,"Value":1104},{"Length":42,"Height":84,"Demand":1,"DemandMax":null,"Value":3528},{"Length":44,"Height":96,"Demand":1,"DemandMax":null,"Value":4224},{"Length":16,"Height":81,"Demand":1,"DemandMax":null,"Value":1296},{"Length":26,"Height":72,"Demand":1,"DemandMax":null,"Value":1872},{"Length":18,"Height":81,"Demand":2,"DemandMax":null,"Value":1458},{"Length":10,"Height":68,"Demand":1,"DemandMax":null,"Value":680},{"Length":47,"Height":82,"Demand":1,"DemandMax":null,"Value":3854},{"Length":47,"Height":83,"Demand":1,"DemandMax":null,"Value":3901},{"Length":4,"Height":85,"Demand":1,"DemandMax":null,"Value":340},{"Length":37,"Height":83,"Demand":1,"DemandMax":null,"Value":3071},{"Length":40,"Height":91,"Demand":1,"DemandMax":null,"Value":3640},{"Length":80,"Height":53,"Demand":1,"DemandMax":null,"Value":4240},{"Length":3,"Height":98,"Demand":1,"DemandMax":null,"Value":294},{"Length":84,"Height":10,"Demand":1,"DemandMax":null,"Value":840},{"Length":44,"Height":11,"Demand":1,"DemandMax":null,"Value":484},{"Length":25,"Height":96,"Demand":1,"DemandMax":null,"Value":2400},{"Length":13,"Height":84,"Demand":1,"DemandMax":null,"Value":1092},{"Length":27,"Height":69,"Demand":1,"DemandMax":null,"Value":1863},{"Length":59,"Height":97,"Demand":1,"DemandMax":null,"Value":5723},{"Length":32,"Height":97,"Demand":1,"DemandMax":null,"Value":3104},{"Length":35,"Height":78,"Demand":1,"DemandMax":null,"Value":2730},{"Length":39,"Height":74,"Demand":1,"DemandMax":null,"Value":2886},{"Length":92,"Height":44,"Demand":1,"DemandMax":null,"Value":4048},{"Length":100,"Height":8,"Demand":1,"DemandMax":null,"Value":800},{"Length":13,"Height":87,"Demand":1,"DemandMax":null,"Value":1131},{"Length":27,"Height":68,"Demand":1,"DemandMax":null,"Value":1836},{"Length":29,"Height":88,"Demand":1,"DemandMax":null,"Value":2552},{"Length":75,"Height":37,"Demand":1,"DemandMax":null,"Value":2775},{"Length":99,"Height":12,"Demand":1,"DemandMax":null,"Value":1188},{"Length":28,"Height":82,"Demand":1,"DemandMax":null,"Value":2296},{"Length":21,"Height":78,"Demand":1,"DemandMax":null,"Value":1638},{"Length":21,"Height":75,"Demand":1,"DemandMax":null,"Value":1575},{"Length":46,"Height":68,"Demand":1,"DemandMax":null,"Value":3128},{"Length":94,"Height":7,"Demand":1,"DemandMax":null,"Value":658},{"Length":24,"Height":77,"Demand":1,"DemandMax":null,"Value":1848},{"Length":39,"Height":67,"Demand":1,"DemandMax":null,"Value":2613},{"Length":5,"Height":70,"Demand":1,"DemandMax":null,"Value":350},{"Length":15,"Height":66,"Demand":1,"DemandMax":null,"Value":990},{"Length":39,"Height":84,"Demand":1,"DemandMax":null,"Value":3276},{"Length":79,"Height":3,"Demand":1,"DemandMax":null,"Value":237},{"Length":25,"Height":81,"Demand":1,"DemandMax":null,"Value":2025},{"Length":1,"Height":70,"Demand":1,"DemandMax":null,"Value":70},{"Length":15,"Height":99,"Demand":1,"DemandMax":null,"Value":1485},{"Length":11,"Height":75,"Demand":1,"DemandMax":null,"Value":825},{"Length":8,"Height":100,"Demand":1,"DemandMax":null,"Value":800},{"Length":99,"Height":24,"Demand":1,"DemandMax":null,"Value":2376},{"Length":3,"Height":31,"Demand":1,"DemandMax":null,"Value":93},{"Length":15,"Height":91,"Demand":1,"DemandMax":null,"Value":1365},{"Length":2,"Height":92,"Demand":1,"DemandMax":null,"Value":184},{"Length":57,"Height":53,"Demand":1,"DemandMax":null,"Value":3021},{"Length":3,"Height":83,"Demand":1,"DemandMax":null,"Value":249},{"Length":30,"Height":81,"Demand":1,"DemandMax":null,"Value":2430},{"Length":7,"Height":39,"Demand":1,"DemandMax":null,"Value":273},{"Length":29,"Height":45,"Demand":1,"DemandMax":null,"Value":1305}]}