{"Name":"CLASS08_020_01","Objects":[{"Length":100,"Height":100,"Stock":null,"Cost":10000}],"Items":[{"Length":56,"Height":75,"Demand":1,"DemandMax":null,"Value":4200},{"Length":47,"Height":84,"Demand":1,"DemandMax":null,"Value":3948},{"Length":13,"Height":82,"Demand":1,"DemandMax":null,"Value":1066},{"Length":48,"Height":89,"Demand":1,"DemandMax":null,"Value":4272},{"Length":21,"Height":66,"Demand":1,"DemandMax":null,"Value":1386},{"Length":27,"Height":96,"Demand":1,"DemandMax":null,"Value":2592},{"Length":33,"Height":69,"Demand":2,"DemandMax":null,"Value":2277},{"Length":47,"Height":92,"Demand":1,"DemandMax":null,"Value":4324},{"Length":18,"Height":80,"Demand":1,"DemandMax":null,"Value":1440},{"Length":15,"Height":99,"Demand":1,"DemandMax":null,"Value":1485},{"Length":31,"Height":93,"Demand":1,"DemandMax":null,"Value":2883},{"Length":35,"Height":91,"Demand":1,"DemandMax":null,"Value":3185},{"Length":21,"Height":73,"Demand":1,"DemandMax":null,"Value":1533},{"Length":8,"Height":68,"Demand":1,"DemandMax":null,"Value":544},{"Length":39,"Height":90,"Demand":1,"DemandMax":null,"Value":3510},{"Length":34,"Height":99,"Demand":1,"DemandMax":null,"Value":3366},{"Length":36,"Height":73,"Demand":1,"DemandMax":null,"Value":2628},{"Length":13,"Height":79,"Demand":1,"DemandMax":null,"Value":1027},{"Length":10,"Height":42,"Demand":1,"DemandMax":null,"Value":420}]}