{"Name":"CLASS10_080_10","Objects":[{"Length":100,"Height":100,"Stock":null,"Cost":10000}],"Items":[{"Length":36,"Height":38,"Demand":1,"DemandMax":null,"Value":1368},{"Length":34,"Height":1,"Demand":1,"DemandMax":null,"Value":34},{"Length":1,"Height":26,"Demand":1,"DemandMax":null,"Value":26},{"Length":7,"Height":9,"Demand":1,"DemandMax":null,"Value":63},{"Length":94,"Height":66,"Demand":1,"DemandMax":null,"Value":6204},{"Length":33,"Height":44,"Demand":1,"DemandMax":null,"Value":1452},{"Length":15,"Height":10,"Demand":1,"DemandMax":null,"Value":150},{"Length":61,"Height":57,"Demand":1,"DemandMax":null,"Value":3477},{"Length":64,"Height":56,"Demand":1,"DemandMax":null,"Value":3584},{"Length":43,"Height":100,"Demand":1,"DemandMax":null,"Value":4300},{"Length":41,"Height":6,"Demand":1,"DemandMax":null,"Value":246},{"Length":28,"Height":79,"Demand":1,"DemandMax":null,"Value":2212},{"Length":46,"Height":9,"Demand":1,"DemandMax":null,"Value":414},{"Length":65,"Height":66,"Demand":1,"DemandMax":null,"Value":4290},{"Length":85,"Height":14,"Demand":2,"DemandMax":null,"Value":1190},{"Length":6,"Height":42,"Demand":1,"DemandMax":null,"Value":252},{"Length":93,"Height":22,"Demand":1,"DemandMax":null,"Value":2046},{"Length":49,"Height":46,"Demand":1,"DemandMax":null,"Value":2254},{"Length":28,"Height":33,"Demand":1,"DemandMax":null,"Value":924},{"Length":46,"Height":27,"Demand":1,"DemandMax":null,"Value":1242},{"Length":45,"Height":47,"Demand":1,"DemandMax":null,"Value":2115},{"Length":97,"Height":36,"Demand":1,"DemandMax":null,"Value":3492},{"Length":39,"Height":14,"Demand":1,"DemandMax":null,"Value":546},{"Length":47,"Height":23,"Demand":1,"DemandMax":null,"Value":1081},{"Length":12,"Height":34,"Demand":1,"DemandMax":null,"Value":408},{"Length":2,"Height":38,"Demand":1,"DemandMax":null,"Value":76},{"Length":12,"Height":6,"Demand":1,"DemandMax":null,"Value":72},{"Length":10,"Height":31,"Demand":1,"DemandMax":null,"Value":310},{"Length":40,"Height":32,"Demand":1,"DemandMax":null,"Value":1280},{"Length":21,"Height":2,"Demand":1,"DemandMax":null,"Value":42},{"Length":46,"Height":11,"Demand":1,"DemandMax":null,"Value":506},{"Length":35,"Height":1,"Demand":1,"DemandMax":null,"Value":35},{"Length":31,"Height":42,"Demand":1,"DemandMax":null,"Value":1302},{"Length":66,"Height":28,"Demand":1,"DemandMax":null,"Value":1848},{"Length":43,"Height":27,"Demand":1,"DemandMax":null,"Value":1161},{"Length":21,"Height":32,"Demand":1,"DemandMax":null,"Value":672},{"Length":88,"Height":14,"Demand":1,"DemandMax":null,"Value":1232},{"Length":44,"Height":15,"Demand":1,"DemandMax":null,"Value":660},{"Length":100,"Height":53,"Demand":1,"DemandMax":null,"Value":5300},{"Length":20,"Height":25,"Demand":1,"DemandMax":null,"Value":500},{"Length":46,"Height":47,"Demand":1,"DemandMax":null,"Value":2162},{"Length":98,"Height":63,"Demand":1,"DemandMax":null,"Value":6174},{"Length":69,"Height":93,"Demand":1,"DemandMax":null,"Value":6417},{"Length":79,"Height":80,"Demand":1,"DemandMax":null,"Value":6320},{"Length":80,"Height":42,"Demand":1,"DemandMax":null,"Value":3360},{"Length":63,"Height":74,"Demand":1,"DemandMax":null,"Value":4662},{"Length":1,"Height":44,"Demand":1,"DemandMax":null,"Value":44},{"Length":50,"Height":96,"Demand":1,"DemandMax":null,"Value":4800},{"Length":8,"Height":49,"Demand":1,"DemandMax":null,"Value":392},{"Length":41,"Height":46,"Demand":1,"DemandMax":null,"Value":1886},{"Length":43,"Height":7,"Demand":1,"DemandMax":null,"Value":301},{"Length":34,"Height":24,"Demand":1,"DemandMax":null,"Value":816},{"Length":70,"Height":17,"Demand":1,"DemandMax":null,"Value":1190},{"Length":30,"Height":30,"Demand":1,"DemandMax":null,"Value":900},{"Length":48,"Height":31,"Demand":1,"DemandMax":null,"Value":1488},{"Length":17,"Height":47,"Demand":1,"DemandMax":null,"Value":799},{"Length":30,"Height":26,"Demand":1,"DemandMax":null,"Value":780},{"Length":14,"Height":17,"Demand":1,"DemandMax":null,"Value":238},{"Length":35,"Height":15,"Demand":1,"DemandMax":null,"Value":525},{"Length":39,"Height":39,"Demand":1,"DemandMax":null,"Value":1521},{"Length":43,"Height":33,"Demand":1,"DemandMax":null,"Value":1419},{"Length":41,"Height":14,"Demand":1,"DemandMax":null,"Value":574},{"Length":3,"Height":28,"Demand":1,"DemandMax":null,"Value":84},{"Length":72,"Height":92,"Demand":1,"DemandMax":null,"Value":6624},{"Length":17,"Height":1,"Demand":1,"DemandMax":null,"Value":17},{"Length":80,"Height":73,"Demand":1,"DemandMax":null,"Value":5840},{"Length":88,"Height":3,"Demand":1,"DemandMax":null,"Value":264},{"Length":17,"Height":8,"Demand":1,"DemandMax":null,"Value":136},{"Length":2,"Height":32,"Demand":1,"DemandMax":null,"Value":64},{"Length":32,"Height":45,"Demand":1,"DemandMax":null,"Value":1440},{"Length":24,"Height":39,"Demand":1,"DemandMax":null,"Value":936},{"Length":24,"Height":34,"Demand":1,"DemandMax":null,"Value":816},{"Length":50,"Height":24,"Demand":1,"DemandMax":null,"Value":1200},{"Length":44,"Height":27,"Demand":1,"DemandMax":null,"Value":1188},{"Length":28,"Height":91,"Demand":1,"DemandMax":null,"Value":2548},{"Length":43,"Height":23,"Demand":1,"DemandMax":null,"Value":989},{"Length":8,"Height":85,"Demand":1,"DemandMax":null,"Value":680},{"Length":19,"Height":21,"Demand":1,"DemandMax":null,"Value":399},{"Length":42,"Height":98,"Demand":1,"DemandMax":null,"Value":4116}]}