{"Name":"CLASS07_040_10","Objects":[{"Length":100,"Height":100,"Stock":null,"Cost":10000}],"Items":[{"Length":77,"Height":36,"Demand":1,"DemandMax":null,"Value":2772},{"Length":68,"Height":76,"Demand":1,"DemandMax":null,"Value":5168},{"Length":75,"Height":4,"Demand":1,"DemandMax":null,"Value":300},{"Length":81,"Height":15,"Demand":1,"DemandMax":null,"Value":1215},{"Length":92,"Height":26,"Demand":2,"DemandMax":null,"Value":2392},{"Length":29,"Height":87,"Demand":1,"DemandMax":null,"Value":2523},{"Length":93,"Height":50,"Demand":1,"DemandMax":null,"Value":4650},{"Length":69,"Height":77,"Demand":1,"DemandMax":null,"Value":5313},{"Length":1,"Height":99,"Demand":1,"DemandMax":null,"Value":99},{"Length":77,"Height":57,"Demand":1,"DemandMax":null,"Value":4389},{"Length":77,"Height":49,"Demand":1,"DemandMax":null,"Value":3773},{"Length":74,"Height":41,"Demand":1,"DemandMax":null,"Value":3034},{"Length":90,"Height":27,"Demand":1,"DemandMax":null,"Value":2430},{"Length":84,"Height":27,"Demand":1,"DemandMax":null,"Value":2268},{"Length":56,"Height":83,"Demand":1,"DemandMax":null,"Value":4648},{"Length":78,"Height":16,"Demand":1,"DemandMax":null,"Value":1248},{"Length":87,"Height":18,"Demand":1,"DemandMax":null,"Value":1566},{"Length":92,"Height":8,"Demand":1,"DemandMax":null,"Value":736},{"Length":71,"Height":30,"Demand":1,"DemandMax":null,"Value":2130},{"Length":90,"Height":3,"Demand":1,"DemandMax":null,"Value":270},{"Length":92,"Height":20,"Demand":1,"DemandMax":null,"Value":1840},{"Length":72,"Height":1,"Demand":1,"DemandMax":null,"Value":72},{"Length":80,"Height":38,"Demand":1,"DemandMax":null,"Value":3040},{"Length":75,"Height":1,"Demand":1,"DemandMax":null,"Value":75},{"Length":70,"Height":34,"Demand":1,"DemandMax":null,"Value":2380},{"Length":96,"Height":5,"Demand":1,"DemandMax":null,"Value":480},{"Length":97,"Height":8,"Demand":1,"DemandMax":null,"Value":776},{"Length":68,"Height":11,"Demand":1,"DemandMax":null,"Value":748},{"Length":91,"Height":9,"Demand":1,"DemandMax":null,"Value":819},{"Length":94,"Height":21,"Demand":1,"DemandMax":null,"Value":1974},{"Length":82,"Height":89,"Demand":1,"DemandMax":null,"Value":7298},{"Length":69,"Height":33,"Demand":1,"DemandMax":null,"Value":2277},{"Length":86,"Height":46,"Demand":1,"DemandMax":null,"Value":3956},{"Length":99,"Height":48,"Demand":1,"DemandMax":null,"Value":4752},{"Length":86,"Height":32,"Demand":1,"DemandMax":null,"Value":2752},{"Length":79,"Height":16,"Demand":1,"DemandMax":null,"Value":1264},{"Length":83,"Height":95,"Demand":1,"DemandMax":null,"Value":7885},{"Length":78,"Height":37,"Demand":1,"DemandMax":null,"Value":2886},{"Length":93,"Height":37,"Demand":1,"DemandMax":null,"Value":3441}]}