{"Name":"CLASS07_020_01","Objects":[{"Length":100,"Height":100,"Stock":null,"Cost":10000}],"Items":[{"Length":56,"Height":75,"Demand":1,"DemandMax":null,"Value":4200},{"Length":98,"Height":27,"Demand":1,"DemandMax":null,"Value":2646},{"Length":74,"Height":24,"Demand":1,"DemandMax":null,"Value":1776},{"Length":99,"Height":34,"Demand":1,"DemandMax":null,"Value":3366},{"Length":80,"Height":1,"Demand":1,"DemandMax":null,"Value":80},{"Length":84,"Height":43,"Demand":1,"DemandMax":null,"Value":3612},{"Length":88,"Height":6,"Demand":1,"DemandMax":null,"Value":528},{"Length":89,"Height":6,"Demand":1,"DemandMax":null,"Value":534},{"Length":98,"Height":38,"Demand":1,"DemandMax":null,"Value":3724},{"Length":78,"Height":21,"Demand":1,"DemandMax":null,"Value":1638},{"Length":75,"Height":49,"Demand":1,"DemandMax":null,"Value":3675},{"Length":31,"Height":93,"Demand":1,"DemandMax":null,"Value":2883},{"Length":90,"Height":37,"Demand":1,"DemandMax":null,"Value":3330},{"Length":21,"Height":73,"Demand":1,"DemandMax":null,"Value":1533},{"Length":71,"Height":4,"Demand":1,"DemandMax":null,"Value":284},{"Length":93,"Height":35,"Demand":1,"DemandMax":null,"Value":3255},{"Length":89,"Height":48,"Demand":1,"DemandMax":null,"Value":4272},{"Length":90,"Height":12,"Demand":1,"DemandMax":null,"Value":1080},{"Length":13,"Height":79,"Demand":1,"DemandMax":null,"Value":1027},{"Length":10,"Height":42,"Demand":1,"DemandMax":null,"Value":420}]}