{"Name":"CLASS07_100_07","Objects":[{"Length":100,"Height":100,"Stock":null,"Cost":10000}],"Items":[{"Length":80,"Height":24,"Demand":1,"DemandMax":null,"Value":1920},{"Length":68,"Height":3,"Demand":1,"DemandMax":null,"Value":204},{"Length":62,"Height":75,"Demand":1,"DemandMax":null,"Value":4650},{"Length":41,"Height":12,"Demand":1,"DemandMax":null,"Value":492},{"Length":70,"Height":5,"Demand":1,"DemandMax":null,"Value":350},{"Length":69,"Height":24,"Demand":1,"DemandMax":null,"Value":1656},{"Length":68,"Height":13,"Demand":1,"DemandMax":null,"Value":884},{"Length":99,"Height":40,"Demand":1,"DemandMax":null,"Value":3960},{"Length":69,"Height":48,"Demand":1,"DemandMax":null,"Value":3312},{"Length":19,"Height":8,"Demand":1,"DemandMax":null,"Value":152},{"Length":9,"Height":12,"Demand":1,"DemandMax":null,"Value":108},{"Length":78,"Height":29,"Demand":1,"DemandMax":null,"Value":2262},{"Length":76,"Height":3,"Demand":1,"DemandMax":null,"Value":228},{"Length":96,"Height":3,"Demand":1,"DemandMax":null,"Value":288},{"Length":24,"Height":22,"Demand":1,"DemandMax":null,"Value":528},{"Length":49,"Height":30,"Demand":1,"DemandMax":null,"Value":1470},{"Length":91,"Height":19,"Demand":1,"DemandMax":null,"Value":1729},{"Length":87,"Height":10,"Demand":1,"DemandMax":null,"Value":870},{"Length":66,"Height":44,"Demand":1,"DemandMax":null,"Value":2904},{"Length":94,"Height":42,"Demand":1,"DemandMax":null,"Value":3948},{"Length":20,"Height":98,"Demand":1,"DemandMax":null,"Value":1960},{"Length":86,"Height":28,"Demand":1,"DemandMax":null,"Value":2408},{"Length":93,"Height":28,"Demand":1,"DemandMax":null,"Value":2604},{"Length":97,"Height":17,"Demand":1,"DemandMax":null,"Value":1649},{"Length":75,"Height":37,"Demand":1,"DemandMax":null,"Value":2775},{"Length":90,"Height":57,"Demand":1,"DemandMax":null,"Value":5130},{"Length":94,"Height":24,"Demand":1,"DemandMax":null,"Value":2256},{"Length":73,"Height":2,"Demand":1,"DemandMax":null,"Value":146},{"Length":80,"Height":38,"Demand":1,"DemandMax":null,"Value":3040},{"Length":12,"Height":50,"Demand":1,"DemandMax":null,"Value":600},{"Length":67,"Height":31,"Demand":1,"DemandMax":null,"Value":2077},{"Length":93,"Height":50,"Demand":1,"DemandMax":null,"Value":4650},{"Length":92,"Height":1,"Demand":1,"DemandMax":null,"Value":92},{"Length":97,"Height":3,"Demand":1,"DemandMax":null,"Value":291},{"Length":84,"Height":50,"Demand":1,"DemandMax":null,"Value":4200},{"Length":85,"Height":9,"Demand":1,"DemandMax":null,"Value":765},{"Length":78,"Height":26,"Demand":1,"DemandMax":null,"Value":2028},{"Length":40,"Height":78,"Demand":1,"DemandMax":null,"Value":3120},{"Length":74,"Height":30,"Demand":1,"DemandMax":null,"Value":2220},{"Length":86,"Height":30,"Demand":1,"DemandMax":null,"Value":2580},{"Length":10,"Height":74,"Demand":1,"DemandMax":null,"Value":740},{"Length":98,"Height":45,"Demand":1,"DemandMax":null,"Value":4410},{"Length":72,"Height":22,"Demand":1,"DemandMax":null,"Value":1584},{"Length":95,"Height":13,"Demand":1,"DemandMax":null,"Value":1235},{"Length":74,"Height":10,"Demand":1,"DemandMax":null,"Value":740},{"Length":76,"Height":33,"Demand":1,"DemandMax":null,"Value":2508},{"Length":68,"Height":76,"Demand":1,"DemandMax":null,"Value":5168},{"Length":77,"Height":7,"Demand":1,"DemandMax":null,"Value":539},{"Length":85,"Height":20,"Demand":1,"DemandMax":null,"Value":1700},{"Length":46,"Height":89,"Demand":1,"DemandMax":null,"Value":4094},{"Length":90,"Height":91,"Demand":1,"DemandMax":null,"Value":8190},{"Length":67,"Height":13,"Demand":1,"DemandMax":null,"Value":871},{"Length":68,"Height":41,"Demand":1,"DemandMax":null,"Value":2788},{"Length":92,"Height":45,"Demand":1,"DemandMax":null,"Value":4140},{"Length":81,"Height":19,"Demand":1,"DemandMax":null,"Value":1539},{"Length":66,"Height":30,"Demand":1,"DemandMax":null,"Value":1980},{"Length":92,"Height":74,"Demand":1,"DemandMax":null,"Value":6808},{"Length":91,"Height":68,"Demand":1,"DemandMax":null,"Value":6188},{"Length":76,"Height":7,"Demand":1,"DemandMax":null,"Value":532},{"Length":72,"Height":10,"Demand":1,"DemandMax":null,"Value":720},{"Length":95,"Height":19,"Demand":1,"DemandMax":null,"Value":1805},{"Length":56,"Height":53,"Demand":1,"DemandMax":null,"Value":2968},{"Length":80,"Height":8,"Demand":1,"DemandMax":null,"Value":640},{"Length":87,"Height":50,"Demand":1,"DemandMax":null,"Value":4350},{"Length":68,"Height":25,"Demand":1,"DemandMax":null,"Value":1700},{"Length":33,"Height":50,"Demand":1,"DemandMax":null,"Value":1650},{"Length":92,"Height":20,"Demand":1,"DemandMax":null,"Value":1840},{"Length":75,"Height":3,"Demand":1,"DemandMax":null,"Value":225},{"Length":84,"Height":43,"Demand":1,"DemandMax":null,"Value":3612},{"Length":81,"Height":9,"Demand":1,"DemandMax":null,"Value":729},{"Length":78,"Height":44,"Demand":1,"DemandMax":null,"Value":3432},{"Length":8,"Height":17,"Demand":1,"DemandMax":null,"Value":136},{"Length":12,"Height":81,"Demand":1,"DemandMax":null,"Value":972},{"Length":81,"Height":29,"Demand":1,"DemandMax":null,"Value":2349},{"Length":71,"Height":29,"Demand":1,"DemandMax":null,"Value":2059},{"Length":75,"Height":43,"Demand":1,"DemandMax":null,"Value":3225},{"Length":71,"Height":14,"Demand":1,"DemandMax":null,"Value":994},{"Length":84,"Height":60,"Demand":1,"DemandMax":null,"Value":5040},{"Length":73,"Height":26,"Demand":1,"DemandMax":null,"Value":1898},{"Length":87,"Height":31,"Demand":1,"DemandMax":null,"Value":2697},{"Length":76,"Height":17,"Demand":1,"DemandMax":null,"Value":1292},{"Length":8,"Height":4,"Demand":1,"DemandMax":null,"Value":32},{"Length":82,"Height":35,"Demand":1,"DemandMax":null,"Value":2870},{"Length":60,"Height":79,"Demand":1,"DemandMax":null,"Value":4740},{"Length":90,"Height":32,"Demand":1,"DemandMax":null,"Value":2880},{"Length":95,"Height":9,"Demand":1,"DemandMax":null,"Value":855},{"Length":50,"Height":69,"Demand":1,"DemandMax":null,"Value":3450},{"Length":67,"Height":41,"Demand":1,"DemandMax":null,"Value":2747},{"Length":77,"Height":8,"Demand":1,"DemandMax":null,"Value":616},{"Length":89,"Height":75,"Demand":1,"DemandMax":null,"Value":6675},{"Length":91,"Height":38,"Demand":1,"DemandMax":null,"Value":3458},{"Length":5,"Height":13,"Demand":1,"DemandMax":null,"Value":65},{"Length":60,"Height":96,"Demand":1,"DemandMax":null,"Value":5760},{"Length":99,"Height":4,"Demand":1,"DemandMax":null,"Value":396},{"Length":36,"Height":87,"Demand":1,"DemandMax":null,"Value":3132},{"Length":19,"Height":48,"Demand":1,"DemandMax":null,"Value":912},{"Length":76,"Height":45,"Demand":1,"DemandMax":null,"Value":3420},{"Length":18,"Height":96,"Demand":1,"DemandMax":null,"Value":1728},{"Length":98,"Height":37,"Demand":1,"DemandMax":null,"Value":3626},{"Length":97,"Height":43,"Demand":1,"DemandMax":null,"Value":4171}]}