{"Name":"CLASS10_040_10","Objects":[{"Length":100,"Height":100,"Stock":null,"Cost":10000}],"Items":[{"Length":17,"Height":36,"Demand":1,"DemandMax":null,"Value":612},{"Length":18,"Height":26,"Demand":1,"DemandMax":null,"Value":468},{"Length":63,"Height":54,"Demand":1,"DemandMax":null,"Value":3402},{"Length":72,"Height":64,"Demand":1,"DemandMax":null,"Value":4608},{"Length":38,"Height":26,"Demand":1,"DemandMax":null,"Value":988},{"Length":29,"Height":32,"Demand":1,"DemandMax":null,"Value":928},{"Length":40,"Height":50,"Demand":1,"DemandMax":null,"Value":2000},{"Length":88,"Height":76,"Demand":1,"DemandMax":null,"Value":6688},{"Length":20,"Height":28,"Demand":1,"DemandMax":null,"Value":560},{"Length":1,"Height":49,"Demand":1,"DemandMax":null,"Value":49},{"Length":27,"Height":8,"Demand":1,"DemandMax":null,"Value":216},{"Length":17,"Height":49,"Demand":1,"DemandMax":null,"Value":833},{"Length":13,"Height":41,"Demand":1,"DemandMax":null,"Value":533},{"Length":90,"Height":27,"Demand":1,"DemandMax":null,"Value":2430},{"Length":27,"Height":27,"Demand":1,"DemandMax":null,"Value":729},{"Length":6,"Height":34,"Demand":1,"DemandMax":null,"Value":204},{"Length":78,"Height":16,"Demand":1,"DemandMax":null,"Value":1248},{"Length":31,"Height":18,"Demand":1,"DemandMax":null,"Value":558},{"Length":87,"Height":57,"Demand":1,"DemandMax":null,"Value":4959},{"Length":8,"Height":30,"Demand":1,"DemandMax":null,"Value":240},{"Length":90,"Height":3,"Demand":1,"DemandMax":null,"Value":270},{"Length":38,"Height":20,"Demand":1,"DemandMax":null,"Value":760},{"Length":10,"Height":1,"Demand":1,"DemandMax":null,"Value":10},{"Length":21,"Height":38,"Demand":1,"DemandMax":null,"Value":798},{"Length":63,"Height":50,"Demand":1,"DemandMax":null,"Value":3150},{"Length":7,"Height":34,"Demand":1,"DemandMax":null,"Value":238},{"Length":45,"Height":5,"Demand":1,"DemandMax":null,"Value":225},{"Length":46,"Height":8,"Demand":1,"DemandMax":null,"Value":368},{"Length":4,"Height":11,"Demand":1,"DemandMax":null,"Value":44},{"Length":38,"Height":9,"Demand":1,"DemandMax":null,"Value":342},{"Length":91,"Height":70,"Demand":1,"DemandMax":null,"Value":6370},{"Length":32,"Height":39,"Demand":1,"DemandMax":null,"Value":1248},{"Length":6,"Height":33,"Demand":1,"DemandMax":null,"Value":198},{"Length":30,"Height":98,"Demand":1,"DemandMax":null,"Value":2940},{"Length":99,"Height":48,"Demand":1,"DemandMax":null,"Value":4752},{"Length":30,"Height":32,"Demand":1,"DemandMax":null,"Value":960},{"Length":69,"Height":66,"Demand":1,"DemandMax":null,"Value":4554},{"Length":34,"Height":45,"Demand":1,"DemandMax":null,"Value":1530},{"Length":78,"Height":37,"Demand":1,"DemandMax":null,"Value":2886},{"Length":90,"Height":86,"Demand":1,"DemandMax":null,"Value":7740}]}