{"Name":"CLASS02_040_09","Objects":[{"Length":30,"Height":30,"Stock":null,"Cost":900}],"Items":[{"Length":5,"Height":1,"Demand":1,"DemandMax":null,"Value":5},{"Length":6,"Height":2,"Demand":1,"DemandMax":null,"Value":12},{"Length":3,"Height":6,"Demand":2,"DemandMax":null,"Value":18},{"Length":2,"Height":3,"Demand":1,"DemandMax":null,"Value":6},{"Length":1,"Height":4,"Demand":1,"DemandMax":null,"Value":4},{"Length":3,"Height":5,"Demand":1,"DemandMax":null,"Value":15},{"Length":4,"Height":4,"Demand":1,"DemandMax":null,"Value":16},{"Length":2,"Height":6,"Demand":1,"DemandMax":null,"Value":12},{"Length":9,"Height":3,"Demand":1,"DemandMax":null,"Value":27},{"Length":2,"Height":7,"Demand":1,"DemandMax":null,"Value":14},{"Length":8,"Height":8,"Demand":1,"DemandMax":null,"Value":64},{"Length":1,"Height":3,"Demand":2,"DemandMax":null,"Value":3},{"Length":5,"Height":10,"Demand":1,"DemandMax":null,"Value":50},{"Length":10,"Height":1,"Demand":1,"DemandMax":null,"Value":10},{"Length":8,"Height":3,"Demand":2,"DemandMax":null,"Value":24},{"Length":4,"Height":3,"Demand":1,"DemandMax":null,"Value":12},{"Length":8,"Height":5,"Demand":1,"DemandMax":null,"Value":40},{"Length":9,"Height":7,"Demand":1,"DemandMax":null,"Value":63},{"Length":1,"Height":9,"Demand":1,"DemandMax":null,"Value":9},{"Length":9,"Height":5,"Demand":2,"DemandMax":null,"Value":45},{"Length":9,"Height":2,"Demand":1,"DemandMax":null,"Value":18},{"Length":10,"Height":4,"Demand":1,"DemandMax":null,"Value":40},{"Length":5,"Height":7,"Demand":1,"DemandMax":null,"Value":35},{"Length":4,"Height":10,"Demand":1,"DemandMax":null,"Value":40},{"Length":3,"Height":9,"Demand":1,"DemandMax":null,"Value":27},{"Length":6,"Height":3,"Demand":1,"DemandMax":null,"Value":18},{"Length":4,"Height":6,"Demand":1,"DemandMax":null,"Value":24},{"Length":8,"Height":2,"Demand":1,"DemandMax":null,"Value":16},{"Length":3,"Height":10,"Demand":1,"DemandMax":null,"Value":30},{"Length":10,"Height":2,"Demand":1,"DemandMax":null,"Value":20},{"Length":6,"Height":7,"Demand":1,"DemandMax":null,"Value":42},{"Length":1,"Height":10,"Demand":1,"DemandMax":null,"Value":10},{"Length":5,"Height":9,"Demand":1,"DemandMax":null,"Value":45},{"Length":4,"Height":5,"Demand":1,"DemandMax":null,"Value":20},{"Length":7,"Height":8,"Demand":1,"DemandMax":null,"Value":56},{"Length":7,"Height":4,"Demand":1,"DemandMax":null,"Value":28}]}