{"Name":"CLASS08_040_09","Objects":[{"Length":100,"Height":100,"Stock":null,"Cost":10000}],"Items":[{"Length":71,"Height":22,"Demand":1,"DemandMax":null,"Value":1562},{"Length":12,"Height":86,"Demand":1,"DemandMax":null,"Value":1032},{"Length":16,"Height":69,"Demand":1,"DemandMax":null,"Value":1104},{"Length":75,"Height":21,"Demand":1,"DemandMax":null,"Value":1575},{"Length":26,"Height":77,"Demand":1,"DemandMax":null,"Value":2002},{"Length":44,"Height":76,"Demand":1,"DemandMax":null,"Value":3344},{"Length":39,"Height":70,"Demand":1,"DemandMax":null,"Value":2730},{"Length":2,"Height":74,"Demand":1,"DemandMax":null,"Value":148},{"Length":4,"Height":24,"Demand":1,"DemandMax":null,"Value":96},{"Length":38,"Height":12,"Demand":1,"DemandMax":null,"Value":456},{"Length":23,"Height":79,"Demand":1,"DemandMax":null,"Value":1817},{"Length":2,"Height":76,"Demand":1,"DemandMax":null,"Value":152},{"Length":45,"Height":95,"Demand":1,"DemandMax":null,"Value":4275},{"Length":96,"Height":21,"Demand":1,"DemandMax":null,"Value":2016},{"Length":19,"Height":96,"Demand":1,"DemandMax":null,"Value":1824},{"Length":14,"Height":30,"Demand":1,"DemandMax":null,"Value":420},{"Length":47,"Height":81,"Demand":1,"DemandMax":null,"Value":3807},{"Length":12,"Height":94,"Demand":1,"DemandMax":null,"Value":1128},{"Length":27,"Height":86,"Demand":1,"DemandMax":null,"Value":2322},{"Length":37,"Height":70,"Demand":1,"DemandMax":null,"Value":2590},{"Length":10,"Height":15,"Demand":1,"DemandMax":null,"Value":150},{"Length":41,"Height":24,"Demand":1,"DemandMax":null,"Value":984},{"Length":47,"Height":85,"Demand":2,"DemandMax":null,"Value":3995},{"Length":81,"Height":45,"Demand":1,"DemandMax":null,"Value":3645},{"Length":36,"Height":78,"Demand":1,"DemandMax":null,"Value":2808},{"Length":31,"Height":78,"Demand":1,"DemandMax":null,"Value":2418},{"Length":28,"Height":91,"Demand":1,"DemandMax":null,"Value":2548},{"Length":19,"Height":44,"Demand":1,"DemandMax":null,"Value":836},{"Length":23,"Height":89,"Demand":1,"DemandMax":null,"Value":2047},{"Length":34,"Height":82,"Demand":1,"DemandMax":null,"Value":2788},{"Length":80,"Height":8,"Demand":1,"DemandMax":null,"Value":640},{"Length":84,"Height":6,"Demand":1,"DemandMax":null,"Value":504},{"Length":80,"Height":10,"Demand":1,"DemandMax":null,"Value":800},{"Length":48,"Height":41,"Demand":1,"DemandMax":null,"Value":1968},{"Length":83,"Height":41,"Demand":1,"DemandMax":null,"Value":3403},{"Length":32,"Height":99,"Demand":1,"DemandMax":null,"Value":3168},{"Length":24,"Height":79,"Demand":1,"DemandMax":null,"Value":1896},{"Length":41,"Height":90,"Demand":1,"DemandMax":null,"Value":3690},{"Length":28,"Height":14,"Demand":1,"DemandMax":null,"Value":392}]}