{"Name":"CLASS08_060_08","Objects":[{"Length":100,"Height":100,"Stock":null,"Cost":10000}],"Items":[{"Length":45,"Height":14,"Demand":1,"DemandMax":null,"Value":630},{"Length":33,"Height":81,"Demand":1,"DemandMax":null,"Value":2673},{"Length":21,"Height":100,"Demand":1,"DemandMax":null,"Value":2100},{"Length":4,"Height":16,"Demand":1,"DemandMax":null,"Value":64},{"Length":50,"Height":75,"Demand":1,"DemandMax":null,"Value":3750},{"Length":3,"Height":74,"Demand":1,"DemandMax":null,"Value":222},{"Length":32,"Height":69,"Demand":1,"DemandMax":null,"Value":2208},{"Length":86,"Height":12,"Demand":1,"DemandMax":null,"Value":1032},{"Length":16,"Height":83,"Demand":1,"DemandMax":null,"Value":1328},{"Length":90,"Height":14,"Demand":1,"DemandMax":null,"Value":1260},{"Length":4,"Height":81,"Demand":1,"DemandMax":null,"Value":324},{"Length":18,"Height":78,"Demand":1,"DemandMax":null,"Value":1404},{"Length":45,"Height":99,"Demand":1,"DemandMax":null,"Value":4455},{"Length":28,"Height":84,"Demand":1,"DemandMax":null,"Value":2352},{"Length":38,"Height":1,"Demand":1,"DemandMax":null,"Value":38},{"Length":77,"Height":38,"Demand":1,"DemandMax":null,"Value":2926},{"Length":34,"Height":88,"Demand":1,"DemandMax":null,"Value":2992},{"Length":34,"Height":67,"Demand":1,"DemandMax":null,"Value":2278},{"Length":34,"Height":94,"Demand":1,"DemandMax":null,"Value":3196},{"Length":28,"Height":19,"Demand":1,"DemandMax":null,"Value":532},{"Length":85,"Height":78,"Demand":1,"DemandMax":null,"Value":6630},{"Length":50,"Height":92,"Demand":1,"DemandMax":null,"Value":4600},{"Length":41,"Height":96,"Demand":1,"DemandMax":null,"Value":3936},{"Length":66,"Height":12,"Demand":1,"DemandMax":null,"Value":792},{"Length":49,"Height":91,"Demand":1,"DemandMax":null,"Value":4459},{"Length":29,"Height":91,"Demand":1,"DemandMax":null,"Value":2639},{"Length":10,"Height":70,"Demand":1,"DemandMax":null,"Value":700},{"Length":35,"Height":76,"Demand":1,"DemandMax":null,"Value":2660},{"Length":73,"Height":55,"Demand":1,"DemandMax":null,"Value":4015},{"Length":69,"Height":97,"Demand":1,"DemandMax":null,"Value":6693},{"Length":40,"Height":88,"Demand":1,"DemandMax":null,"Value":3520},{"Length":81,"Height":81,"Demand":1,"DemandMax":null,"Value":6561},{"Length":10,"Height":91,"Demand":1,"DemandMax":null,"Value":910},{"Length":21,"Height":79,"Demand":1,"DemandMax":null,"Value":1659},{"Length":88,"Height":20,"Demand":1,"DemandMax":null,"Value":1760},{"Length":39,"Height":72,"Demand":1,"DemandMax":null,"Value":2808},{"Length":57,"Height":80,"Demand":1,"DemandMax":null,"Value":4560},{"Length":35,"Height":67,"Demand":1,"DemandMax":null,"Value":2345},{"Length":37,"Height":78,"Demand":1,"DemandMax":null,"Value":2886},{"Length":8,"Height":99,"Demand":1,"DemandMax":null,"Value":792},{"Length":18,"Height":90,"Demand":2,"DemandMax":null,"Value":1620},{"Length":10,"Height":98,"Demand":1,"DemandMax":null,"Value":980},{"Length":2,"Height":86,"Demand":1,"DemandMax":null,"Value":172},{"Length":39,"Height":49,"Demand":1,"DemandMax":null,"Value":1911},{"Length":39,"Height":66,"Demand":1,"DemandMax":null,"Value":2574},{"Length":97,"Height":53,"Demand":1,"DemandMax":null,"Value":5141},{"Length":79,"Height":51,"Demand":1,"DemandMax":null,"Value":4029},{"Length":32,"Height":74,"Demand":1,"DemandMax":null,"Value":2368},{"Length":23,"Height":29,"Demand":1,"DemandMax":null,"Value":667},{"Length":45,"Height":81,"Demand":1,"DemandMax":null,"Value":3645},{"Length":36,"Height":91,"Demand":1,"DemandMax":null,"Value":3276},{"Length":17,"Height":79,"Demand":1,"DemandMax":null,"Value":1343},{"Length":5,"Height":67,"Demand":1,"DemandMax":null,"Value":335},{"Length":68,"Height":80,"Demand":1,"DemandMax":null,"Value":5440},{"Length":67,"Height":22,"Demand":1,"DemandMax":null,"Value":1474},{"Length":24,"Height":79,"Demand":1,"DemandMax":null,"Value":1896},{"Length":27,"Height":96,"Demand":1,"DemandMax":null,"Value":2592},{"Length":31,"Height":92,"Demand":1,"DemandMax":null,"Value":2852},{"Length":30,"Height":79,"Demand":1,"DemandMax":null,"Value":2370}]}