{"Name":"CLASS08_040_08","Objects":[{"Length":100,"Height":100,"Stock":null,"Cost":10000}],"Items":[{"Length":67,"Height":49,"Demand":1,"DemandMax":null,"Value":3283},{"Length":43,"Height":89,"Demand":1,"DemandMax":null,"Value":3827},{"Length":16,"Height":96,"Demand":1,"DemandMax":null,"Value":1536},{"Length":90,"Height":73,"Demand":1,"DemandMax":null,"Value":6570},{"Length":8,"Height":94,"Demand":1,"DemandMax":null,"Value":752},{"Length":39,"Height":94,"Demand":1,"DemandMax":null,"Value":3666},{"Length":27,"Height":41,"Demand":1,"DemandMax":null,"Value":1107},{"Length":41,"Height":91,"Demand":1,"DemandMax":null,"Value":3731},{"Length":83,"Height":45,"Demand":1,"DemandMax":null,"Value":3735},{"Length":47,"Height":10,"Demand":1,"DemandMax":null,"Value":470},{"Length":50,"Height":66,"Demand":1,"DemandMax":null,"Value":3300},{"Length":5,"Height":73,"Demand":1,"DemandMax":null,"Value":365},{"Length":4,"Height":10,"Demand":1,"DemandMax":null,"Value":40},{"Length":16,"Height":94,"Demand":1,"DemandMax":null,"Value":1504},{"Length":35,"Height":81,"Demand":1,"DemandMax":null,"Value":2835},{"Length":30,"Height":99,"Demand":1,"DemandMax":null,"Value":2970},{"Length":96,"Height":37,"Demand":1,"DemandMax":null,"Value":3552},{"Length":47,"Height":88,"Demand":1,"DemandMax":null,"Value":4136},{"Length":31,"Height":5,"Demand":1,"DemandMax":null,"Value":155},{"Length":17,"Height":98,"Demand":1,"DemandMax":null,"Value":1666},{"Length":46,"Height":83,"Demand":1,"DemandMax":null,"Value":3818},{"Length":39,"Height":91,"Demand":1,"DemandMax":null,"Value":3549},{"Length":39,"Height":100,"Demand":1,"DemandMax":null,"Value":3900},{"Length":64,"Height":55,"Demand":1,"DemandMax":null,"Value":3520},{"Length":10,"Height":26,"Demand":1,"DemandMax":null,"Value":260},{"Length":96,"Height":3,"Demand":1,"DemandMax":null,"Value":288},{"Length":71,"Height":6,"Demand":1,"DemandMax":null,"Value":426},{"Length":25,"Height":85,"Demand":1,"DemandMax":null,"Value":2125},{"Length":36,"Height":92,"Demand":1,"DemandMax":null,"Value":3312},{"Length":9,"Height":86,"Demand":1,"DemandMax":null,"Value":774},{"Length":40,"Height":23,"Demand":1,"DemandMax":null,"Value":920},{"Length":98,"Height":11,"Demand":1,"DemandMax":null,"Value":1078},{"Length":23,"Height":73,"Demand":1,"DemandMax":null,"Value":1679},{"Length":37,"Height":79,"Demand":1,"DemandMax":null,"Value":2923},{"Length":33,"Height":67,"Demand":1,"DemandMax":null,"Value":2211},{"Length":86,"Height":6,"Demand":1,"DemandMax":null,"Value":516},{"Length":80,"Height":47,"Demand":1,"DemandMax":null,"Value":3760},{"Length":26,"Height":79,"Demand":1,"DemandMax":null,"Value":2054},{"Length":38,"Height":96,"Demand":1,"DemandMax":null,"Value":3648},{"Length":25,"Height":74,"Demand":1,"DemandMax":null,"Value":1850}]}