{"Name":"CLASS03_040_08","Objects":[{"Length":40,"Height":40,"Stock":null,"Cost":1600}],"Items":[{"Length":34,"Height":2,"Demand":1,"DemandMax":null,"Value":68},{"Length":11,"Height":2,"Demand":1,"DemandMax":null,"Value":22},{"Length":30,"Height":24,"Demand":1,"DemandMax":null,"Value":720},{"Length":31,"Height":16,"Demand":1,"DemandMax":null,"Value":496},{"Length":31,"Height":11,"Demand":1,"DemandMax":null,"Value":341},{"Length":28,"Height":16,"Demand":1,"DemandMax":null,"Value":448},{"Length":29,"Height":16,"Demand":1,"DemandMax":null,"Value":464},{"Length":18,"Height":6,"Demand":1,"DemandMax":null,"Value":108},{"Length":28,"Height":29,"Demand":1,"DemandMax":null,"Value":812},{"Length":29,"Height":35,"Demand":1,"DemandMax":null,"Value":1015},{"Length":8,"Height":19,"Demand":1,"DemandMax":null,"Value":152},{"Length":29,"Height":26,"Demand":1,"DemandMax":null,"Value":754},{"Length":31,"Height":3,"Demand":1,"DemandMax":null,"Value":93},{"Length":34,"Height":18,"Demand":1,"DemandMax":null,"Value":612},{"Length":33,"Height":7,"Demand":1,"DemandMax":null,"Value":231},{"Length":1,"Height":26,"Demand":1,"DemandMax":null,"Value":26},{"Length":27,"Height":35,"Demand":1,"DemandMax":null,"Value":945},{"Length":4,"Height":8,"Demand":1,"DemandMax":null,"Value":32},{"Length":7,"Height":34,"Demand":1,"DemandMax":null,"Value":238},{"Length":23,"Height":3,"Demand":1,"DemandMax":null,"Value":69},{"Length":11,"Height":29,"Demand":1,"DemandMax":null,"Value":319},{"Length":16,"Height":26,"Demand":1,"DemandMax":null,"Value":416},{"Length":20,"Height":25,"Demand":1,"DemandMax":null,"Value":500},{"Length":21,"Height":34,"Demand":1,"DemandMax":null,"Value":714},{"Length":26,"Height":2,"Demand":1,"DemandMax":null,"Value":52},{"Length":20,"Height":31,"Demand":1,"DemandMax":null,"Value":620},{"Length":33,"Height":23,"Demand":1,"DemandMax":null,"Value":759},{"Length":4,"Height":33,"Demand":1,"DemandMax":null,"Value":132},{"Length":21,"Height":22,"Demand":1,"DemandMax":null,"Value":462},{"Length":12,"Height":33,"Demand":1,"DemandMax":null,"Value":396},{"Length":18,"Height":14,"Demand":1,"DemandMax":null,"Value":252},{"Length":25,"Height":33,"Demand":1,"DemandMax":null,"Value":825},{"Length":28,"Height":26,"Demand":1,"DemandMax":null,"Value":728},{"Length":35,"Height":14,"Demand":1,"DemandMax":null,"Value":490},{"Length":30,"Height":28,"Demand":1,"DemandMax":null,"Value":840},{"Length":11,"Height":4,"Demand":1,"DemandMax":null,"Value":44},{"Length":18,"Height":34,"Demand":1,"DemandMax":null,"Value":612},{"Length":3,"Height":7,"Demand":1,"DemandMax":null,"Value":21},{"Length":31,"Height":2,"Demand":1,"DemandMax":null,"Value":62},{"Length":4,"Height":3,"Demand":1,"DemandMax":null,"Value":12}]}