{"Name":"CLASS08_100_07","Objects":[{"Length":100,"Height":100,"Stock":null,"Cost":10000}],"Items":[{"Length":21,"Height":82,"Demand":1,"DemandMax":null,"Value":1722},{"Length":4,"Height":67,"Demand":1,"DemandMax":null,"Value":268},{"Length":62,"Height":75,"Demand":1,"DemandMax":null,"Value":4650},{"Length":41,"Height":12,"Demand":1,"DemandMax":null,"Value":492},{"Length":70,"Height":5,"Demand":1,"DemandMax":null,"Value":350},{"Length":69,"Height":24,"Demand":1,"DemandMax":null,"Value":1656},{"Length":5,"Height":74,"Demand":1,"DemandMax":null,"Value":370},{"Length":48,"Height":93,"Demand":1,"DemandMax":null,"Value":4464},{"Length":5,"Height":99,"Demand":1,"DemandMax":null,"Value":495},{"Length":19,"Height":8,"Demand":1,"DemandMax":null,"Value":152},{"Length":9,"Height":12,"Demand":1,"DemandMax":null,"Value":108},{"Length":18,"Height":85,"Demand":1,"DemandMax":null,"Value":1530},{"Length":15,"Height":67,"Demand":1,"DemandMax":null,"Value":1005},{"Length":96,"Height":3,"Demand":1,"DemandMax":null,"Value":288},{"Length":24,"Height":22,"Demand":1,"DemandMax":null,"Value":528},{"Length":49,"Height":30,"Demand":1,"DemandMax":null,"Value":1470},{"Length":36,"Height":79,"Demand":1,"DemandMax":null,"Value":2844},{"Length":31,"Height":72,"Demand":1,"DemandMax":null,"Value":2232},{"Length":66,"Height":44,"Demand":1,"DemandMax":null,"Value":2904},{"Length":41,"Height":95,"Demand":1,"DemandMax":null,"Value":3895},{"Length":20,"Height":98,"Demand":1,"DemandMax":null,"Value":1960},{"Length":86,"Height":28,"Demand":1,"DemandMax":null,"Value":2408},{"Length":40,"Height":85,"Demand":1,"DemandMax":null,"Value":3400},{"Length":46,"Height":77,"Demand":1,"DemandMax":null,"Value":3542},{"Length":14,"Height":91,"Demand":1,"DemandMax":null,"Value":1274},{"Length":90,"Height":57,"Demand":1,"DemandMax":null,"Value":5130},{"Length":41,"Height":82,"Demand":1,"DemandMax":null,"Value":3362},{"Length":73,"Height":2,"Demand":1,"DemandMax":null,"Value":146},{"Length":80,"Height":38,"Demand":1,"DemandMax":null,"Value":3040},{"Length":12,"Height":50,"Demand":1,"DemandMax":null,"Value":600},{"Length":67,"Height":31,"Demand":1,"DemandMax":null,"Value":2077},{"Length":39,"Height":100,"Demand":1,"DemandMax":null,"Value":3900},{"Length":92,"Height":1,"Demand":1,"DemandMax":null,"Value":92},{"Length":45,"Height":67,"Demand":1,"DemandMax":null,"Value":3015},{"Length":27,"Height":100,"Demand":1,"DemandMax":null,"Value":2700},{"Length":29,"Height":72,"Demand":1,"DemandMax":null,"Value":2088},{"Length":19,"Height":83,"Demand":1,"DemandMax":null,"Value":1577},{"Length":40,"Height":78,"Demand":1,"DemandMax":null,"Value":3120},{"Length":13,"Height":86,"Demand":1,"DemandMax":null,"Value":1118},{"Length":30,"Height":86,"Demand":1,"DemandMax":null,"Value":2580},{"Length":10,"Height":74,"Demand":1,"DemandMax":null,"Value":740},{"Length":47,"Height":97,"Demand":1,"DemandMax":null,"Value":4559},{"Length":72,"Height":22,"Demand":1,"DemandMax":null,"Value":1584},{"Length":43,"Height":74,"Demand":1,"DemandMax":null,"Value":3182},{"Length":13,"Height":72,"Demand":1,"DemandMax":null,"Value":936},{"Length":16,"Height":88,"Demand":1,"DemandMax":null,"Value":1408},{"Length":68,"Height":76,"Demand":1,"DemandMax":null,"Value":5168},{"Length":17,"Height":70,"Demand":1,"DemandMax":null,"Value":1190},{"Length":28,"Height":79,"Demand":1,"DemandMax":null,"Value":2212},{"Length":46,"Height":89,"Demand":1,"DemandMax":null,"Value":4094},{"Length":90,"Height":91,"Demand":1,"DemandMax":null,"Value":8190},{"Length":3,"Height":74,"Demand":1,"DemandMax":null,"Value":222},{"Length":4,"Height":94,"Demand":1,"DemandMax":null,"Value":376},{"Length":38,"Height":97,"Demand":1,"DemandMax":null,"Value":3686},{"Length":22,"Height":78,"Demand":1,"DemandMax":null,"Value":1716},{"Length":1,"Height":86,"Demand":1,"DemandMax":null,"Value":86},{"Length":92,"Height":74,"Demand":1,"DemandMax":null,"Value":6808},{"Length":91,"Height":68,"Demand":1,"DemandMax":null,"Value":6188},{"Length":16,"Height":70,"Demand":1,"DemandMax":null,"Value":1120},{"Length":72,"Height":10,"Demand":1,"DemandMax":null,"Value":720},{"Length":42,"Height":78,"Demand":1,"DemandMax":null,"Value":3276},{"Length":56,"Height":53,"Demand":1,"DemandMax":null,"Value":2968},{"Length":22,"Height":71,"Demand":2,"DemandMax":null,"Value":1562},{"Length":31,"Height":100,"Demand":1,"DemandMax":null,"Value":3100},{"Length":4,"Height":83,"Demand":1,"DemandMax":null,"Value":332},{"Length":33,"Height":50,"Demand":1,"DemandMax":null,"Value":1650},{"Length":39,"Height":79,"Demand":1,"DemandMax":null,"Value":3081},{"Length":14,"Height":67,"Demand":1,"DemandMax":null,"Value":938},{"Length":27,"Height":95,"Demand":1,"DemandMax":null,"Value":2565},{"Length":18,"Height":96,"Demand":2,"DemandMax":null,"Value":1728},{"Length":8,"Height":17,"Demand":1,"DemandMax":null,"Value":136},{"Length":12,"Height":81,"Demand":1,"DemandMax":null,"Value":972},{"Length":81,"Height":29,"Demand":1,"DemandMax":null,"Value":2349},{"Length":71,"Height":29,"Demand":1,"DemandMax":null,"Value":2059},{"Length":14,"Height":95,"Demand":1,"DemandMax":null,"Value":1330},{"Length":8,"Height":75,"Demand":1,"DemandMax":null,"Value":600},{"Length":84,"Height":60,"Demand":1,"DemandMax":null,"Value":5040},{"Length":11,"Height":84,"Demand":1,"DemandMax":null,"Value":924},{"Length":32,"Height":87,"Demand":1,"DemandMax":null,"Value":2784},{"Length":16,"Height":77,"Demand":1,"DemandMax":null,"Value":1232},{"Length":8,"Height":4,"Demand":1,"DemandMax":null,"Value":32},{"Length":25,"Height":90,"Demand":1,"DemandMax":null,"Value":2250},{"Length":60,"Height":79,"Demand":1,"DemandMax":null,"Value":4740},{"Length":36,"Height":87,"Demand":2,"DemandMax":null,"Value":3132},{"Length":43,"Height":71,"Demand":1,"DemandMax":null,"Value":3053},{"Length":50,"Height":69,"Demand":1,"DemandMax":null,"Value":3450},{"Length":2,"Height":94,"Demand":1,"DemandMax":null,"Value":188},{"Length":17,"Height":71,"Demand":1,"DemandMax":null,"Value":1207},{"Length":89,"Height":75,"Demand":1,"DemandMax":null,"Value":6675},{"Length":37,"Height":92,"Demand":1,"DemandMax":null,"Value":3404},{"Length":5,"Height":13,"Demand":1,"DemandMax":null,"Value":65},{"Length":60,"Height":96,"Demand":1,"DemandMax":null,"Value":5760},{"Length":48,"Height":68,"Demand":1,"DemandMax":null,"Value":3264},{"Length":19,"Height":48,"Demand":1,"DemandMax":null,"Value":912},{"Length":15,"Height":97,"Demand":1,"DemandMax":null,"Value":1455},{"Length":47,"Height":91,"Demand":1,"DemandMax":null,"Value":4277},{"Length":97,"Height":43,"Demand":1,"DemandMax":null,"Value":4171}]}