{"Name":"CLASS10_060_09","Objects":[{"Length":100,"Height":100,"Stock":null,"Cost":10000}],"Items":[{"Length":2,"Height":23,"Demand":1,"DemandMax":null,"Value":46},{"Length":32,"Height":7,"Demand":1,"DemandMax":null,"Value":224},{"Length":12,"Height":10,"Demand":1,"DemandMax":null,"Value":120},{"Length":37,"Height":66,"Demand":1,"DemandMax":null,"Value":2442},{"Length":83,"Height":25,"Demand":1,"DemandMax":null,"Value":2075},{"Length":21,"Height":49,"Demand":1,"DemandMax":null,"Value":1029},{"Length":42,"Height":18,"Demand":1,"DemandMax":null,"Value":756},{"Length":88,"Height":50,"Demand":1,"DemandMax":null,"Value":4400},{"Length":11,"Height":38,"Demand":1,"DemandMax":null,"Value":418},{"Length":71,"Height":52,"Demand":1,"DemandMax":null,"Value":3692},{"Length":33,"Height":91,"Demand":1,"DemandMax":null,"Value":3003},{"Length":39,"Height":72,"Demand":1,"DemandMax":null,"Value":2808},{"Length":8,"Height":14,"Demand":1,"DemandMax":null,"Value":112},{"Length":34,"Height":19,"Demand":1,"DemandMax":null,"Value":646},{"Length":36,"Height":78,"Demand":1,"DemandMax":null,"Value":2808},{"Length":7,"Height":31,"Demand":1,"DemandMax":null,"Value":217},{"Length":16,"Height":50,"Demand":1,"DemandMax":null,"Value":800},{"Length":8,"Height":46,"Demand":1,"DemandMax":null,"Value":368},{"Length":50,"Height":11,"Demand":1,"DemandMax":null,"Value":550},{"Length":37,"Height":14,"Demand":1,"DemandMax":null,"Value":518},{"Length":37,"Height":99,"Demand":1,"DemandMax":null,"Value":3663},{"Length":44,"Height":35,"Demand":1,"DemandMax":null,"Value":1540},{"Length":26,"Height":15,"Demand":1,"DemandMax":null,"Value":390},{"Length":28,"Height":9,"Demand":1,"DemandMax":null,"Value":252},{"Length":19,"Height":9,"Demand":1,"DemandMax":null,"Value":171},{"Length":41,"Height":35,"Demand":1,"DemandMax":null,"Value":1435},{"Length":14,"Height":31,"Demand":1,"DemandMax":null,"Value":434},{"Length":32,"Height":15,"Demand":1,"DemandMax":null,"Value":480},{"Length":12,"Height":31,"Demand":1,"DemandMax":null,"Value":372},{"Length":50,"Height":48,"Demand":1,"DemandMax":null,"Value":2400},{"Length":14,"Height":9,"Demand":1,"DemandMax":null,"Value":126},{"Length":98,"Height":33,"Demand":1,"DemandMax":null,"Value":3234},{"Length":18,"Height":15,"Demand":1,"DemandMax":null,"Value":270},{"Length":80,"Height":22,"Demand":1,"DemandMax":null,"Value":1760},{"Length":25,"Height":48,"Demand":1,"DemandMax":null,"Value":1200},{"Length":23,"Height":13,"Demand":1,"DemandMax":null,"Value":299},{"Length":35,"Height":10,"Demand":1,"DemandMax":null,"Value":350},{"Length":3,"Height":7,"Demand":1,"DemandMax":null,"Value":21},{"Length":48,"Height":100,"Demand":1,"DemandMax":null,"Value":4800},{"Length":61,"Height":53,"Demand":1,"DemandMax":null,"Value":3233},{"Length":13,"Height":17,"Demand":1,"DemandMax":null,"Value":221},{"Length":47,"Height":4,"Demand":1,"DemandMax":null,"Value":188},{"Length":32,"Height":12,"Demand":1,"DemandMax":null,"Value":384},{"Length":60,"Height":57,"Demand":1,"DemandMax":null,"Value":3420},{"Length":53,"Height":85,"Demand":1,"DemandMax":null,"Value":4505},{"Length":3,"Height":13,"Demand":1,"DemandMax":null,"Value":39},{"Length":28,"Height":36,"Demand":1,"DemandMax":null,"Value":1008},{"Length":23,"Height":22,"Demand":1,"DemandMax":null,"Value":506},{"Length":55,"Height":65,"Demand":1,"DemandMax":null,"Value":3575},{"Length":21,"Height":34,"Demand":1,"DemandMax":null,"Value":714},{"Length":36,"Height":22,"Demand":1,"DemandMax":null,"Value":792},{"Length":46,"Height":49,"Demand":1,"DemandMax":null,"Value":2254},{"Length":19,"Height":7,"Demand":1,"DemandMax":null,"Value":133},{"Length":50,"Height":16,"Demand":1,"DemandMax":null,"Value":800},{"Length":6,"Height":79,"Demand":1,"DemandMax":null,"Value":474},{"Length":31,"Height":37,"Demand":1,"DemandMax":null,"Value":1147},{"Length":45,"Height":11,"Demand":1,"DemandMax":null,"Value":495},{"Length":40,"Height":72,"Demand":1,"DemandMax":null,"Value":2880},{"Length":37,"Height":29,"Demand":1,"DemandMax":null,"Value":1073},{"Length":28,"Height":37,"Demand":1,"DemandMax":null,"Value":1036}]}