{"Name":"CLASS09_080_10","Objects":[{"Length":100,"Height":100,"Stock":null,"Cost":10000}],"Items":[{"Length":85,"Height":88,"Demand":1,"DemandMax":null,"Value":7480},{"Length":83,"Height":50,"Demand":1,"DemandMax":null,"Value":4150},{"Length":50,"Height":76,"Demand":1,"DemandMax":null,"Value":3800},{"Length":56,"Height":58,"Demand":1,"DemandMax":null,"Value":3248},{"Length":94,"Height":66,"Demand":1,"DemandMax":null,"Value":6204},{"Length":82,"Height":94,"Demand":1,"DemandMax":null,"Value":7708},{"Length":65,"Height":60,"Demand":1,"DemandMax":null,"Value":3900},{"Length":61,"Height":57,"Demand":1,"DemandMax":null,"Value":3477},{"Length":64,"Height":56,"Demand":1,"DemandMax":null,"Value":3584},{"Length":43,"Height":100,"Demand":1,"DemandMax":null,"Value":4300},{"Length":91,"Height":55,"Demand":1,"DemandMax":null,"Value":5005},{"Length":28,"Height":79,"Demand":1,"DemandMax":null,"Value":2212},{"Length":96,"Height":58,"Demand":1,"DemandMax":null,"Value":5568},{"Length":65,"Height":66,"Demand":1,"DemandMax":null,"Value":4290},{"Length":85,"Height":14,"Demand":2,"DemandMax":null,"Value":1190},{"Length":55,"Height":92,"Demand":1,"DemandMax":null,"Value":5060},{"Length":93,"Height":22,"Demand":1,"DemandMax":null,"Value":2046},{"Length":99,"Height":96,"Demand":1,"DemandMax":null,"Value":9504},{"Length":78,"Height":83,"Demand":1,"DemandMax":null,"Value":6474},{"Length":96,"Height":77,"Demand":1,"DemandMax":null,"Value":7392},{"Length":95,"Height":97,"Demand":1,"DemandMax":null,"Value":9215},{"Length":97,"Height":36,"Demand":1,"DemandMax":null,"Value":3492},{"Length":89,"Height":63,"Demand":1,"DemandMax":null,"Value":5607},{"Length":97,"Height":73,"Demand":1,"DemandMax":null,"Value":7081},{"Length":61,"Height":83,"Demand":1,"DemandMax":null,"Value":5063},{"Length":51,"Height":88,"Demand":1,"DemandMax":null,"Value":4488},{"Length":61,"Height":56,"Demand":1,"DemandMax":null,"Value":3416},{"Length":59,"Height":81,"Demand":1,"DemandMax":null,"Value":4779},{"Length":40,"Height":32,"Demand":1,"DemandMax":null,"Value":1280},{"Length":71,"Height":51,"Demand":1,"DemandMax":null,"Value":3621},{"Length":96,"Height":60,"Demand":1,"DemandMax":null,"Value":5760},{"Length":85,"Height":50,"Demand":1,"DemandMax":null,"Value":4250},{"Length":80,"Height":92,"Demand":1,"DemandMax":null,"Value":7360},{"Length":66,"Height":28,"Demand":1,"DemandMax":null,"Value":1848},{"Length":92,"Height":76,"Demand":1,"DemandMax":null,"Value":6992},{"Length":71,"Height":82,"Demand":1,"DemandMax":null,"Value":5822},{"Length":88,"Height":14,"Demand":1,"DemandMax":null,"Value":1232},{"Length":94,"Height":64,"Demand":1,"DemandMax":null,"Value":6016},{"Length":100,"Height":53,"Demand":1,"DemandMax":null,"Value":5300},{"Length":69,"Height":75,"Demand":1,"DemandMax":null,"Value":5175},{"Length":46,"Height":47,"Demand":1,"DemandMax":null,"Value":2162},{"Length":98,"Height":63,"Demand":1,"DemandMax":null,"Value":6174},{"Length":69,"Height":93,"Demand":1,"DemandMax":null,"Value":6417},{"Length":79,"Height":80,"Demand":2,"DemandMax":null,"Value":6320},{"Length":80,"Height":42,"Demand":1,"DemandMax":null,"Value":3360},{"Length":63,"Height":74,"Demand":1,"DemandMax":null,"Value":4662},{"Length":50,"Height":94,"Demand":1,"DemandMax":null,"Value":4700},{"Length":50,"Height":96,"Demand":1,"DemandMax":null,"Value":4800},{"Length":57,"Height":99,"Demand":1,"DemandMax":null,"Value":5643},{"Length":91,"Height":96,"Demand":1,"DemandMax":null,"Value":8736},{"Length":43,"Height":7,"Demand":1,"DemandMax":null,"Value":301},{"Length":84,"Height":74,"Demand":1,"DemandMax":null,"Value":6216},{"Length":70,"Height":17,"Demand":1,"DemandMax":null,"Value":1190},{"Length":98,"Height":81,"Demand":1,"DemandMax":null,"Value":7938},{"Length":66,"Height":97,"Demand":1,"DemandMax":null,"Value":6402},{"Length":80,"Height":75,"Demand":1,"DemandMax":null,"Value":6000},{"Length":63,"Height":66,"Demand":1,"DemandMax":null,"Value":4158},{"Length":85,"Height":64,"Demand":1,"DemandMax":null,"Value":5440},{"Length":39,"Height":39,"Demand":1,"DemandMax":null,"Value":1521},{"Length":93,"Height":82,"Demand":1,"DemandMax":null,"Value":7626},{"Length":91,"Height":64,"Demand":1,"DemandMax":null,"Value":5824},{"Length":52,"Height":78,"Demand":1,"DemandMax":null,"Value":4056},{"Length":72,"Height":92,"Demand":1,"DemandMax":null,"Value":6624},{"Length":66,"Height":51,"Demand":1,"DemandMax":null,"Value":3366},{"Length":80,"Height":73,"Demand":1,"DemandMax":null,"Value":5840},{"Length":88,"Height":3,"Demand":1,"DemandMax":null,"Value":264},{"Length":67,"Height":57,"Demand":1,"DemandMax":null,"Value":3819},{"Length":51,"Height":82,"Demand":1,"DemandMax":null,"Value":4182},{"Length":81,"Height":94,"Demand":1,"DemandMax":null,"Value":7614},{"Length":74,"Height":89,"Demand":1,"DemandMax":null,"Value":6586},{"Length":74,"Height":84,"Demand":1,"DemandMax":null,"Value":6216},{"Length":100,"Height":74,"Demand":1,"DemandMax":null,"Value":7400},{"Length":94,"Height":77,"Demand":1,"DemandMax":null,"Value":7238},{"Length":28,"Height":91,"Demand":1,"DemandMax":null,"Value":2548},{"Length":93,"Height":72,"Demand":1,"DemandMax":null,"Value":6696},{"Length":8,"Height":85,"Demand":1,"DemandMax":null,"Value":680},{"Length":68,"Height":71,"Demand":1,"DemandMax":null,"Value":4828},{"Length":42,"Height":98,"Demand":1,"DemandMax":null,"Value":4116}]}