{"Name":"CLASS06_040_06","Objects":[{"Length":300,"Height":300,"Stock":null,"Cost":90000}],"Items":[{"Length":25,"Height":57,"Demand":1,"DemandMax":null,"Value":1425},{"Length":64,"Height":2,"Demand":1,"DemandMax":null,"Value":128},{"Length":48,"Height":65,"Demand":1,"DemandMax":null,"Value":3120},{"Length":32,"Height":34,"Demand":1,"DemandMax":null,"Value":1088},{"Length":7,"Height":32,"Demand":1,"DemandMax":null,"Value":224},{"Length":93,"Height":13,"Demand":1,"DemandMax":null,"Value":1209},{"Length":46,"Height":68,"Demand":1,"DemandMax":null,"Value":3128},{"Length":55,"Height":17,"Demand":1,"DemandMax":null,"Value":935},{"Length":43,"Height":17,"Demand":1,"DemandMax":null,"Value":731},{"Length":65,"Height":57,"Demand":1,"DemandMax":null,"Value":3705},{"Length":10,"Height":58,"Demand":1,"DemandMax":null,"Value":580},{"Length":100,"Height":77,"Demand":1,"DemandMax":null,"Value":7700},{"Length":90,"Height":2,"Demand":1,"DemandMax":null,"Value":180},{"Length":71,"Height":55,"Demand":1,"DemandMax":null,"Value":3905},{"Length":62,"Height":93,"Demand":1,"DemandMax":null,"Value":5766},{"Length":21,"Height":3,"Demand":1,"DemandMax":null,"Value":63},{"Length":37,"Height":8,"Demand":1,"DemandMax":null,"Value":296},{"Length":31,"Height":64,"Demand":1,"DemandMax":null,"Value":1984},{"Length":58,"Height":60,"Demand":1,"DemandMax":null,"Value":3480},{"Length":9,"Height":17,"Demand":1,"DemandMax":null,"Value":153},{"Length":5,"Height":91,"Demand":1,"DemandMax":null,"Value":455},{"Length":1,"Height":72,"Demand":1,"DemandMax":null,"Value":72},{"Length":87,"Height":81,"Demand":1,"DemandMax":null,"Value":7047},{"Length":85,"Height":75,"Demand":1,"DemandMax":null,"Value":6375},{"Length":50,"Height":41,"Demand":1,"DemandMax":null,"Value":2050},{"Length":71,"Height":2,"Demand":1,"DemandMax":null,"Value":142},{"Length":70,"Height":14,"Demand":1,"DemandMax":null,"Value":980},{"Length":4,"Height":65,"Demand":1,"DemandMax":null,"Value":260},{"Length":60,"Height":78,"Demand":1,"DemandMax":null,"Value":4680},{"Length":62,"Height":8,"Demand":1,"DemandMax":null,"Value":496},{"Length":64,"Height":45,"Demand":1,"DemandMax":null,"Value":2880},{"Length":56,"Height":10,"Demand":1,"DemandMax":null,"Value":560},{"Length":59,"Height":59,"Demand":1,"DemandMax":null,"Value":3481},{"Length":30,"Height":81,"Demand":1,"DemandMax":null,"Value":2430},{"Length":57,"Height":98,"Demand":1,"DemandMax":null,"Value":5586},{"Length":63,"Height":65,"Demand":1,"DemandMax":null,"Value":4095},{"Length":2,"Height":72,"Demand":1,"DemandMax":null,"Value":144},{"Length":64,"Height":41,"Demand":1,"DemandMax":null,"Value":2624},{"Length":72,"Height":28,"Demand":1,"DemandMax":null,"Value":2016},{"Length":80,"Height":20,"Demand":1,"DemandMax":null,"Value":1600}]}