{"Name":"CLASS04_040_04","Objects":[{"Length":100,"Height":100,"Stock":null,"Cost":10000}],"Items":[{"Length":30,"Height":15,"Demand":1,"DemandMax":null,"Value":450},{"Length":13,"Height":3,"Demand":1,"DemandMax":null,"Value":39},{"Length":7,"Height":27,"Demand":1,"DemandMax":null,"Value":189},{"Length":29,"Height":12,"Demand":1,"DemandMax":null,"Value":348},{"Length":7,"Height":2,"Demand":1,"DemandMax":null,"Value":14},{"Length":19,"Height":14,"Demand":1,"DemandMax":null,"Value":266},{"Length":13,"Height":12,"Demand":1,"DemandMax":null,"Value":156},{"Length":21,"Height":2,"Demand":1,"DemandMax":null,"Value":42},{"Length":16,"Height":4,"Demand":1,"DemandMax":null,"Value":64},{"Length":17,"Height":14,"Demand":1,"DemandMax":null,"Value":238},{"Length":19,"Height":4,"Demand":1,"DemandMax":null,"Value":76},{"Length":32,"Height":30,"Demand":1,"DemandMax":null,"Value":960},{"Length":5,"Height":17,"Demand":1,"DemandMax":null,"Value":85},{"Length":2,"Height":8,"Demand":1,"DemandMax":null,"Value":16},{"Length":33,"Height":23,"Demand":1,"DemandMax":null,"Value":759},{"Length":12,"Height":23,"Demand":1,"DemandMax":null,"Value":276},{"Length":5,"Height":15,"Demand":1,"DemandMax":null,"Value":75},{"Length":19,"Height":19,"Demand":1,"DemandMax":null,"Value":361},{"Length":4,"Height":31,"Demand":1,"DemandMax":null,"Value":124},{"Length":27,"Height":23,"Demand":1,"DemandMax":null,"Value":621},{"Length":24,"Height":16,"Demand":1,"DemandMax":null,"Value":384},{"Length":16,"Height":5,"Demand":1,"DemandMax":null,"Value":80},{"Length":33,"Height":34,"Demand":1,"DemandMax":null,"Value":1122},{"Length":14,"Height":16,"Demand":1,"DemandMax":null,"Value":224},{"Length":12,"Height":17,"Demand":1,"DemandMax":null,"Value":204},{"Length":24,"Height":11,"Demand":1,"DemandMax":null,"Value":264},{"Length":23,"Height":17,"Demand":1,"DemandMax":null,"Value":391},{"Length":27,"Height":31,"Demand":1,"DemandMax":null,"Value":837},{"Length":34,"Height":26,"Demand":1,"DemandMax":null,"Value":884},{"Length":16,"Height":21,"Demand":1,"DemandMax":null,"Value":336},{"Length":28,"Height":12,"Demand":1,"DemandMax":null,"Value":336},{"Length":30,"Height":7,"Demand":1,"DemandMax":null,"Value":210},{"Length":30,"Height":26,"Demand":1,"DemandMax":null,"Value":780},{"Length":12,"Height":30,"Demand":1,"DemandMax":null,"Value":360},{"Length":9,"Height":26,"Demand":1,"DemandMax":null,"Value":234},{"Length":27,"Height":34,"Demand":1,"DemandMax":null,"Value":918},{"Length":17,"Height":15,"Demand":1,"DemandMax":null,"Value":255},{"Length":8,"Height":12,"Demand":1,"DemandMax":null,"Value":96},{"Length":10,"Height":9,"Demand":1,"DemandMax":null,"Value":90},{"Length":6,"Height":2,"Demand":1,"DemandMax":null,"Value":12}]}