{"Name":"CLASS06_020_08","Objects":[{"Length":300,"Height":300,"Stock":null,"Cost":90000}],"Items":[{"Length":85,"Height":41,"Demand":1,"DemandMax":null,"Value":3485},{"Length":37,"Height":9,"Demand":1,"DemandMax":null,"Value":333},{"Length":18,"Height":77,"Demand":1,"DemandMax":null,"Value":1386},{"Length":83,"Height":34,"Demand":1,"DemandMax":null,"Value":2822},{"Length":20,"Height":4,"Demand":1,"DemandMax":null,"Value":80},{"Length":53,"Height":40,"Demand":1,"DemandMax":null,"Value":2120},{"Length":37,"Height":33,"Demand":1,"DemandMax":null,"Value":1221},{"Length":60,"Height":4,"Demand":1,"DemandMax":null,"Value":240},{"Length":44,"Height":10,"Demand":1,"DemandMax":null,"Value":440},{"Length":46,"Height":38,"Demand":1,"DemandMax":null,"Value":1748},{"Length":55,"Height":11,"Demand":1,"DemandMax":null,"Value":605},{"Length":91,"Height":85,"Demand":1,"DemandMax":null,"Value":7735},{"Length":12,"Height":48,"Demand":1,"DemandMax":null,"Value":576},{"Length":6,"Height":23,"Demand":1,"DemandMax":null,"Value":138},{"Length":94,"Height":66,"Demand":1,"DemandMax":null,"Value":6204},{"Length":33,"Height":64,"Demand":1,"DemandMax":null,"Value":2112},{"Length":12,"Height":42,"Demand":1,"DemandMax":null,"Value":504},{"Length":53,"Height":53,"Demand":1,"DemandMax":null,"Value":2809},{"Length":11,"Height":87,"Demand":1,"DemandMax":null,"Value":957},{"Length":75,"Height":66,"Demand":1,"DemandMax":null,"Value":4950}]}