{"Name":"CLASS07_080_08","Objects":[{"Length":100,"Height":100,"Stock":null,"Cost":10000}],"Items":[{"Length":76,"Height":28,"Demand":1,"DemandMax":null,"Value":2128},{"Length":90,"Height":20,"Demand":1,"DemandMax":null,"Value":1800},{"Length":100,"Height":1,"Demand":1,"DemandMax":null,"Value":100},{"Length":77,"Height":63,"Demand":1,"DemandMax":null,"Value":4851},{"Length":12,"Height":27,"Demand":1,"DemandMax":null,"Value":324},{"Length":22,"Height":89,"Demand":1,"DemandMax":null,"Value":1958},{"Length":66,"Height":6,"Demand":1,"DemandMax":null,"Value":396},{"Length":79,"Height":34,"Demand":1,"DemandMax":null,"Value":2686},{"Length":78,"Height":37,"Demand":1,"DemandMax":null,"Value":2886},{"Length":79,"Height":11,"Demand":1,"DemandMax":null,"Value":869},{"Length":75,"Height":22,"Demand":1,"DemandMax":null,"Value":1650},{"Length":23,"Height":76,"Demand":1,"DemandMax":null,"Value":1748},{"Length":92,"Height":10,"Demand":1,"DemandMax":null,"Value":920},{"Length":79,"Height":98,"Demand":1,"DemandMax":null,"Value":7742},{"Length":89,"Height":100,"Demand":1,"DemandMax":null,"Value":8900},{"Length":38,"Height":9,"Demand":1,"DemandMax":null,"Value":342},{"Length":19,"Height":44,"Demand":1,"DemandMax":null,"Value":836},{"Length":100,"Height":48,"Demand":1,"DemandMax":null,"Value":4800},{"Length":83,"Height":40,"Demand":1,"DemandMax":null,"Value":3320},{"Length":76,"Height":14,"Demand":1,"DemandMax":null,"Value":1064},{"Length":11,"Height":93,"Demand":1,"DemandMax":null,"Value":1023},{"Length":83,"Height":58,"Demand":1,"DemandMax":null,"Value":4814},{"Length":82,"Height":41,"Demand":1,"DemandMax":null,"Value":3362},{"Length":68,"Height":31,"Demand":1,"DemandMax":null,"Value":2108},{"Length":65,"Height":96,"Demand":1,"DemandMax":null,"Value":6240},{"Length":84,"Height":31,"Demand":1,"DemandMax":null,"Value":2604},{"Length":89,"Height":5,"Demand":1,"DemandMax":null,"Value":445},{"Length":68,"Height":10,"Demand":1,"DemandMax":null,"Value":680},{"Length":87,"Height":15,"Demand":1,"DemandMax":null,"Value":1305},{"Length":34,"Height":76,"Demand":1,"DemandMax":null,"Value":2584},{"Length":69,"Height":29,"Demand":1,"DemandMax":null,"Value":2001},{"Length":76,"Height":50,"Demand":1,"DemandMax":null,"Value":3800},{"Length":71,"Height":46,"Demand":1,"DemandMax":null,"Value":3266},{"Length":66,"Height":12,"Demand":1,"DemandMax":null,"Value":792},{"Length":92,"Height":16,"Demand":1,"DemandMax":null,"Value":1472},{"Length":90,"Height":51,"Demand":1,"DemandMax":null,"Value":4590},{"Length":98,"Height":38,"Demand":1,"DemandMax":null,"Value":3724},{"Length":87,"Height":20,"Demand":1,"DemandMax":null,"Value":1740},{"Length":89,"Height":14,"Demand":1,"DemandMax":null,"Value":1246},{"Length":83,"Height":15,"Demand":1,"DemandMax":null,"Value":1245},{"Length":99,"Height":42,"Demand":1,"DemandMax":null,"Value":4158},{"Length":81,"Height":39,"Demand":1,"DemandMax":null,"Value":3159},{"Length":94,"Height":24,"Demand":1,"DemandMax":null,"Value":2256},{"Length":81,"Height":40,"Demand":1,"DemandMax":null,"Value":3240},{"Length":73,"Height":8,"Demand":1,"DemandMax":null,"Value":584},{"Length":83,"Height":20,"Demand":1,"DemandMax":null,"Value":1660},{"Length":9,"Height":45,"Demand":1,"DemandMax":null,"Value":405},{"Length":87,"Height":27,"Demand":1,"DemandMax":null,"Value":2349},{"Length":35,"Height":35,"Demand":1,"DemandMax":null,"Value":1225},{"Length":93,"Height":13,"Demand":1,"DemandMax":null,"Value":1209},{"Length":92,"Height":28,"Demand":1,"DemandMax":null,"Value":2576},{"Length":50,"Height":75,"Demand":1,"DemandMax":null,"Value":3750},{"Length":80,"Height":24,"Demand":1,"DemandMax":null,"Value":1920},{"Length":76,"Height":17,"Demand":1,"DemandMax":null,"Value":1292},{"Length":86,"Height":23,"Demand":1,"DemandMax":null,"Value":1978},{"Length":88,"Height":36,"Demand":1,"DemandMax":null,"Value":3168},{"Length":78,"Height":25,"Demand":1,"DemandMax":null,"Value":1950},{"Length":53,"Height":83,"Demand":1,"DemandMax":null,"Value":4399},{"Length":89,"Height":29,"Demand":1,"DemandMax":null,"Value":2581},{"Length":84,"Height":8,"Demand":1,"DemandMax":null,"Value":672},{"Length":84,"Height":37,"Demand":1,"DemandMax":null,"Value":3108},{"Length":52,"Height":60,"Demand":1,"DemandMax":null,"Value":3120},{"Length":99,"Height":48,"Demand":1,"DemandMax":null,"Value":4752},{"Length":88,"Height":41,"Demand":1,"DemandMax":null,"Value":3608},{"Length":99,"Height":11,"Demand":1,"DemandMax":null,"Value":1089},{"Length":75,"Height":50,"Demand":1,"DemandMax":null,"Value":3750},{"Length":83,"Height":27,"Demand":1,"DemandMax":null,"Value":2241},{"Length":100,"Height":37,"Demand":1,"DemandMax":null,"Value":3700},{"Length":86,"Height":47,"Demand":1,"DemandMax":null,"Value":4042},{"Length":91,"Height":1,"Demand":1,"DemandMax":null,"Value":91},{"Length":62,"Height":68,"Demand":1,"DemandMax":null,"Value":4216},{"Length":85,"Height":43,"Demand":1,"DemandMax":null,"Value":3655},{"Length":82,"Height":44,"Demand":1,"DemandMax":null,"Value":3608},{"Length":80,"Height":14,"Demand":1,"DemandMax":null,"Value":1120},{"Length":13,"Height":80,"Demand":1,"DemandMax":null,"Value":1040},{"Length":18,"Height":12,"Demand":1,"DemandMax":null,"Value":216},{"Length":86,"Height":3,"Demand":1,"DemandMax":null,"Value":258},{"Length":18,"Height":38,"Demand":1,"DemandMax":null,"Value":684},{"Length":25,"Height":37,"Demand":1,"DemandMax":null,"Value":925},{"Length":20,"Height":42,"Demand":1,"DemandMax":null,"Value":840}]}