{"Name":"CLASS04_060_07","Objects":[{"Length":100,"Height":100,"Stock":null,"Cost":10000}],"Items":[{"Length":15,"Height":28,"Demand":1,"DemandMax":null,"Value":420},{"Length":26,"Height":8,"Demand":1,"DemandMax":null,"Value":208},{"Length":16,"Height":14,"Demand":1,"DemandMax":null,"Value":224},{"Length":28,"Height":33,"Demand":1,"DemandMax":null,"Value":924},{"Length":10,"Height":25,"Demand":1,"DemandMax":null,"Value":250},{"Length":30,"Height":32,"Demand":1,"DemandMax":null,"Value":960},{"Length":25,"Height":5,"Demand":1,"DemandMax":null,"Value":125},{"Length":14,"Height":9,"Demand":1,"DemandMax":null,"Value":126},{"Length":29,"Height":18,"Demand":1,"DemandMax":null,"Value":522},{"Length":6,"Height":14,"Demand":1,"DemandMax":null,"Value":84},{"Length":2,"Height":31,"Demand":1,"DemandMax":null,"Value":62},{"Length":12,"Height":5,"Demand":1,"DemandMax":null,"Value":60},{"Length":8,"Height":25,"Demand":1,"DemandMax":null,"Value":200},{"Length":10,"Height":19,"Demand":1,"DemandMax":null,"Value":190},{"Length":14,"Height":29,"Demand":1,"DemandMax":null,"Value":406},{"Length":29,"Height":4,"Demand":1,"DemandMax":null,"Value":116},{"Length":2,"Height":10,"Demand":1,"DemandMax":null,"Value":20},{"Length":1,"Height":20,"Demand":1,"DemandMax":null,"Value":20},{"Length":34,"Height":19,"Demand":1,"DemandMax":null,"Value":646},{"Length":14,"Height":2,"Demand":1,"DemandMax":null,"Value":28},{"Length":8,"Height":13,"Demand":1,"DemandMax":null,"Value":104},{"Length":24,"Height":1,"Demand":1,"DemandMax":null,"Value":24},{"Length":11,"Height":32,"Demand":1,"DemandMax":null,"Value":352},{"Length":34,"Height":9,"Demand":1,"DemandMax":null,"Value":306},{"Length":33,"Height":20,"Demand":1,"DemandMax":null,"Value":660},{"Length":27,"Height":29,"Demand":1,"DemandMax":null,"Value":783},{"Length":10,"Height":6,"Demand":1,"DemandMax":null,"Value":60},{"Length":27,"Height":7,"Demand":1,"DemandMax":null,"Value":189},{"Length":27,"Height":27,"Demand":1,"DemandMax":null,"Value":729},{"Length":6,"Height":5,"Demand":1,"DemandMax":null,"Value":30},{"Length":6,"Height":30,"Demand":1,"DemandMax":null,"Value":180},{"Length":12,"Height":28,"Demand":1,"DemandMax":null,"Value":336},{"Length":21,"Height":7,"Demand":1,"DemandMax":null,"Value":147},{"Length":4,"Height":21,"Demand":1,"DemandMax":null,"Value":84},{"Length":17,"Height":31,"Demand":1,"DemandMax":null,"Value":527},{"Length":20,"Height":10,"Demand":1,"DemandMax":null,"Value":200},{"Length":22,"Height":13,"Demand":1,"DemandMax":null,"Value":286},{"Length":6,"Height":1,"Demand":1,"DemandMax":null,"Value":6},{"Length":4,"Height":16,"Demand":1,"DemandMax":null,"Value":64},{"Length":24,"Height":8,"Demand":1,"DemandMax":null,"Value":192},{"Length":14,"Height":8,"Demand":1,"DemandMax":null,"Value":112},{"Length":7,"Height":23,"Demand":1,"DemandMax":null,"Value":161},{"Length":10,"Height":4,"Demand":1,"DemandMax":null,"Value":40},{"Length":8,"Height":17,"Demand":1,"DemandMax":null,"Value":136},{"Length":31,"Height":33,"Demand":1,"DemandMax":null,"Value":1023},{"Length":17,"Height":3,"Demand":1,"DemandMax":null,"Value":51},{"Length":20,"Height":27,"Demand":1,"DemandMax":null,"Value":540},{"Length":3,"Height":10,"Demand":1,"DemandMax":null,"Value":30},{"Length":7,"Height":4,"Demand":2,"DemandMax":null,"Value":28},{"Length":18,"Height":5,"Demand":1,"DemandMax":null,"Value":90},{"Length":30,"Height":23,"Demand":1,"DemandMax":null,"Value":690},{"Length":18,"Height":6,"Demand":1,"DemandMax":null,"Value":108},{"Length":35,"Height":21,"Demand":1,"DemandMax":null,"Value":735},{"Length":13,"Height":11,"Demand":1,"DemandMax":null,"Value":143},{"Length":1,"Height":3,"Demand":1,"DemandMax":null,"Value":3},{"Length":3,"Height":22,"Demand":1,"DemandMax":null,"Value":66},{"Length":27,"Height":18,"Demand":1,"DemandMax":null,"Value":486},{"Length":22,"Height":22,"Demand":1,"DemandMax":null,"Value":484},{"Length":19,"Height":7,"Demand":1,"DemandMax":null,"Value":133}]}