{"Name":"CLASS05_080_01","Objects":[{"Length":100,"Height":100,"Stock":null,"Cost":10000}],"Items":[{"Length":40,"Height":70,"Demand":1,"DemandMax":null,"Value":2800},{"Length":4,"Height":21,"Demand":1,"DemandMax":null,"Value":84},{"Length":52,"Height":62,"Demand":1,"DemandMax":null,"Value":3224},{"Length":73,"Height":15,"Demand":1,"DemandMax":null,"Value":1095},{"Length":89,"Height":35,"Demand":1,"DemandMax":null,"Value":3115},{"Length":56,"Height":11,"Demand":1,"DemandMax":null,"Value":616},{"Length":62,"Height":65,"Demand":1,"DemandMax":null,"Value":4030},{"Length":30,"Height":54,"Demand":1,"DemandMax":null,"Value":1620},{"Length":16,"Height":65,"Demand":1,"DemandMax":null,"Value":1040},{"Length":7,"Height":22,"Demand":1,"DemandMax":null,"Value":154},{"Length":27,"Height":79,"Demand":1,"DemandMax":null,"Value":2133},{"Length":31,"Height":26,"Demand":1,"DemandMax":null,"Value":806},{"Length":8,"Height":84,"Demand":1,"DemandMax":null,"Value":672},{"Length":80,"Height":10,"Demand":1,"DemandMax":null,"Value":800},{"Length":3,"Height":92,"Demand":1,"DemandMax":null,"Value":276},{"Length":65,"Height":53,"Demand":1,"DemandMax":null,"Value":3445},{"Length":89,"Height":47,"Demand":1,"DemandMax":null,"Value":4183},{"Length":30,"Height":64,"Demand":1,"DemandMax":null,"Value":1920},{"Length":78,"Height":27,"Demand":1,"DemandMax":null,"Value":2106},{"Length":53,"Height":90,"Demand":1,"DemandMax":null,"Value":4770},{"Length":13,"Height":42,"Demand":1,"DemandMax":null,"Value":546},{"Length":46,"Height":7,"Demand":1,"DemandMax":null,"Value":322},{"Length":74,"Height":38,"Demand":1,"DemandMax":null,"Value":2812},{"Length":52,"Height":26,"Demand":1,"DemandMax":null,"Value":1352},{"Length":70,"Height":92,"Demand":1,"DemandMax":null,"Value":6440},{"Length":50,"Height":93,"Demand":1,"DemandMax":null,"Value":4650},{"Length":47,"Height":16,"Demand":1,"DemandMax":null,"Value":752},{"Length":50,"Height":84,"Demand":1,"DemandMax":null,"Value":4200},{"Length":82,"Height":53,"Demand":1,"DemandMax":null,"Value":4346},{"Length":98,"Height":11,"Demand":1,"DemandMax":null,"Value":1078},{"Length":86,"Height":81,"Demand":1,"DemandMax":null,"Value":6966},{"Length":70,"Height":19,"Demand":1,"DemandMax":null,"Value":1330},{"Length":4,"Height":12,"Demand":1,"DemandMax":null,"Value":48},{"Length":78,"Height":85,"Demand":1,"DemandMax":null,"Value":6630},{"Length":13,"Height":91,"Demand":1,"DemandMax":null,"Value":1183},{"Length":66,"Height":20,"Demand":1,"DemandMax":null,"Value":1320},{"Length":25,"Height":94,"Demand":1,"DemandMax":null,"Value":2350},{"Length":13,"Height":68,"Demand":1,"DemandMax":null,"Value":884},{"Length":84,"Height":33,"Demand":1,"DemandMax":null,"Value":2772},{"Length":29,"Height":9,"Demand":1,"DemandMax":null,"Value":261},{"Length":68,"Height":52,"Demand":1,"DemandMax":null,"Value":3536},{"Length":58,"Height":51,"Demand":1,"DemandMax":null,"Value":2958},{"Length":88,"Height":29,"Demand":1,"DemandMax":null,"Value":2552},{"Length":79,"Height":41,"Demand":1,"DemandMax":null,"Value":3239},{"Length":88,"Height":76,"Demand":1,"DemandMax":null,"Value":6688},{"Length":3,"Height":56,"Demand":1,"DemandMax":null,"Value":168},{"Length":46,"Height":36,"Demand":1,"DemandMax":null,"Value":1656},{"Length":74,"Height":6,"Demand":1,"DemandMax":null,"Value":444},{"Length":74,"Height":88,"Demand":1,"DemandMax":null,"Value":6512},{"Length":69,"Height":37,"Demand":1,"DemandMax":null,"Value":2553},{"Length":15,"Height":43,"Demand":1,"DemandMax":null,"Value":645},{"Length":1,"Height":27,"Demand":1,"DemandMax":null,"Value":27},{"Length":48,"Height":44,"Demand":1,"DemandMax":null,"Value":2112},{"Length":12,"Height":85,"Demand":1,"DemandMax":null,"Value":1020},{"Length":83,"Height":71,"Demand":1,"DemandMax":null,"Value":5893},{"Length":82,"Height":57,"Demand":1,"DemandMax":null,"Value":4674},{"Length":65,"Height":33,"Demand":1,"DemandMax":null,"Value":2145},{"Length":22,"Height":21,"Demand":1,"DemandMax":null,"Value":462},{"Length":73,"Height":75,"Demand":1,"DemandMax":null,"Value":5475},{"Length":74,"Height":87,"Demand":1,"DemandMax":null,"Value":6438},{"Length":16,"Height":76,"Demand":1,"DemandMax":null,"Value":1216},{"Length":19,"Height":100,"Demand":1,"DemandMax":null,"Value":1900},{"Length":39,"Height":46,"Demand":1,"DemandMax":null,"Value":1794},{"Length":66,"Height":38,"Demand":1,"DemandMax":null,"Value":2508},{"Length":21,"Height":30,"Demand":1,"DemandMax":null,"Value":630},{"Length":60,"Height":12,"Demand":1,"DemandMax":null,"Value":720},{"Length":72,"Height":5,"Demand":1,"DemandMax":null,"Value":360},{"Length":79,"Height":66,"Demand":1,"DemandMax":null,"Value":5214},{"Length":36,"Height":83,"Demand":1,"DemandMax":null,"Value":2988},{"Length":33,"Height":79,"Demand":1,"DemandMax":null,"Value":2607},{"Length":92,"Height":8,"Demand":1,"DemandMax":null,"Value":736},{"Length":69,"Height":60,"Demand":1,"DemandMax":null,"Value":4140},{"Length":51,"Height":58,"Demand":1,"DemandMax":null,"Value":2958},{"Length":62,"Height":56,"Demand":1,"DemandMax":null,"Value":3472},{"Length":57,"Height":43,"Demand":1,"DemandMax":null,"Value":2451},{"Length":24,"Height":42,"Demand":1,"DemandMax":null,"Value":1008},{"Length":87,"Height":9,"Demand":1,"DemandMax":null,"Value":783},{"Length":1,"Height":32,"Demand":1,"DemandMax":null,"Value":32},{"Length":54,"Height":33,"Demand":1,"DemandMax":null,"Value":1782},{"Length":68,"Height":68,"Demand":1,"DemandMax":null,"Value":4624}]}