{"Name":"CLASS08_080_04","Objects":[{"Length":100,"Height":100,"Stock":null,"Cost":10000}],"Items":[{"Length":67,"Height":49,"Demand":1,"DemandMax":null,"Value":3283},{"Length":43,"Height":89,"Demand":1,"DemandMax":null,"Value":3827},{"Length":16,"Height":96,"Demand":1,"DemandMax":null,"Value":1536},{"Length":90,"Height":73,"Demand":1,"DemandMax":null,"Value":6570},{"Length":8,"Height":94,"Demand":1,"DemandMax":null,"Value":752},{"Length":39,"Height":94,"Demand":1,"DemandMax":null,"Value":3666},{"Length":27,"Height":41,"Demand":1,"DemandMax":null,"Value":1107},{"Length":41,"Height":91,"Demand":1,"DemandMax":null,"Value":3731},{"Length":83,"Height":45,"Demand":1,"DemandMax":null,"Value":3735},{"Length":47,"Height":10,"Demand":1,"DemandMax":null,"Value":470},{"Length":50,"Height":66,"Demand":1,"DemandMax":null,"Value":3300},{"Length":5,"Height":73,"Demand":1,"DemandMax":null,"Value":365},{"Length":4,"Height":10,"Demand":1,"DemandMax":null,"Value":40},{"Length":16,"Height":94,"Demand":1,"DemandMax":null,"Value":1504},{"Length":35,"Height":81,"Demand":1,"DemandMax":null,"Value":2835},{"Length":30,"Height":99,"Demand":1,"DemandMax":null,"Value":2970},{"Length":96,"Height":37,"Demand":1,"DemandMax":null,"Value":3552},{"Length":47,"Height":88,"Demand":1,"DemandMax":null,"Value":4136},{"Length":31,"Height":5,"Demand":1,"DemandMax":null,"Value":155},{"Length":17,"Height":98,"Demand":1,"DemandMax":null,"Value":1666},{"Length":46,"Height":83,"Demand":1,"DemandMax":null,"Value":3818},{"Length":39,"Height":91,"Demand":1,"DemandMax":null,"Value":3549},{"Length":39,"Height":100,"Demand":1,"DemandMax":null,"Value":3900},{"Length":64,"Height":55,"Demand":1,"DemandMax":null,"Value":3520},{"Length":10,"Height":26,"Demand":1,"DemandMax":null,"Value":260},{"Length":96,"Height":3,"Demand":1,"DemandMax":null,"Value":288},{"Length":71,"Height":6,"Demand":1,"DemandMax":null,"Value":426},{"Length":25,"Height":85,"Demand":1,"DemandMax":null,"Value":2125},{"Length":36,"Height":92,"Demand":1,"DemandMax":null,"Value":3312},{"Length":9,"Height":86,"Demand":1,"DemandMax":null,"Value":774},{"Length":40,"Height":23,"Demand":1,"DemandMax":null,"Value":920},{"Length":98,"Height":11,"Demand":1,"DemandMax":null,"Value":1078},{"Length":23,"Height":73,"Demand":1,"DemandMax":null,"Value":1679},{"Length":37,"Height":79,"Demand":1,"DemandMax":null,"Value":2923},{"Length":33,"Height":67,"Demand":1,"DemandMax":null,"Value":2211},{"Length":86,"Height":6,"Demand":1,"DemandMax":null,"Value":516},{"Length":80,"Height":47,"Demand":1,"DemandMax":null,"Value":3760},{"Length":26,"Height":79,"Demand":1,"DemandMax":null,"Value":2054},{"Length":38,"Height":96,"Demand":1,"DemandMax":null,"Value":3648},{"Length":25,"Height":74,"Demand":1,"DemandMax":null,"Value":1850},{"Length":32,"Height":96,"Demand":1,"DemandMax":null,"Value":3072},{"Length":27,"Height":33,"Demand":1,"DemandMax":null,"Value":891},{"Length":4,"Height":98,"Demand":1,"DemandMax":null,"Value":392},{"Length":32,"Height":87,"Demand":1,"DemandMax":null,"Value":2784},{"Length":4,"Height":67,"Demand":1,"DemandMax":null,"Value":268},{"Length":40,"Height":70,"Demand":1,"DemandMax":null,"Value":2800},{"Length":88,"Height":11,"Demand":1,"DemandMax":null,"Value":968},{"Length":50,"Height":73,"Demand":1,"DemandMax":null,"Value":3650},{"Length":38,"Height":81,"Demand":1,"DemandMax":null,"Value":3078},{"Length":14,"Height":95,"Demand":1,"DemandMax":null,"Value":1330},{"Length":22,"Height":91,"Demand":1,"DemandMax":null,"Value":2002},{"Length":30,"Height":67,"Demand":1,"DemandMax":null,"Value":2010},{"Length":33,"Height":69,"Demand":1,"DemandMax":null,"Value":2277},{"Length":50,"Height":93,"Demand":1,"DemandMax":null,"Value":4650},{"Length":23,"Height":83,"Demand":1,"DemandMax":null,"Value":1909},{"Length":22,"Height":69,"Demand":1,"DemandMax":null,"Value":1518},{"Length":41,"Height":49,"Demand":1,"DemandMax":null,"Value":2009},{"Length":47,"Height":99,"Demand":1,"DemandMax":null,"Value":4653},{"Length":36,"Height":25,"Demand":1,"DemandMax":null,"Value":900},{"Length":25,"Height":79,"Demand":1,"DemandMax":null,"Value":1975},{"Length":9,"Height":68,"Demand":1,"DemandMax":null,"Value":612},{"Length":7,"Height":20,"Demand":1,"DemandMax":null,"Value":140},{"Length":11,"Height":90,"Demand":1,"DemandMax":null,"Value":990},{"Length":41,"Height":98,"Demand":1,"DemandMax":null,"Value":4018},{"Length":40,"Height":80,"Demand":1,"DemandMax":null,"Value":3200},{"Length":27,"Height":67,"Demand":1,"DemandMax":null,"Value":1809},{"Length":47,"Height":71,"Demand":1,"DemandMax":null,"Value":3337},{"Length":17,"Height":90,"Demand":1,"DemandMax":null,"Value":1530},{"Length":32,"Height":100,"Demand":1,"DemandMax":null,"Value":3200},{"Length":10,"Height":97,"Demand":1,"DemandMax":null,"Value":970},{"Length":97,"Height":43,"Demand":1,"DemandMax":null,"Value":4171},{"Length":6,"Height":90,"Demand":1,"DemandMax":null,"Value":540},{"Length":90,"Height":40,"Demand":1,"DemandMax":null,"Value":3600},{"Length":53,"Height":51,"Demand":1,"DemandMax":null,"Value":2703},{"Length":5,"Height":93,"Demand":1,"DemandMax":null,"Value":465},{"Length":6,"Height":98,"Demand":1,"DemandMax":null,"Value":588},{"Length":1,"Height":95,"Demand":1,"DemandMax":null,"Value":95},{"Length":10,"Height":79,"Demand":1,"DemandMax":null,"Value":790},{"Length":26,"Height":98,"Demand":1,"DemandMax":null,"Value":2548},{"Length":77,"Height":20,"Demand":1,"DemandMax":null,"Value":1540}]}