{"Name":"CLASS05_100_09","Objects":[{"Length":100,"Height":100,"Stock":null,"Cost":10000}],"Items":[{"Length":44,"Height":55,"Demand":1,"DemandMax":null,"Value":2420},{"Length":21,"Height":2,"Demand":1,"DemandMax":null,"Value":42},{"Length":15,"Height":73,"Demand":1,"DemandMax":null,"Value":1095},{"Length":16,"Height":89,"Demand":1,"DemandMax":null,"Value":1424},{"Length":45,"Height":5,"Demand":1,"DemandMax":null,"Value":225},{"Length":59,"Height":11,"Demand":1,"DemandMax":null,"Value":649},{"Length":45,"Height":29,"Demand":1,"DemandMax":null,"Value":1305},{"Length":26,"Height":14,"Demand":1,"DemandMax":null,"Value":364},{"Length":58,"Height":55,"Demand":1,"DemandMax":null,"Value":3190},{"Length":29,"Height":74,"Demand":1,"DemandMax":null,"Value":2146},{"Length":62,"Height":28,"Demand":1,"DemandMax":null,"Value":1736},{"Length":12,"Height":4,"Demand":1,"DemandMax":null,"Value":48},{"Length":69,"Height":26,"Demand":1,"DemandMax":null,"Value":1794},{"Length":54,"Height":48,"Demand":1,"DemandMax":null,"Value":2592},{"Length":23,"Height":60,"Demand":1,"DemandMax":null,"Value":1380},{"Length":65,"Height":83,"Demand":1,"DemandMax":null,"Value":5395},{"Length":2,"Height":74,"Demand":1,"DemandMax":null,"Value":148},{"Length":89,"Height":21,"Demand":1,"DemandMax":null,"Value":1869},{"Length":16,"Height":47,"Demand":1,"DemandMax":null,"Value":752},{"Length":5,"Height":6,"Demand":1,"DemandMax":null,"Value":30},{"Length":12,"Height":88,"Demand":1,"DemandMax":null,"Value":1056},{"Length":24,"Height":16,"Demand":1,"DemandMax":null,"Value":384},{"Length":65,"Height":44,"Demand":1,"DemandMax":null,"Value":2860},{"Length":90,"Height":61,"Demand":1,"DemandMax":null,"Value":5490},{"Length":87,"Height":91,"Demand":1,"DemandMax":null,"Value":7917},{"Length":80,"Height":87,"Demand":1,"DemandMax":null,"Value":6960},{"Length":24,"Height":40,"Demand":1,"DemandMax":null,"Value":960},{"Length":7,"Height":71,"Demand":1,"DemandMax":null,"Value":497},{"Length":51,"Height":37,"Demand":1,"DemandMax":null,"Value":1887},{"Length":13,"Height":25,"Demand":1,"DemandMax":null,"Value":325},{"Length":82,"Height":58,"Demand":1,"DemandMax":null,"Value":4756},{"Length":78,"Height":92,"Demand":1,"DemandMax":null,"Value":7176},{"Length":59,"Height":15,"Demand":1,"DemandMax":null,"Value":885},{"Length":13,"Height":50,"Demand":1,"DemandMax":null,"Value":650},{"Length":61,"Height":53,"Demand":1,"DemandMax":null,"Value":3233},{"Length":60,"Height":11,"Demand":1,"DemandMax":null,"Value":660},{"Length":99,"Height":49,"Demand":1,"DemandMax":null,"Value":4851},{"Length":100,"Height":20,"Demand":1,"DemandMax":null,"Value":2000},{"Length":18,"Height":14,"Demand":1,"DemandMax":null,"Value":252},{"Length":42,"Height":53,"Demand":1,"DemandMax":null,"Value":2226},{"Length":94,"Height":92,"Demand":1,"DemandMax":null,"Value":8648},{"Length":31,"Height":22,"Demand":1,"DemandMax":null,"Value":682},{"Length":40,"Height":63,"Demand":1,"DemandMax":null,"Value":2520},{"Length":45,"Height":71,"Demand":1,"DemandMax":null,"Value":3195},{"Length":100,"Height":35,"Demand":1,"DemandMax":null,"Value":3500},{"Length":94,"Height":78,"Demand":1,"DemandMax":null,"Value":7332},{"Length":51,"Height":55,"Demand":1,"DemandMax":null,"Value":2805},{"Length":25,"Height":55,"Demand":1,"DemandMax":null,"Value":1375},{"Length":5,"Height":100,"Demand":1,"DemandMax":null,"Value":500},{"Length":13,"Height":45,"Demand":1,"DemandMax":null,"Value":585},{"Length":5,"Height":80,"Demand":1,"DemandMax":null,"Value":400},{"Length":70,"Height":27,"Demand":1,"DemandMax":null,"Value":1890},{"Length":31,"Height":41,"Demand":1,"DemandMax":null,"Value":1271},{"Length":42,"Height":12,"Demand":1,"DemandMax":null,"Value":504},{"Length":92,"Height":61,"Demand":1,"DemandMax":null,"Value":5612},{"Length":4,"Height":43,"Demand":1,"DemandMax":null,"Value":172},{"Length":34,"Height":49,"Demand":1,"DemandMax":null,"Value":1666},{"Length":70,"Height":100,"Demand":1,"DemandMax":null,"Value":7000},{"Length":34,"Height":51,"Demand":1,"DemandMax":null,"Value":1734},{"Length":82,"Height":92,"Demand":1,"DemandMax":null,"Value":7544},{"Length":3,"Height":45,"Demand":1,"DemandMax":null,"Value":135},{"Length":19,"Height":65,"Demand":1,"DemandMax":null,"Value":1235},{"Length":86,"Height":41,"Demand":1,"DemandMax":null,"Value":3526},{"Length":92,"Height":95,"Demand":1,"DemandMax":null,"Value":8740},{"Length":60,"Height":84,"Demand":1,"DemandMax":null,"Value":5040},{"Length":46,"Height":95,"Demand":1,"DemandMax":null,"Value":4370},{"Length":37,"Height":52,"Demand":1,"DemandMax":null,"Value":1924},{"Length":57,"Height":9,"Demand":1,"DemandMax":null,"Value":513},{"Length":61,"Height":56,"Demand":1,"DemandMax":null,"Value":3416},{"Length":38,"Height":14,"Demand":1,"DemandMax":null,"Value":532},{"Length":10,"Height":40,"Demand":1,"DemandMax":null,"Value":400},{"Length":33,"Height":22,"Demand":1,"DemandMax":null,"Value":726},{"Length":95,"Height":83,"Demand":1,"DemandMax":null,"Value":7885},{"Length":19,"Height":77,"Demand":1,"DemandMax":null,"Value":1463},{"Length":60,"Height":94,"Demand":1,"DemandMax":null,"Value":5640},{"Length":8,"Height":57,"Demand":1,"DemandMax":null,"Value":456},{"Length":83,"Height":20,"Demand":1,"DemandMax":null,"Value":1660},{"Length":43,"Height":72,"Demand":1,"DemandMax":null,"Value":3096},{"Length":76,"Height":37,"Demand":1,"DemandMax":null,"Value":2812},{"Length":4,"Height":68,"Demand":1,"DemandMax":null,"Value":272},{"Length":82,"Height":56,"Demand":1,"DemandMax":null,"Value":4592},{"Length":100,"Height":22,"Demand":1,"DemandMax":null,"Value":2200},{"Length":80,"Height":23,"Demand":1,"DemandMax":null,"Value":1840},{"Length":77,"Height":46,"Demand":1,"DemandMax":null,"Value":3542},{"Length":80,"Height":14,"Demand":1,"DemandMax":null,"Value":1120},{"Length":12,"Height":83,"Demand":1,"DemandMax":null,"Value":996},{"Length":28,"Height":41,"Demand":1,"DemandMax":null,"Value":1148},{"Length":16,"Height":11,"Demand":1,"DemandMax":null,"Value":176},{"Length":100,"Height":49,"Demand":1,"DemandMax":null,"Value":4900},{"Length":34,"Height":42,"Demand":1,"DemandMax":null,"Value":1428},{"Length":8,"Height":15,"Demand":1,"DemandMax":null,"Value":120},{"Length":43,"Height":21,"Demand":1,"DemandMax":null,"Value":903},{"Length":96,"Height":50,"Demand":1,"DemandMax":null,"Value":4800},{"Length":55,"Height":24,"Demand":1,"DemandMax":null,"Value":1320},{"Length":43,"Height":98,"Demand":1,"DemandMax":null,"Value":4214},{"Length":14,"Height":63,"Demand":1,"DemandMax":null,"Value":882},{"Length":59,"Height":39,"Demand":1,"DemandMax":null,"Value":2301},{"Length":98,"Height":82,"Demand":1,"DemandMax":null,"Value":8036},{"Length":88,"Height":81,"Demand":1,"DemandMax":null,"Value":7128},{"Length":18,"Height":59,"Demand":1,"DemandMax":null,"Value":1062}]}