{"Name":"CLASS02_040_04","Objects":[{"Length":30,"Height":30,"Stock":null,"Cost":900}],"Items":[{"Length":9,"Height":5,"Demand":1,"DemandMax":null,"Value":45},{"Length":4,"Height":1,"Demand":1,"DemandMax":null,"Value":4},{"Length":2,"Height":8,"Demand":1,"DemandMax":null,"Value":16},{"Length":9,"Height":4,"Demand":1,"DemandMax":null,"Value":36},{"Length":2,"Height":1,"Demand":2,"DemandMax":null,"Value":2},{"Length":6,"Height":4,"Demand":1,"DemandMax":null,"Value":24},{"Length":4,"Height":4,"Demand":1,"DemandMax":null,"Value":16},{"Length":6,"Height":1,"Demand":1,"DemandMax":null,"Value":6},{"Length":5,"Height":1,"Demand":1,"DemandMax":null,"Value":5},{"Length":5,"Height":4,"Demand":1,"DemandMax":null,"Value":20},{"Length":6,"Height":2,"Demand":1,"DemandMax":null,"Value":12},{"Length":10,"Height":9,"Demand":1,"DemandMax":null,"Value":90},{"Length":2,"Height":5,"Demand":2,"DemandMax":null,"Value":10},{"Length":1,"Height":3,"Demand":1,"DemandMax":null,"Value":3},{"Length":10,"Height":7,"Demand":1,"DemandMax":null,"Value":70},{"Length":4,"Height":7,"Demand":1,"DemandMax":null,"Value":28},{"Length":6,"Height":6,"Demand":1,"DemandMax":null,"Value":36},{"Length":2,"Height":9,"Demand":1,"DemandMax":null,"Value":18},{"Length":8,"Height":7,"Demand":1,"DemandMax":null,"Value":56},{"Length":7,"Height":5,"Demand":2,"DemandMax":null,"Value":35},{"Length":5,"Height":2,"Demand":1,"DemandMax":null,"Value":10},{"Length":10,"Height":10,"Demand":1,"DemandMax":null,"Value":100},{"Length":4,"Height":5,"Demand":2,"DemandMax":null,"Value":20},{"Length":7,"Height":4,"Demand":1,"DemandMax":null,"Value":28},{"Length":8,"Height":9,"Demand":1,"DemandMax":null,"Value":72},{"Length":10,"Height":8,"Demand":1,"DemandMax":null,"Value":80},{"Length":5,"Height":6,"Demand":1,"DemandMax":null,"Value":30},{"Length":8,"Height":4,"Demand":1,"DemandMax":null,"Value":32},{"Length":9,"Height":2,"Demand":1,"DemandMax":null,"Value":18},{"Length":9,"Height":8,"Demand":1,"DemandMax":null,"Value":72},{"Length":4,"Height":9,"Demand":1,"DemandMax":null,"Value":36},{"Length":3,"Height":8,"Demand":1,"DemandMax":null,"Value":24},{"Length":8,"Height":10,"Demand":1,"DemandMax":null,"Value":80},{"Length":5,"Height":5,"Demand":1,"DemandMax":null,"Value":25},{"Length":3,"Height":4,"Demand":1,"DemandMax":null,"Value":12},{"Length":3,"Height":3,"Demand":1,"DemandMax":null,"Value":9}]}