{"Name":"CLASS03_020_07","Objects":[{"Length":40,"Height":40,"Stock":null,"Cost":1600}],"Items":[{"Length":34,"Height":15,"Demand":1,"DemandMax":null,"Value":510},{"Length":33,"Height":2,"Demand":1,"DemandMax":null,"Value":66},{"Length":8,"Height":24,"Demand":1,"DemandMax":null,"Value":192},{"Length":11,"Height":8,"Demand":1,"DemandMax":null,"Value":88},{"Length":6,"Height":31,"Demand":1,"DemandMax":null,"Value":186},{"Length":33,"Height":7,"Demand":1,"DemandMax":null,"Value":231},{"Length":8,"Height":3,"Demand":1,"DemandMax":null,"Value":24},{"Length":32,"Height":27,"Demand":1,"DemandMax":null,"Value":864},{"Length":8,"Height":27,"Demand":1,"DemandMax":null,"Value":216},{"Length":25,"Height":1,"Demand":1,"DemandMax":null,"Value":25},{"Length":9,"Height":25,"Demand":1,"DemandMax":null,"Value":225},{"Length":3,"Height":14,"Demand":1,"DemandMax":null,"Value":42},{"Length":26,"Height":35,"Demand":1,"DemandMax":null,"Value":910},{"Length":5,"Height":25,"Demand":1,"DemandMax":null,"Value":125},{"Length":17,"Height":3,"Demand":1,"DemandMax":null,"Value":51},{"Length":12,"Height":1,"Demand":1,"DemandMax":null,"Value":12},{"Length":20,"Height":27,"Demand":1,"DemandMax":null,"Value":540},{"Length":15,"Height":29,"Demand":1,"DemandMax":null,"Value":435},{"Length":17,"Height":5,"Demand":1,"DemandMax":null,"Value":85},{"Length":20,"Height":31,"Demand":1,"DemandMax":null,"Value":620}]}