{"Name":"CLASS08_100_09","Objects":[{"Length":100,"Height":100,"Stock":null,"Cost":10000}],"Items":[{"Length":1,"Height":81,"Demand":1,"DemandMax":null,"Value":81},{"Length":8,"Height":91,"Demand":1,"DemandMax":null,"Value":728},{"Length":52,"Height":58,"Demand":1,"DemandMax":null,"Value":3016},{"Length":30,"Height":69,"Demand":2,"DemandMax":null,"Value":2070},{"Length":7,"Height":81,"Demand":1,"DemandMax":null,"Value":567},{"Length":29,"Height":84,"Demand":1,"DemandMax":null,"Value":2436},{"Length":14,"Height":75,"Demand":1,"DemandMax":null,"Value":1050},{"Length":6,"Height":67,"Demand":1,"DemandMax":null,"Value":402},{"Length":24,"Height":89,"Demand":1,"DemandMax":null,"Value":2136},{"Length":12,"Height":86,"Demand":1,"DemandMax":null,"Value":1032},{"Length":87,"Height":82,"Demand":1,"DemandMax":null,"Value":7134},{"Length":97,"Height":11,"Demand":1,"DemandMax":null,"Value":1067},{"Length":3,"Height":71,"Demand":1,"DemandMax":null,"Value":213},{"Length":69,"Height":44,"Demand":1,"DemandMax":null,"Value":3036},{"Length":22,"Height":74,"Demand":1,"DemandMax":null,"Value":1628},{"Length":45,"Height":87,"Demand":1,"DemandMax":null,"Value":3915},{"Length":44,"Height":44,"Demand":1,"DemandMax":null,"Value":1936},{"Length":12,"Height":79,"Demand":1,"DemandMax":null,"Value":948},{"Length":19,"Height":68,"Demand":1,"DemandMax":null,"Value":1292},{"Length":7,"Height":74,"Demand":1,"DemandMax":null,"Value":518},{"Length":46,"Height":94,"Demand":1,"DemandMax":null,"Value":4324},{"Length":30,"Height":71,"Demand":1,"DemandMax":null,"Value":2130},{"Length":27,"Height":70,"Demand":1,"DemandMax":null,"Value":1890},{"Length":10,"Height":100,"Demand":1,"DemandMax":null,"Value":1000},{"Length":9,"Height":7,"Demand":1,"DemandMax":null,"Value":63},{"Length":46,"Height":80,"Demand":1,"DemandMax":null,"Value":3680},{"Length":16,"Height":11,"Demand":1,"DemandMax":null,"Value":176},{"Length":36,"Height":79,"Demand":1,"DemandMax":null,"Value":2844},{"Length":50,"Height":78,"Demand":1,"DemandMax":null,"Value":3900},{"Length":28,"Height":98,"Demand":1,"DemandMax":null,"Value":2744},{"Length":13,"Height":85,"Demand":1,"DemandMax":null,"Value":1105},{"Length":23,"Height":3,"Demand":1,"DemandMax":null,"Value":69},{"Length":3,"Height":93,"Demand":1,"DemandMax":null,"Value":279},{"Length":21,"Height":90,"Demand":1,"DemandMax":null,"Value":1890},{"Length":21,"Height":69,"Demand":1,"DemandMax":null,"Value":1449},{"Length":22,"Height":98,"Demand":1,"DemandMax":null,"Value":2156},{"Length":77,"Height":25,"Demand":1,"DemandMax":null,"Value":1925},{"Length":26,"Height":35,"Demand":1,"DemandMax":null,"Value":910},{"Length":41,"Height":97,"Demand":1,"DemandMax":null,"Value":3977},{"Length":33,"Height":66,"Demand":1,"DemandMax":null,"Value":2178},{"Length":43,"Height":80,"Demand":1,"DemandMax":null,"Value":3440},{"Length":42,"Height":46,"Demand":1,"DemandMax":null,"Value":1932},{"Length":23,"Height":99,"Demand":1,"DemandMax":null,"Value":2277},{"Length":5,"Height":78,"Demand":1,"DemandMax":null,"Value":390},{"Length":31,"Height":85,"Demand":1,"DemandMax":null,"Value":2635},{"Length":20,"Height":79,"Demand":1,"DemandMax":null,"Value":1580},{"Length":77,"Height":11,"Demand":1,"DemandMax":null,"Value":847},{"Length":88,"Height":98,"Demand":1,"DemandMax":null,"Value":8624},{"Length":30,"Height":98,"Demand":1,"DemandMax":null,"Value":2940},{"Length":10,"Height":68,"Demand":1,"DemandMax":null,"Value":680},{"Length":71,"Height":86,"Demand":1,"DemandMax":null,"Value":6106},{"Length":34,"Height":92,"Demand":1,"DemandMax":null,"Value":3128},{"Length":94,"Height":28,"Demand":1,"DemandMax":null,"Value":2632},{"Length":12,"Height":100,"Demand":1,"DemandMax":null,"Value":1200},{"Length":39,"Height":81,"Demand":1,"DemandMax":null,"Value":3159},{"Length":42,"Height":93,"Demand":1,"DemandMax":null,"Value":3906},{"Length":14,"Height":80,"Demand":1,"DemandMax":null,"Value":1120},{"Length":25,"Height":71,"Demand":1,"DemandMax":null,"Value":1775},{"Length":17,"Height":21,"Demand":1,"DemandMax":null,"Value":357},{"Length":11,"Height":68,"Demand":1,"DemandMax":null,"Value":748},{"Length":48,"Height":83,"Demand":1,"DemandMax":null,"Value":3984},{"Length":49,"Height":85,"Demand":1,"DemandMax":null,"Value":4165},{"Length":7,"Height":87,"Demand":1,"DemandMax":null,"Value":609},{"Length":41,"Height":86,"Demand":1,"DemandMax":null,"Value":3526},{"Length":44,"Height":41,"Demand":1,"DemandMax":null,"Value":1804},{"Length":36,"Height":72,"Demand":1,"DemandMax":null,"Value":2592},{"Length":72,"Height":3,"Demand":1,"DemandMax":null,"Value":216},{"Length":83,"Height":66,"Demand":1,"DemandMax":null,"Value":5478},{"Length":2,"Height":78,"Demand":1,"DemandMax":null,"Value":156},{"Length":34,"Height":67,"Demand":1,"DemandMax":null,"Value":2278},{"Length":23,"Height":37,"Demand":1,"DemandMax":null,"Value":851},{"Length":37,"Height":76,"Demand":1,"DemandMax":null,"Value":2812},{"Length":21,"Height":71,"Demand":1,"DemandMax":null,"Value":1491},{"Length":96,"Height":7,"Demand":1,"DemandMax":null,"Value":672},{"Length":48,"Height":87,"Demand":1,"DemandMax":null,"Value":4176},{"Length":3,"Height":83,"Demand":1,"DemandMax":null,"Value":249},{"Length":67,"Height":9,"Demand":1,"DemandMax":null,"Value":603},{"Length":76,"Height":23,"Demand":1,"DemandMax":null,"Value":1748},{"Length":35,"Height":92,"Demand":1,"DemandMax":null,"Value":3220},{"Length":30,"Height":99,"Demand":1,"DemandMax":null,"Value":2970},{"Length":45,"Height":80,"Demand":1,"DemandMax":null,"Value":3600},{"Length":48,"Height":66,"Demand":1,"DemandMax":null,"Value":3168},{"Length":89,"Height":7,"Demand":1,"DemandMax":null,"Value":623},{"Length":79,"Height":32,"Demand":1,"DemandMax":null,"Value":2528},{"Length":50,"Height":97,"Demand":1,"DemandMax":null,"Value":4850},{"Length":93,"Height":91,"Demand":1,"DemandMax":null,"Value":8463},{"Length":44,"Height":37,"Demand":1,"DemandMax":null,"Value":1628},{"Length":20,"Height":84,"Demand":1,"DemandMax":null,"Value":1680},{"Length":16,"Height":87,"Demand":1,"DemandMax":null,"Value":1392},{"Length":49,"Height":95,"Demand":1,"DemandMax":null,"Value":4655},{"Length":15,"Height":29,"Demand":1,"DemandMax":null,"Value":435},{"Length":32,"Height":89,"Demand":1,"DemandMax":null,"Value":2848},{"Length":43,"Height":85,"Demand":1,"DemandMax":null,"Value":3655},{"Length":18,"Height":69,"Demand":1,"DemandMax":null,"Value":1242},{"Length":49,"Height":88,"Demand":1,"DemandMax":null,"Value":4312},{"Length":6,"Height":68,"Demand":1,"DemandMax":null,"Value":408},{"Length":33,"Height":92,"Demand":1,"DemandMax":null,"Value":3036},{"Length":97,"Height":79,"Demand":1,"DemandMax":null,"Value":7663},{"Length":94,"Height":97,"Demand":1,"DemandMax":null,"Value":9118}]}