{"Name":"CLASS07_040_07","Objects":[{"Length":100,"Height":100,"Stock":null,"Cost":10000}],"Items":[{"Length":84,"Height":3,"Demand":1,"DemandMax":null,"Value":252},{"Length":76,"Height":50,"Demand":1,"DemandMax":null,"Value":3800},{"Length":43,"Height":4,"Demand":1,"DemandMax":null,"Value":172},{"Length":67,"Height":34,"Demand":2,"DemandMax":null,"Value":2278},{"Length":74,"Height":33,"Demand":1,"DemandMax":null,"Value":2442},{"Length":77,"Height":21,"Demand":1,"DemandMax":null,"Value":1617},{"Length":89,"Height":41,"Demand":1,"DemandMax":null,"Value":3649},{"Length":58,"Height":60,"Demand":1,"DemandMax":null,"Value":3480},{"Length":72,"Height":26,"Demand":1,"DemandMax":null,"Value":1872},{"Length":86,"Height":4,"Demand":1,"DemandMax":null,"Value":344},{"Length":91,"Height":39,"Demand":1,"DemandMax":null,"Value":3549},{"Length":77,"Height":99,"Demand":1,"DemandMax":null,"Value":7623},{"Length":18,"Height":29,"Demand":1,"DemandMax":null,"Value":522},{"Length":68,"Height":48,"Demand":1,"DemandMax":null,"Value":3264},{"Length":2,"Height":48,"Demand":1,"DemandMax":null,"Value":96},{"Length":71,"Height":49,"Demand":1,"DemandMax":null,"Value":3479},{"Length":92,"Height":45,"Demand":1,"DemandMax":null,"Value":4140},{"Length":93,"Height":4,"Demand":1,"DemandMax":null,"Value":372},{"Length":85,"Height":20,"Demand":1,"DemandMax":null,"Value":1700},{"Length":100,"Height":11,"Demand":1,"DemandMax":null,"Value":1100},{"Length":80,"Height":22,"Demand":1,"DemandMax":null,"Value":1760},{"Length":91,"Height":21,"Demand":1,"DemandMax":null,"Value":1911},{"Length":77,"Height":2,"Demand":1,"DemandMax":null,"Value":154},{"Length":64,"Height":60,"Demand":1,"DemandMax":null,"Value":3840},{"Length":47,"Height":50,"Demand":1,"DemandMax":null,"Value":2350},{"Length":77,"Height":47,"Demand":1,"DemandMax":null,"Value":3619},{"Length":78,"Height":19,"Demand":1,"DemandMax":null,"Value":1482},{"Length":80,"Height":11,"Demand":1,"DemandMax":null,"Value":880},{"Length":78,"Height":41,"Demand":1,"DemandMax":null,"Value":3198},{"Length":85,"Height":3,"Demand":1,"DemandMax":null,"Value":255},{"Length":97,"Height":16,"Demand":1,"DemandMax":null,"Value":1552},{"Length":92,"Height":23,"Demand":1,"DemandMax":null,"Value":2116},{"Length":100,"Height":44,"Demand":1,"DemandMax":null,"Value":4400},{"Length":66,"Height":21,"Demand":1,"DemandMax":null,"Value":1386},{"Length":34,"Height":82,"Demand":1,"DemandMax":null,"Value":2788},{"Length":17,"Height":98,"Demand":1,"DemandMax":null,"Value":1666},{"Length":95,"Height":57,"Demand":1,"DemandMax":null,"Value":5415},{"Length":90,"Height":1,"Demand":1,"DemandMax":null,"Value":90},{"Length":89,"Height":45,"Demand":1,"DemandMax":null,"Value":4005}]}