{"Name":"CLASS10_080_07","Objects":[{"Length":100,"Height":100,"Stock":null,"Cost":10000}],"Items":[{"Length":16,"Height":30,"Demand":1,"DemandMax":null,"Value":480},{"Length":93,"Height":73,"Demand":1,"DemandMax":null,"Value":6789},{"Length":33,"Height":99,"Demand":1,"DemandMax":null,"Value":3267},{"Length":30,"Height":24,"Demand":1,"DemandMax":null,"Value":720},{"Length":2,"Height":44,"Demand":1,"DemandMax":null,"Value":88},{"Length":94,"Height":77,"Demand":1,"DemandMax":null,"Value":7238},{"Length":25,"Height":18,"Demand":1,"DemandMax":null,"Value":450},{"Length":37,"Height":35,"Demand":1,"DemandMax":null,"Value":1295},{"Length":50,"Height":20,"Demand":1,"DemandMax":null,"Value":1000},{"Length":8,"Height":44,"Demand":1,"DemandMax":null,"Value":352},{"Length":28,"Height":50,"Demand":1,"DemandMax":null,"Value":1400},{"Length":6,"Height":7,"Demand":1,"DemandMax":null,"Value":42},{"Length":9,"Height":8,"Demand":1,"DemandMax":null,"Value":72},{"Length":32,"Height":22,"Demand":1,"DemandMax":null,"Value":704},{"Length":93,"Height":94,"Demand":1,"DemandMax":null,"Value":8742},{"Length":37,"Height":41,"Demand":1,"DemandMax":null,"Value":1517},{"Length":31,"Height":7,"Demand":1,"DemandMax":null,"Value":217},{"Length":19,"Height":12,"Demand":1,"DemandMax":null,"Value":228},{"Length":21,"Height":49,"Demand":1,"DemandMax":null,"Value":1029},{"Length":79,"Height":86,"Demand":1,"DemandMax":null,"Value":6794},{"Length":13,"Height":18,"Demand":1,"DemandMax":null,"Value":234},{"Length":17,"Height":14,"Demand":1,"DemandMax":null,"Value":238},{"Length":9,"Height":16,"Demand":1,"DemandMax":null,"Value":144},{"Length":33,"Height":44,"Demand":1,"DemandMax":null,"Value":1452},{"Length":8,"Height":41,"Demand":1,"DemandMax":null,"Value":328},{"Length":27,"Height":27,"Demand":1,"DemandMax":null,"Value":729},{"Length":10,"Height":44,"Demand":1,"DemandMax":null,"Value":440},{"Length":49,"Height":13,"Demand":1,"DemandMax":null,"Value":637},{"Length":14,"Height":25,"Demand":1,"DemandMax":null,"Value":350},{"Length":99,"Height":1,"Demand":1,"DemandMax":null,"Value":99},{"Length":22,"Height":35,"Demand":1,"DemandMax":null,"Value":770},{"Length":26,"Height":95,"Demand":1,"DemandMax":null,"Value":2470},{"Length":32,"Height":21,"Demand":1,"DemandMax":null,"Value":672},{"Length":32,"Height":38,"Demand":1,"DemandMax":null,"Value":1216},{"Length":97,"Height":36,"Demand":1,"DemandMax":null,"Value":3492},{"Length":15,"Height":36,"Demand":1,"DemandMax":null,"Value":540},{"Length":11,"Height":29,"Demand":1,"DemandMax":null,"Value":319},{"Length":27,"Height":36,"Demand":1,"DemandMax":null,"Value":972},{"Length":31,"Height":50,"Demand":1,"DemandMax":null,"Value":1550},{"Length":16,"Height":39,"Demand":1,"DemandMax":null,"Value":624},{"Length":3,"Height":99,"Demand":1,"DemandMax":null,"Value":297},{"Length":33,"Height":46,"Demand":1,"DemandMax":null,"Value":1518},{"Length":28,"Height":25,"Demand":1,"DemandMax":null,"Value":700},{"Length":85,"Height":5,"Demand":1,"DemandMax":null,"Value":425},{"Length":55,"Height":79,"Demand":1,"DemandMax":null,"Value":4345},{"Length":2,"Height":17,"Demand":1,"DemandMax":null,"Value":34},{"Length":36,"Height":12,"Demand":1,"DemandMax":null,"Value":432},{"Length":3,"Height":32,"Demand":1,"DemandMax":null,"Value":96},{"Length":20,"Height":22,"Demand":1,"DemandMax":null,"Value":440},{"Length":32,"Height":50,"Demand":1,"DemandMax":null,"Value":1600},{"Length":7,"Height":72,"Demand":1,"DemandMax":null,"Value":504},{"Length":38,"Height":80,"Demand":1,"DemandMax":null,"Value":3040},{"Length":46,"Height":27,"Demand":1,"DemandMax":null,"Value":1242},{"Length":23,"Height":45,"Demand":1,"DemandMax":null,"Value":1035},{"Length":39,"Height":21,"Demand":1,"DemandMax":null,"Value":819},{"Length":90,"Height":22,"Demand":1,"DemandMax":null,"Value":1980},{"Length":34,"Height":43,"Demand":1,"DemandMax":null,"Value":1462},{"Length":26,"Height":2,"Demand":1,"DemandMax":null,"Value":52},{"Length":32,"Height":43,"Demand":1,"DemandMax":null,"Value":1376},{"Length":95,"Height":84,"Demand":1,"DemandMax":null,"Value":7980},{"Length":33,"Height":20,"Demand":1,"DemandMax":null,"Value":660},{"Length":41,"Height":20,"Demand":1,"DemandMax":null,"Value":820},{"Length":38,"Height":26,"Demand":1,"DemandMax":null,"Value":988},{"Length":16,"Height":8,"Demand":1,"DemandMax":null,"Value":128},{"Length":45,"Height":10,"Demand":1,"DemandMax":null,"Value":450},{"Length":18,"Height":100,"Demand":1,"DemandMax":null,"Value":1800},{"Length":5,"Height":21,"Demand":1,"DemandMax":null,"Value":105},{"Length":98,"Height":94,"Demand":1,"DemandMax":null,"Value":9212},{"Length":67,"Height":60,"Demand":1,"DemandMax":null,"Value":4020},{"Length":6,"Height":41,"Demand":1,"DemandMax":null,"Value":246},{"Length":33,"Height":28,"Demand":1,"DemandMax":null,"Value":924},{"Length":95,"Height":41,"Demand":1,"DemandMax":null,"Value":3895},{"Length":2,"Height":23,"Demand":1,"DemandMax":null,"Value":46},{"Length":6,"Height":44,"Demand":1,"DemandMax":null,"Value":264},{"Length":73,"Height":97,"Demand":1,"DemandMax":null,"Value":7081},{"Length":48,"Height":100,"Demand":1,"DemandMax":null,"Value":4800},{"Length":48,"Height":48,"Demand":1,"DemandMax":null,"Value":2304},{"Length":78,"Height":9,"Demand":1,"DemandMax":null,"Value":702},{"Length":75,"Height":76,"Demand":1,"DemandMax":null,"Value":5700},{"Length":15,"Height":21,"Demand":1,"DemandMax":null,"Value":315}]}