{"Name":"CLASS09_080_09","Objects":[{"Length":100,"Height":100,"Stock":null,"Cost":10000}],"Items":[{"Length":76,"Height":91,"Demand":1,"DemandMax":null,"Value":6916},{"Length":64,"Height":98,"Demand":1,"DemandMax":null,"Value":6272},{"Length":59,"Height":54,"Demand":1,"DemandMax":null,"Value":3186},{"Length":80,"Height":56,"Demand":1,"DemandMax":null,"Value":4480},{"Length":70,"Height":71,"Demand":1,"DemandMax":null,"Value":4970},{"Length":99,"Height":93,"Demand":1,"DemandMax":null,"Value":9207},{"Length":59,"Height":91,"Demand":1,"DemandMax":null,"Value":5369},{"Length":70,"Height":57,"Demand":1,"DemandMax":null,"Value":3990},{"Length":26,"Height":14,"Demand":1,"DemandMax":null,"Value":364},{"Length":95,"Height":50,"Demand":1,"DemandMax":null,"Value":4750},{"Length":80,"Height":39,"Demand":1,"DemandMax":null,"Value":3120},{"Length":22,"Height":22,"Demand":1,"DemandMax":null,"Value":484},{"Length":93,"Height":67,"Demand":1,"DemandMax":null,"Value":6231},{"Length":52,"Height":69,"Demand":1,"DemandMax":null,"Value":3588},{"Length":94,"Height":98,"Demand":1,"DemandMax":null,"Value":9212},{"Length":85,"Height":96,"Demand":1,"DemandMax":null,"Value":8160},{"Length":72,"Height":82,"Demand":1,"DemandMax":null,"Value":5904},{"Length":22,"Height":1,"Demand":1,"DemandMax":null,"Value":22},{"Length":78,"Height":69,"Demand":1,"DemandMax":null,"Value":5382},{"Length":60,"Height":83,"Demand":1,"DemandMax":null,"Value":4980},{"Length":62,"Height":59,"Demand":1,"DemandMax":null,"Value":3658},{"Length":52,"Height":93,"Demand":1,"DemandMax":null,"Value":4836},{"Length":25,"Height":3,"Demand":1,"DemandMax":null,"Value":75},{"Length":97,"Height":81,"Demand":1,"DemandMax":null,"Value":7857},{"Length":15,"Height":48,"Demand":1,"DemandMax":null,"Value":720},{"Length":45,"Height":47,"Demand":1,"DemandMax":null,"Value":2115},{"Length":82,"Height":97,"Demand":1,"DemandMax":null,"Value":7954},{"Length":96,"Height":91,"Demand":1,"DemandMax":null,"Value":8736},{"Length":78,"Height":99,"Demand":1,"DemandMax":null,"Value":7722},{"Length":99,"Height":62,"Demand":1,"DemandMax":null,"Value":6138},{"Length":2,"Height":67,"Demand":1,"DemandMax":null,"Value":134},{"Length":6,"Height":74,"Demand":1,"DemandMax":null,"Value":444},{"Length":53,"Height":60,"Demand":1,"DemandMax":null,"Value":3180},{"Length":15,"Height":40,"Demand":1,"DemandMax":null,"Value":600},{"Length":89,"Height":21,"Demand":1,"DemandMax":null,"Value":1869},{"Length":77,"Height":96,"Demand":1,"DemandMax":null,"Value":7392},{"Length":91,"Height":84,"Demand":1,"DemandMax":null,"Value":7644},{"Length":93,"Height":79,"Demand":1,"DemandMax":null,"Value":7347},{"Length":27,"Height":100,"Demand":1,"DemandMax":null,"Value":2700},{"Length":60,"Height":91,"Demand":1,"DemandMax":null,"Value":5460},{"Length":90,"Height":69,"Demand":1,"DemandMax":null,"Value":6210},{"Length":82,"Height":80,"Demand":1,"DemandMax":null,"Value":6560},{"Length":81,"Height":91,"Demand":1,"DemandMax":null,"Value":7371},{"Length":69,"Height":48,"Demand":1,"DemandMax":null,"Value":3312},{"Length":50,"Height":77,"Demand":1,"DemandMax":null,"Value":3850},{"Length":83,"Height":93,"Demand":1,"DemandMax":null,"Value":7719},{"Length":48,"Height":96,"Demand":1,"DemandMax":null,"Value":4608},{"Length":62,"Height":65,"Demand":1,"DemandMax":null,"Value":4030},{"Length":72,"Height":75,"Demand":1,"DemandMax":null,"Value":5400},{"Length":95,"Height":66,"Demand":1,"DemandMax":null,"Value":6270},{"Length":83,"Height":9,"Demand":1,"DemandMax":null,"Value":747},{"Length":31,"Height":97,"Demand":1,"DemandMax":null,"Value":3007},{"Length":56,"Height":96,"Demand":1,"DemandMax":null,"Value":5376},{"Length":69,"Height":52,"Demand":1,"DemandMax":null,"Value":3588},{"Length":15,"Height":90,"Demand":1,"DemandMax":null,"Value":1350},{"Length":73,"Height":37,"Demand":1,"DemandMax":null,"Value":2701},{"Length":66,"Height":28,"Demand":1,"DemandMax":null,"Value":1848},{"Length":55,"Height":100,"Demand":1,"DemandMax":null,"Value":5500},{"Length":66,"Height":72,"Demand":1,"DemandMax":null,"Value":4752},{"Length":3,"Height":94,"Demand":1,"DemandMax":null,"Value":282},{"Length":58,"Height":71,"Demand":1,"DemandMax":null,"Value":4118},{"Length":52,"Height":58,"Demand":1,"DemandMax":null,"Value":3016},{"Length":86,"Height":22,"Demand":1,"DemandMax":null,"Value":1892},{"Length":56,"Height":55,"Demand":1,"DemandMax":null,"Value":3080},{"Length":28,"Height":84,"Demand":1,"DemandMax":null,"Value":2352},{"Length":62,"Height":79,"Demand":1,"DemandMax":null,"Value":4898},{"Length":53,"Height":83,"Demand":1,"DemandMax":null,"Value":4399},{"Length":80,"Height":32,"Demand":1,"DemandMax":null,"Value":2560},{"Length":71,"Height":44,"Demand":1,"DemandMax":null,"Value":3124},{"Length":33,"Height":12,"Demand":1,"DemandMax":null,"Value":396},{"Length":90,"Height":56,"Demand":1,"DemandMax":null,"Value":5040},{"Length":48,"Height":20,"Demand":1,"DemandMax":null,"Value":960},{"Length":50,"Height":81,"Demand":1,"DemandMax":null,"Value":4050},{"Length":16,"Height":6,"Demand":1,"DemandMax":null,"Value":96},{"Length":92,"Height":41,"Demand":1,"DemandMax":null,"Value":3772},{"Length":37,"Height":20,"Demand":1,"DemandMax":null,"Value":740},{"Length":53,"Height":62,"Demand":1,"DemandMax":null,"Value":3286},{"Length":10,"Height":74,"Demand":1,"DemandMax":null,"Value":740},{"Length":98,"Height":87,"Demand":1,"DemandMax":null,"Value":8526},{"Length":86,"Height":81,"Demand":1,"DemandMax":null,"Value":6966}]}