{"Name":"CLASS05_060_09","Objects":[{"Length":100,"Height":100,"Stock":null,"Cost":10000}],"Items":[{"Length":45,"Height":60,"Demand":1,"DemandMax":null,"Value":2700},{"Length":56,"Height":3,"Demand":1,"DemandMax":null,"Value":168},{"Length":63,"Height":13,"Demand":1,"DemandMax":null,"Value":819},{"Length":19,"Height":79,"Demand":1,"DemandMax":null,"Value":1501},{"Length":16,"Height":24,"Demand":1,"DemandMax":null,"Value":384},{"Length":74,"Height":2,"Demand":1,"DemandMax":null,"Value":148},{"Length":49,"Height":4,"Demand":1,"DemandMax":null,"Value":196},{"Length":31,"Height":50,"Demand":1,"DemandMax":null,"Value":1550},{"Length":41,"Height":97,"Demand":1,"DemandMax":null,"Value":3977},{"Length":35,"Height":34,"Demand":1,"DemandMax":null,"Value":1190},{"Length":2,"Height":83,"Demand":1,"DemandMax":null,"Value":166},{"Length":64,"Height":99,"Demand":1,"DemandMax":null,"Value":6336},{"Length":76,"Height":71,"Demand":1,"DemandMax":null,"Value":5396},{"Length":28,"Height":21,"Demand":1,"DemandMax":null,"Value":588},{"Length":42,"Height":5,"Demand":1,"DemandMax":null,"Value":210},{"Length":73,"Height":13,"Demand":1,"DemandMax":null,"Value":949},{"Length":11,"Height":65,"Demand":1,"DemandMax":null,"Value":715},{"Length":77,"Height":18,"Demand":1,"DemandMax":null,"Value":1386},{"Length":27,"Height":61,"Demand":1,"DemandMax":null,"Value":1647},{"Length":49,"Height":15,"Demand":1,"DemandMax":null,"Value":735},{"Length":67,"Height":37,"Demand":1,"DemandMax":null,"Value":2479},{"Length":36,"Height":14,"Demand":1,"DemandMax":null,"Value":504},{"Length":44,"Height":71,"Demand":1,"DemandMax":null,"Value":3124},{"Length":13,"Height":61,"Demand":1,"DemandMax":null,"Value":793},{"Length":100,"Height":74,"Demand":1,"DemandMax":null,"Value":7400},{"Length":94,"Height":32,"Demand":1,"DemandMax":null,"Value":3008},{"Length":15,"Height":91,"Demand":1,"DemandMax":null,"Value":1365},{"Length":21,"Height":40,"Demand":1,"DemandMax":null,"Value":840},{"Length":99,"Height":100,"Demand":1,"DemandMax":null,"Value":9900},{"Length":73,"Height":27,"Demand":1,"DemandMax":null,"Value":1971},{"Length":97,"Height":11,"Demand":1,"DemandMax":null,"Value":1067},{"Length":61,"Height":73,"Demand":1,"DemandMax":null,"Value":4453},{"Length":87,"Height":69,"Demand":1,"DemandMax":null,"Value":6003},{"Length":30,"Height":88,"Demand":1,"DemandMax":null,"Value":2640},{"Length":79,"Height":52,"Demand":1,"DemandMax":null,"Value":4108},{"Length":56,"Height":17,"Demand":1,"DemandMax":null,"Value":952},{"Length":18,"Height":71,"Demand":1,"DemandMax":null,"Value":1278},{"Length":52,"Height":37,"Demand":1,"DemandMax":null,"Value":1924},{"Length":82,"Height":70,"Demand":1,"DemandMax":null,"Value":5740},{"Length":62,"Height":60,"Demand":1,"DemandMax":null,"Value":3720},{"Length":81,"Height":28,"Demand":1,"DemandMax":null,"Value":2268},{"Length":63,"Height":30,"Demand":1,"DemandMax":null,"Value":1890},{"Length":61,"Height":54,"Demand":1,"DemandMax":null,"Value":3294},{"Length":66,"Height":24,"Demand":1,"DemandMax":null,"Value":1584},{"Length":100,"Height":95,"Demand":1,"DemandMax":null,"Value":9500},{"Length":17,"Height":55,"Demand":1,"DemandMax":null,"Value":935},{"Length":7,"Height":27,"Demand":1,"DemandMax":null,"Value":189},{"Length":93,"Height":66,"Demand":1,"DemandMax":null,"Value":6138},{"Length":29,"Height":61,"Demand":1,"DemandMax":null,"Value":1769},{"Length":4,"Height":35,"Demand":1,"DemandMax":null,"Value":140},{"Length":41,"Height":43,"Demand":1,"DemandMax":null,"Value":1763},{"Length":96,"Height":73,"Demand":1,"DemandMax":null,"Value":7008},{"Length":57,"Height":49,"Demand":1,"DemandMax":null,"Value":2793},{"Length":46,"Height":25,"Demand":1,"DemandMax":null,"Value":1150},{"Length":19,"Height":91,"Demand":1,"DemandMax":null,"Value":1729},{"Length":65,"Height":69,"Demand":1,"DemandMax":null,"Value":4485},{"Length":6,"Height":14,"Demand":1,"DemandMax":null,"Value":84},{"Length":98,"Height":15,"Demand":1,"DemandMax":null,"Value":1470},{"Length":29,"Height":95,"Demand":1,"DemandMax":null,"Value":2755},{"Length":22,"Height":8,"Demand":1,"DemandMax":null,"Value":176}]}