{"Name":"CLASS09_040_01","Objects":[{"Length":100,"Height":100,"Stock":null,"Cost":10000}],"Items":[{"Length":36,"Height":72,"Demand":1,"DemandMax":null,"Value":2592},{"Length":98,"Height":55,"Demand":1,"DemandMax":null,"Value":5390},{"Length":66,"Height":53,"Demand":1,"DemandMax":null,"Value":3498},{"Length":60,"Height":95,"Demand":1,"DemandMax":null,"Value":5700},{"Length":74,"Height":50,"Demand":1,"DemandMax":null,"Value":3700},{"Length":84,"Height":13,"Demand":1,"DemandMax":null,"Value":1092},{"Length":72,"Height":1,"Demand":1,"DemandMax":null,"Value":72},{"Length":95,"Height":57,"Demand":1,"DemandMax":null,"Value":5415},{"Length":74,"Height":53,"Demand":1,"DemandMax":null,"Value":3922},{"Length":66,"Height":81,"Demand":1,"DemandMax":null,"Value":5346},{"Length":16,"Height":72,"Demand":1,"DemandMax":null,"Value":1152},{"Length":91,"Height":82,"Demand":1,"DemandMax":null,"Value":7462},{"Length":90,"Height":19,"Demand":1,"DemandMax":null,"Value":1710},{"Length":68,"Height":61,"Demand":1,"DemandMax":null,"Value":4148},{"Length":83,"Height":80,"Demand":1,"DemandMax":null,"Value":6640},{"Length":99,"Height":68,"Demand":1,"DemandMax":null,"Value":6732},{"Length":58,"Height":95,"Demand":1,"DemandMax":null,"Value":5510},{"Length":88,"Height":4,"Demand":1,"DemandMax":null,"Value":352},{"Length":74,"Height":13,"Demand":1,"DemandMax":null,"Value":962},{"Length":68,"Height":66,"Demand":1,"DemandMax":null,"Value":4488},{"Length":44,"Height":88,"Demand":1,"DemandMax":null,"Value":3872},{"Length":57,"Height":56,"Demand":1,"DemandMax":null,"Value":3192},{"Length":52,"Height":56,"Demand":1,"DemandMax":null,"Value":2912},{"Length":100,"Height":75,"Demand":1,"DemandMax":null,"Value":7500},{"Length":94,"Height":33,"Demand":1,"DemandMax":null,"Value":3102},{"Length":95,"Height":72,"Demand":1,"DemandMax":null,"Value":6840},{"Length":55,"Height":61,"Demand":1,"DemandMax":null,"Value":3355},{"Length":43,"Height":98,"Demand":1,"DemandMax":null,"Value":4214},{"Length":49,"Height":96,"Demand":1,"DemandMax":null,"Value":4704},{"Length":43,"Height":100,"Demand":1,"DemandMax":null,"Value":4300},{"Length":79,"Height":30,"Demand":1,"DemandMax":null,"Value":2370},{"Length":47,"Height":86,"Demand":1,"DemandMax":null,"Value":4042},{"Length":68,"Height":67,"Demand":1,"DemandMax":null,"Value":4556},{"Length":53,"Height":87,"Demand":1,"DemandMax":null,"Value":4611},{"Length":96,"Height":58,"Demand":1,"DemandMax":null,"Value":5568},{"Length":63,"Height":73,"Demand":1,"DemandMax":null,"Value":4599},{"Length":100,"Height":2,"Demand":1,"DemandMax":null,"Value":200},{"Length":75,"Height":88,"Demand":1,"DemandMax":null,"Value":6600},{"Length":83,"Height":99,"Demand":1,"DemandMax":null,"Value":8217},{"Length":41,"Height":30,"Demand":1,"DemandMax":null,"Value":1230}]}