{"Name":"CLASS07_080_06","Objects":[{"Length":100,"Height":100,"Stock":null,"Cost":10000}],"Items":[{"Length":45,"Height":14,"Demand":1,"DemandMax":null,"Value":630},{"Length":33,"Height":81,"Demand":1,"DemandMax":null,"Value":2673},{"Length":21,"Height":100,"Demand":1,"DemandMax":null,"Value":2100},{"Length":4,"Height":16,"Demand":1,"DemandMax":null,"Value":64},{"Length":100,"Height":13,"Demand":1,"DemandMax":null,"Value":1300},{"Length":3,"Height":74,"Demand":1,"DemandMax":null,"Value":222},{"Length":87,"Height":5,"Demand":1,"DemandMax":null,"Value":435},{"Length":86,"Height":12,"Demand":1,"DemandMax":null,"Value":1032},{"Length":77,"Height":25,"Demand":1,"DemandMax":null,"Value":1925},{"Length":90,"Height":14,"Demand":1,"DemandMax":null,"Value":1260},{"Length":68,"Height":22,"Demand":1,"DemandMax":null,"Value":1496},{"Length":78,"Height":19,"Demand":1,"DemandMax":null,"Value":1482},{"Length":45,"Height":99,"Demand":1,"DemandMax":null,"Value":4455},{"Length":85,"Height":27,"Demand":1,"DemandMax":null,"Value":2295},{"Length":38,"Height":1,"Demand":1,"DemandMax":null,"Value":38},{"Length":77,"Height":38,"Demand":1,"DemandMax":null,"Value":2926},{"Length":89,"Height":32,"Demand":1,"DemandMax":null,"Value":2848},{"Length":89,"Height":2,"Demand":1,"DemandMax":null,"Value":178},{"Length":89,"Height":42,"Demand":1,"DemandMax":null,"Value":3738},{"Length":28,"Height":19,"Demand":1,"DemandMax":null,"Value":532},{"Length":85,"Height":78,"Demand":1,"DemandMax":null,"Value":6630},{"Length":100,"Height":39,"Demand":1,"DemandMax":null,"Value":3900},{"Length":94,"Height":44,"Demand":1,"DemandMax":null,"Value":4136},{"Length":66,"Height":12,"Demand":1,"DemandMax":null,"Value":792},{"Length":49,"Height":91,"Demand":1,"DemandMax":null,"Value":4459},{"Length":85,"Height":37,"Demand":1,"DemandMax":null,"Value":3145},{"Length":72,"Height":8,"Demand":1,"DemandMax":null,"Value":576},{"Length":90,"Height":16,"Demand":1,"DemandMax":null,"Value":1440},{"Length":73,"Height":55,"Demand":1,"DemandMax":null,"Value":4015},{"Length":69,"Height":97,"Demand":1,"DemandMax":null,"Value":6693},{"Length":93,"Height":33,"Demand":1,"DemandMax":null,"Value":3069},{"Length":81,"Height":81,"Demand":1,"DemandMax":null,"Value":6561},{"Length":72,"Height":38,"Demand":1,"DemandMax":null,"Value":2736},{"Length":80,"Height":19,"Demand":1,"DemandMax":null,"Value":1520},{"Length":88,"Height":20,"Demand":1,"DemandMax":null,"Value":1760},{"Length":92,"Height":9,"Demand":1,"DemandMax":null,"Value":828},{"Length":57,"Height":80,"Demand":1,"DemandMax":null,"Value":4560},{"Length":89,"Height":3,"Demand":1,"DemandMax":null,"Value":267},{"Length":37,"Height":78,"Demand":1,"DemandMax":null,"Value":2886},{"Length":71,"Height":49,"Demand":1,"DemandMax":null,"Value":3479},{"Length":78,"Height":35,"Demand":2,"DemandMax":null,"Value":2730},{"Length":72,"Height":48,"Demand":1,"DemandMax":null,"Value":3456},{"Length":67,"Height":29,"Demand":1,"DemandMax":null,"Value":1943},{"Length":39,"Height":49,"Demand":1,"DemandMax":null,"Value":1911},{"Length":39,"Height":66,"Demand":1,"DemandMax":null,"Value":2574},{"Length":97,"Height":53,"Demand":1,"DemandMax":null,"Value":5141},{"Length":79,"Height":51,"Demand":1,"DemandMax":null,"Value":4029},{"Length":87,"Height":12,"Demand":1,"DemandMax":null,"Value":1044},{"Length":23,"Height":29,"Demand":1,"DemandMax":null,"Value":667},{"Length":97,"Height":23,"Demand":1,"DemandMax":null,"Value":2231},{"Length":91,"Height":36,"Demand":1,"DemandMax":null,"Value":3276},{"Length":77,"Height":19,"Demand":1,"DemandMax":null,"Value":1463},{"Length":69,"Height":3,"Demand":1,"DemandMax":null,"Value":207},{"Length":68,"Height":80,"Demand":1,"DemandMax":null,"Value":5440},{"Length":67,"Height":22,"Demand":1,"DemandMax":null,"Value":1474},{"Length":82,"Height":20,"Demand":1,"DemandMax":null,"Value":1640},{"Length":84,"Height":44,"Demand":1,"DemandMax":null,"Value":3696},{"Length":31,"Height":92,"Demand":1,"DemandMax":null,"Value":2852},{"Length":86,"Height":20,"Demand":1,"DemandMax":null,"Value":1720},{"Length":94,"Height":33,"Demand":1,"DemandMax":null,"Value":3102},{"Length":73,"Height":48,"Demand":1,"DemandMax":null,"Value":3504},{"Length":54,"Height":56,"Demand":1,"DemandMax":null,"Value":3024},{"Length":79,"Height":29,"Demand":1,"DemandMax":null,"Value":2291},{"Length":80,"Height":8,"Demand":1,"DemandMax":null,"Value":640},{"Length":69,"Height":13,"Demand":1,"DemandMax":null,"Value":897},{"Length":94,"Height":37,"Demand":1,"DemandMax":null,"Value":3478},{"Length":79,"Height":50,"Demand":1,"DemandMax":null,"Value":3950},{"Length":13,"Height":44,"Demand":1,"DemandMax":null,"Value":572},{"Length":13,"Height":40,"Demand":1,"DemandMax":null,"Value":520},{"Length":38,"Height":86,"Demand":1,"DemandMax":null,"Value":3268},{"Length":88,"Height":32,"Demand":1,"DemandMax":null,"Value":2816},{"Length":76,"Height":42,"Demand":1,"DemandMax":null,"Value":3192},{"Length":31,"Height":28,"Demand":1,"DemandMax":null,"Value":868},{"Length":98,"Height":33,"Demand":1,"DemandMax":null,"Value":3234},{"Length":70,"Height":27,"Demand":1,"DemandMax":null,"Value":1890},{"Length":87,"Height":2,"Demand":1,"DemandMax":null,"Value":174},{"Length":73,"Height":28,"Demand":1,"DemandMax":null,"Value":2044},{"Length":78,"Height":49,"Demand":1,"DemandMax":null,"Value":3822},{"Length":96,"Height":32,"Demand":1,"DemandMax":null,"Value":3072}]}