{"Name":"CLASS05_020_03","Objects":[{"Length":100,"Height":100,"Stock":null,"Cost":10000}],"Items":[{"Length":63,"Height":47,"Demand":1,"DemandMax":null,"Value":2961},{"Length":100,"Height":57,"Demand":1,"DemandMax":null,"Value":5700},{"Length":49,"Height":51,"Demand":1,"DemandMax":null,"Value":2499},{"Length":64,"Height":17,"Demand":1,"DemandMax":null,"Value":1088},{"Length":36,"Height":79,"Demand":1,"DemandMax":null,"Value":2844},{"Length":87,"Height":92,"Demand":1,"DemandMax":null,"Value":8004},{"Length":71,"Height":44,"Demand":1,"DemandMax":null,"Value":3124},{"Length":78,"Height":58,"Demand":1,"DemandMax":null,"Value":4524},{"Length":31,"Height":89,"Demand":1,"DemandMax":null,"Value":2759},{"Length":84,"Height":27,"Demand":1,"DemandMax":null,"Value":2268},{"Length":26,"Height":93,"Demand":1,"DemandMax":null,"Value":2418},{"Length":81,"Height":42,"Demand":1,"DemandMax":null,"Value":3402},{"Length":2,"Height":65,"Demand":1,"DemandMax":null,"Value":130},{"Length":80,"Height":83,"Demand":1,"DemandMax":null,"Value":6640},{"Length":37,"Height":51,"Demand":1,"DemandMax":null,"Value":1887},{"Length":27,"Height":59,"Demand":1,"DemandMax":null,"Value":1593},{"Length":40,"Height":29,"Demand":1,"DemandMax":null,"Value":1160},{"Length":98,"Height":16,"Demand":1,"DemandMax":null,"Value":1568},{"Length":57,"Height":9,"Demand":1,"DemandMax":null,"Value":513},{"Length":5,"Height":31,"Demand":1,"DemandMax":null,"Value":155}]}