{"Name":"CLASS06_080_05","Objects":[{"Length":300,"Height":300,"Stock":null,"Cost":90000}],"Items":[{"Length":71,"Height":57,"Demand":1,"DemandMax":null,"Value":4047},{"Length":87,"Height":34,"Demand":1,"DemandMax":null,"Value":2958},{"Length":36,"Height":52,"Demand":1,"DemandMax":null,"Value":1872},{"Length":8,"Height":30,"Demand":1,"DemandMax":null,"Value":240},{"Length":26,"Height":27,"Demand":1,"DemandMax":null,"Value":702},{"Length":44,"Height":29,"Demand":1,"DemandMax":null,"Value":1276},{"Length":51,"Height":60,"Demand":1,"DemandMax":null,"Value":3060},{"Length":71,"Height":75,"Demand":1,"DemandMax":null,"Value":5325},{"Length":57,"Height":63,"Demand":1,"DemandMax":null,"Value":3591},{"Length":100,"Height":45,"Demand":1,"DemandMax":null,"Value":4500},{"Length":21,"Height":79,"Demand":1,"DemandMax":null,"Value":1659},{"Length":77,"Height":52,"Demand":1,"DemandMax":null,"Value":4004},{"Length":55,"Height":86,"Demand":1,"DemandMax":null,"Value":4730},{"Length":78,"Height":39,"Demand":1,"DemandMax":null,"Value":3042},{"Length":2,"Height":97,"Demand":1,"DemandMax":null,"Value":194},{"Length":15,"Height":83,"Demand":1,"DemandMax":null,"Value":1245},{"Length":40,"Height":54,"Demand":1,"DemandMax":null,"Value":2160},{"Length":33,"Height":98,"Demand":1,"DemandMax":null,"Value":3234},{"Length":82,"Height":36,"Demand":1,"DemandMax":null,"Value":2952},{"Length":9,"Height":26,"Demand":1,"DemandMax":null,"Value":234},{"Length":70,"Height":54,"Demand":1,"DemandMax":null,"Value":3780},{"Length":54,"Height":45,"Demand":1,"DemandMax":null,"Value":2430},{"Length":83,"Height":53,"Demand":1,"DemandMax":null,"Value":4399},{"Length":12,"Height":67,"Demand":1,"DemandMax":null,"Value":804},{"Length":32,"Height":9,"Demand":1,"DemandMax":null,"Value":288},{"Length":63,"Height":36,"Demand":1,"DemandMax":null,"Value":2268},{"Length":61,"Height":35,"Demand":1,"DemandMax":null,"Value":2135},{"Length":15,"Height":30,"Demand":1,"DemandMax":null,"Value":450},{"Length":48,"Height":75,"Demand":1,"DemandMax":null,"Value":3600},{"Length":15,"Height":60,"Demand":1,"DemandMax":null,"Value":900},{"Length":5,"Height":6,"Demand":1,"DemandMax":null,"Value":30},{"Length":40,"Height":70,"Demand":1,"DemandMax":null,"Value":2800},{"Length":76,"Height":40,"Demand":1,"DemandMax":null,"Value":3040},{"Length":1,"Height":38,"Demand":1,"DemandMax":null,"Value":38},{"Length":37,"Height":20,"Demand":1,"DemandMax":null,"Value":740},{"Length":42,"Height":75,"Demand":1,"DemandMax":null,"Value":3150},{"Length":2,"Height":26,"Demand":1,"DemandMax":null,"Value":52},{"Length":41,"Height":27,"Demand":1,"DemandMax":null,"Value":1107},{"Length":13,"Height":67,"Demand":1,"DemandMax":null,"Value":871},{"Length":9,"Height":69,"Demand":1,"DemandMax":null,"Value":621},{"Length":50,"Height":89,"Demand":1,"DemandMax":null,"Value":4450},{"Length":91,"Height":15,"Demand":1,"DemandMax":null,"Value":1365},{"Length":22,"Height":69,"Demand":1,"DemandMax":null,"Value":1518},{"Length":65,"Height":7,"Demand":1,"DemandMax":null,"Value":455},{"Length":75,"Height":18,"Demand":1,"DemandMax":null,"Value":1350},{"Length":41,"Height":24,"Demand":1,"DemandMax":null,"Value":984},{"Length":85,"Height":81,"Demand":1,"DemandMax":null,"Value":6885},{"Length":64,"Height":77,"Demand":1,"DemandMax":null,"Value":4928},{"Length":65,"Height":35,"Demand":1,"DemandMax":null,"Value":2275},{"Length":12,"Height":11,"Demand":1,"DemandMax":null,"Value":132},{"Length":59,"Height":92,"Demand":1,"DemandMax":null,"Value":5428},{"Length":96,"Height":2,"Demand":1,"DemandMax":null,"Value":192},{"Length":44,"Height":96,"Demand":1,"DemandMax":null,"Value":4224},{"Length":60,"Height":63,"Demand":1,"DemandMax":null,"Value":3780},{"Length":32,"Height":25,"Demand":1,"DemandMax":null,"Value":800},{"Length":83,"Height":38,"Demand":1,"DemandMax":null,"Value":3154},{"Length":67,"Height":90,"Demand":1,"DemandMax":null,"Value":6030},{"Length":74,"Height":4,"Demand":1,"DemandMax":null,"Value":296},{"Length":27,"Height":35,"Demand":1,"DemandMax":null,"Value":945},{"Length":80,"Height":73,"Demand":1,"DemandMax":null,"Value":5840},{"Length":22,"Height":38,"Demand":1,"DemandMax":null,"Value":836},{"Length":77,"Height":88,"Demand":1,"DemandMax":null,"Value":6776},{"Length":98,"Height":11,"Demand":1,"DemandMax":null,"Value":1078},{"Length":76,"Height":29,"Demand":1,"DemandMax":null,"Value":2204},{"Length":32,"Height":97,"Demand":1,"DemandMax":null,"Value":3104},{"Length":23,"Height":5,"Demand":1,"DemandMax":null,"Value":115},{"Length":36,"Height":75,"Demand":1,"DemandMax":null,"Value":2700},{"Length":94,"Height":62,"Demand":1,"DemandMax":null,"Value":5828},{"Length":53,"Height":55,"Demand":1,"DemandMax":null,"Value":2915},{"Length":1,"Height":77,"Demand":1,"DemandMax":null,"Value":77},{"Length":61,"Height":83,"Demand":1,"DemandMax":null,"Value":5063},{"Length":89,"Height":61,"Demand":1,"DemandMax":null,"Value":5429},{"Length":73,"Height":35,"Demand":1,"DemandMax":null,"Value":2555},{"Length":35,"Height":59,"Demand":1,"DemandMax":null,"Value":2065},{"Length":31,"Height":23,"Demand":1,"DemandMax":null,"Value":713},{"Length":50,"Height":48,"Demand":1,"DemandMax":null,"Value":2400},{"Length":14,"Height":91,"Demand":1,"DemandMax":null,"Value":1274},{"Length":78,"Height":40,"Demand":1,"DemandMax":null,"Value":3120},{"Length":33,"Height":18,"Demand":1,"DemandMax":null,"Value":594},{"Length":99,"Height":79,"Demand":1,"DemandMax":null,"Value":7821}]}