{"Name":"CLASS07_020_02","Objects":[{"Length":100,"Height":100,"Stock":null,"Cost":10000}],"Items":[{"Length":90,"Height":9,"Demand":1,"DemandMax":null,"Value":810},{"Length":99,"Height":6,"Demand":1,"DemandMax":null,"Value":594},{"Length":77,"Height":4,"Demand":1,"DemandMax":null,"Value":308},{"Length":11,"Height":97,"Demand":1,"DemandMax":null,"Value":1067},{"Length":74,"Height":50,"Demand":1,"DemandMax":null,"Value":3700},{"Length":84,"Height":13,"Demand":1,"DemandMax":null,"Value":1092},{"Length":72,"Height":1,"Demand":1,"DemandMax":null,"Value":72},{"Length":97,"Height":8,"Demand":1,"DemandMax":null,"Value":776},{"Length":74,"Height":53,"Demand":1,"DemandMax":null,"Value":3922},{"Length":66,"Height":81,"Demand":1,"DemandMax":null,"Value":5346},{"Length":76,"Height":10,"Demand":1,"DemandMax":null,"Value":760},{"Length":94,"Height":33,"Demand":1,"DemandMax":null,"Value":3102},{"Length":90,"Height":19,"Demand":1,"DemandMax":null,"Value":1710},{"Length":68,"Height":61,"Demand":1,"DemandMax":null,"Value":4148},{"Length":89,"Height":30,"Demand":1,"DemandMax":null,"Value":2670},{"Length":100,"Height":19,"Demand":1,"DemandMax":null,"Value":1900},{"Length":72,"Height":45,"Demand":1,"DemandMax":null,"Value":3240},{"Length":88,"Height":4,"Demand":1,"DemandMax":null,"Value":352},{"Length":74,"Height":13,"Demand":1,"DemandMax":null,"Value":962},{"Length":19,"Height":77,"Demand":1,"DemandMax":null,"Value":1463}]}