{"Name":"CLASS10_020_07","Objects":[{"Length":100,"Height":100,"Stock":null,"Cost":10000}],"Items":[{"Length":3,"Height":48,"Demand":1,"DemandMax":null,"Value":144},{"Length":11,"Height":35,"Demand":1,"DemandMax":null,"Value":385},{"Length":94,"Height":65,"Demand":1,"DemandMax":null,"Value":6110},{"Length":47,"Height":72,"Demand":1,"DemandMax":null,"Value":3384},{"Length":92,"Height":12,"Demand":1,"DemandMax":null,"Value":1104},{"Length":11,"Height":39,"Demand":1,"DemandMax":null,"Value":429},{"Length":90,"Height":35,"Demand":1,"DemandMax":null,"Value":3150},{"Length":53,"Height":69,"Demand":1,"DemandMax":null,"Value":3657},{"Length":35,"Height":37,"Demand":1,"DemandMax":null,"Value":1295},{"Length":24,"Height":68,"Demand":1,"DemandMax":null,"Value":1632},{"Length":92,"Height":16,"Demand":1,"DemandMax":null,"Value":1472},{"Length":22,"Height":41,"Demand":1,"DemandMax":null,"Value":902},{"Length":44,"Height":82,"Demand":1,"DemandMax":null,"Value":3608},{"Length":48,"Height":32,"Demand":1,"DemandMax":null,"Value":1536},{"Length":52,"Height":58,"Demand":1,"DemandMax":null,"Value":3016},{"Length":2,"Height":82,"Demand":1,"DemandMax":null,"Value":164},{"Length":14,"Height":22,"Demand":1,"DemandMax":null,"Value":308},{"Length":83,"Height":70,"Demand":1,"DemandMax":null,"Value":5810},{"Length":29,"Height":13,"Demand":1,"DemandMax":null,"Value":377},{"Length":43,"Height":19,"Demand":1,"DemandMax":null,"Value":817}]}