{"Name":"CLASS04_080_01","Objects":[{"Length":100,"Height":100,"Stock":null,"Cost":10000}],"Items":[{"Length":14,"Height":25,"Demand":1,"DemandMax":null,"Value":350},{"Length":2,"Height":8,"Demand":1,"DemandMax":null,"Value":16},{"Length":19,"Height":22,"Demand":1,"DemandMax":null,"Value":418},{"Length":26,"Height":5,"Demand":1,"DemandMax":null,"Value":130},{"Length":32,"Height":12,"Demand":1,"DemandMax":null,"Value":384},{"Length":20,"Height":4,"Demand":1,"DemandMax":null,"Value":80},{"Length":22,"Height":23,"Demand":1,"DemandMax":null,"Value":506},{"Length":11,"Height":19,"Demand":1,"DemandMax":null,"Value":209},{"Length":6,"Height":23,"Demand":1,"DemandMax":null,"Value":138},{"Length":3,"Height":8,"Demand":1,"DemandMax":null,"Value":24},{"Length":10,"Height":28,"Demand":1,"DemandMax":null,"Value":280},{"Length":11,"Height":9,"Demand":1,"DemandMax":null,"Value":99},{"Length":3,"Height":30,"Demand":1,"DemandMax":null,"Value":90},{"Length":28,"Height":4,"Demand":1,"DemandMax":null,"Value":112},{"Length":1,"Height":33,"Demand":1,"DemandMax":null,"Value":33},{"Length":23,"Height":19,"Demand":1,"DemandMax":null,"Value":437},{"Length":31,"Height":17,"Demand":1,"DemandMax":null,"Value":527},{"Length":11,"Height":23,"Demand":1,"DemandMax":null,"Value":253},{"Length":27,"Height":10,"Demand":1,"DemandMax":null,"Value":270},{"Length":19,"Height":32,"Demand":1,"DemandMax":null,"Value":608},{"Length":5,"Height":15,"Demand":1,"DemandMax":null,"Value":75},{"Length":16,"Height":3,"Demand":1,"DemandMax":null,"Value":48},{"Length":26,"Height":14,"Demand":1,"DemandMax":null,"Value":364},{"Length":19,"Height":9,"Demand":1,"DemandMax":null,"Value":171},{"Length":25,"Height":33,"Demand":1,"DemandMax":null,"Value":825},{"Length":18,"Height":33,"Demand":1,"DemandMax":null,"Value":594},{"Length":17,"Height":6,"Demand":1,"DemandMax":null,"Value":102},{"Length":18,"Height":30,"Demand":1,"DemandMax":null,"Value":540},{"Length":29,"Height":19,"Demand":1,"DemandMax":null,"Value":551},{"Length":34,"Height":4,"Demand":1,"DemandMax":null,"Value":136},{"Length":30,"Height":29,"Demand":1,"DemandMax":null,"Value":870},{"Length":25,"Height":7,"Demand":1,"DemandMax":null,"Value":175},{"Length":2,"Height":5,"Demand":1,"DemandMax":null,"Value":10},{"Length":28,"Height":30,"Demand":1,"DemandMax":null,"Value":840},{"Length":5,"Height":32,"Demand":1,"DemandMax":null,"Value":160},{"Length":24,"Height":7,"Demand":1,"DemandMax":null,"Value":168},{"Length":9,"Height":33,"Demand":1,"DemandMax":null,"Value":297},{"Length":5,"Height":24,"Demand":1,"DemandMax":null,"Value":120},{"Length":30,"Height":12,"Demand":1,"DemandMax":null,"Value":360},{"Length":10,"Height":3,"Demand":1,"DemandMax":null,"Value":30},{"Length":24,"Height":18,"Demand":1,"DemandMax":null,"Value":432},{"Length":21,"Height":18,"Demand":1,"DemandMax":null,"Value":378},{"Length":31,"Height":11,"Demand":1,"DemandMax":null,"Value":341},{"Length":28,"Height":15,"Demand":1,"DemandMax":null,"Value":420},{"Length":31,"Height":27,"Demand":1,"DemandMax":null,"Value":837},{"Length":1,"Height":20,"Demand":1,"DemandMax":null,"Value":20},{"Length":17,"Height":13,"Demand":1,"DemandMax":null,"Value":221},{"Length":26,"Height":3,"Demand":1,"DemandMax":null,"Value":78},{"Length":26,"Height":31,"Demand":2,"DemandMax":null,"Value":806},{"Length":25,"Height":13,"Demand":1,"DemandMax":null,"Value":325},{"Length":6,"Height":15,"Demand":1,"DemandMax":null,"Value":90},{"Length":1,"Height":10,"Demand":1,"DemandMax":null,"Value":10},{"Length":17,"Height":16,"Demand":1,"DemandMax":null,"Value":272},{"Length":5,"Height":30,"Demand":1,"DemandMax":null,"Value":150},{"Length":29,"Height":25,"Demand":1,"DemandMax":null,"Value":725},{"Length":29,"Height":20,"Demand":1,"DemandMax":null,"Value":580},{"Length":23,"Height":12,"Demand":1,"DemandMax":null,"Value":276},{"Length":8,"Height":8,"Demand":1,"DemandMax":null,"Value":64},{"Length":26,"Height":27,"Demand":1,"DemandMax":null,"Value":702},{"Length":6,"Height":27,"Demand":1,"DemandMax":null,"Value":162},{"Length":7,"Height":35,"Demand":1,"DemandMax":null,"Value":245},{"Length":14,"Height":17,"Demand":1,"DemandMax":null,"Value":238},{"Length":23,"Height":14,"Demand":1,"DemandMax":null,"Value":322},{"Length":8,"Height":11,"Demand":1,"DemandMax":null,"Value":88},{"Length":21,"Height":4,"Demand":1,"DemandMax":null,"Value":84},{"Length":25,"Height":2,"Demand":1,"DemandMax":null,"Value":50},{"Length":28,"Height":23,"Demand":1,"DemandMax":null,"Value":644},{"Length":13,"Height":29,"Demand":1,"DemandMax":null,"Value":377},{"Length":12,"Height":28,"Demand":1,"DemandMax":null,"Value":336},{"Length":33,"Height":3,"Demand":1,"DemandMax":null,"Value":99},{"Length":24,"Height":21,"Demand":1,"DemandMax":null,"Value":504},{"Length":18,"Height":20,"Demand":1,"DemandMax":null,"Value":360},{"Length":22,"Height":20,"Demand":1,"DemandMax":null,"Value":440},{"Length":20,"Height":15,"Demand":1,"DemandMax":null,"Value":300},{"Length":9,"Height":15,"Demand":1,"DemandMax":null,"Value":135},{"Length":31,"Height":4,"Demand":1,"DemandMax":null,"Value":124},{"Length":1,"Height":12,"Demand":1,"DemandMax":null,"Value":12},{"Length":19,"Height":12,"Demand":1,"DemandMax":null,"Value":228},{"Length":24,"Height":24,"Demand":1,"DemandMax":null,"Value":576}]}