{"Name":"CLASS10_100_02","Objects":[{"Length":100,"Height":100,"Stock":null,"Cost":10000}],"Items":[{"Length":25,"Height":39,"Demand":1,"DemandMax":null,"Value":975},{"Length":15,"Height":6,"Demand":1,"DemandMax":null,"Value":90},{"Length":37,"Height":48,"Demand":1,"DemandMax":null,"Value":1776},{"Length":9,"Height":10,"Demand":1,"DemandMax":null,"Value":90},{"Length":26,"Height":10,"Demand":1,"DemandMax":null,"Value":260},{"Length":6,"Height":42,"Demand":1,"DemandMax":null,"Value":252},{"Length":44,"Height":25,"Demand":1,"DemandMax":null,"Value":1100},{"Length":56,"Height":51,"Demand":1,"DemandMax":null,"Value":2856},{"Length":39,"Height":42,"Demand":1,"DemandMax":null,"Value":1638},{"Length":10,"Height":40,"Demand":1,"DemandMax":null,"Value":400},{"Length":12,"Height":13,"Demand":1,"DemandMax":null,"Value":156},{"Length":16,"Height":69,"Demand":1,"DemandMax":null,"Value":1104},{"Length":13,"Height":37,"Demand":1,"DemandMax":null,"Value":481},{"Length":24,"Height":50,"Demand":1,"DemandMax":null,"Value":1200},{"Length":42,"Height":13,"Demand":1,"DemandMax":null,"Value":546},{"Length":36,"Height":80,"Demand":1,"DemandMax":null,"Value":2880},{"Length":49,"Height":43,"Demand":1,"DemandMax":null,"Value":2107},{"Length":1,"Height":21,"Demand":1,"DemandMax":null,"Value":21},{"Length":34,"Height":25,"Demand":1,"DemandMax":null,"Value":850},{"Length":18,"Height":48,"Demand":1,"DemandMax":null,"Value":864},{"Length":47,"Height":10,"Demand":1,"DemandMax":null,"Value":470},{"Length":39,"Height":68,"Demand":1,"DemandMax":null,"Value":2652},{"Length":38,"Height":99,"Demand":1,"DemandMax":null,"Value":3762},{"Length":12,"Height":37,"Demand":1,"DemandMax":null,"Value":444},{"Length":6,"Height":39,"Demand":1,"DemandMax":null,"Value":234},{"Length":39,"Height":48,"Demand":1,"DemandMax":null,"Value":1872},{"Length":67,"Height":33,"Demand":1,"DemandMax":null,"Value":2211},{"Length":18,"Height":38,"Demand":2,"DemandMax":null,"Value":684},{"Length":27,"Height":30,"Demand":1,"DemandMax":null,"Value":810},{"Length":50,"Height":5,"Demand":1,"DemandMax":null,"Value":250},{"Length":79,"Height":80,"Demand":1,"DemandMax":null,"Value":6320},{"Length":35,"Height":50,"Demand":1,"DemandMax":null,"Value":1750},{"Length":10,"Height":33,"Demand":1,"DemandMax":null,"Value":330},{"Length":23,"Height":23,"Demand":1,"DemandMax":null,"Value":529},{"Length":14,"Height":24,"Demand":1,"DemandMax":null,"Value":336},{"Length":4,"Height":98,"Demand":1,"DemandMax":null,"Value":392},{"Length":71,"Height":2,"Demand":1,"DemandMax":null,"Value":142},{"Length":68,"Height":58,"Demand":1,"DemandMax":null,"Value":3944},{"Length":54,"Height":58,"Demand":1,"DemandMax":null,"Value":3132},{"Length":10,"Height":23,"Demand":1,"DemandMax":null,"Value":230},{"Length":4,"Height":44,"Demand":1,"DemandMax":null,"Value":176},{"Length":30,"Height":93,"Demand":1,"DemandMax":null,"Value":2790},{"Length":7,"Height":6,"Demand":1,"DemandMax":null,"Value":42},{"Length":28,"Height":10,"Demand":1,"DemandMax":null,"Value":280},{"Length":13,"Height":47,"Demand":1,"DemandMax":null,"Value":611},{"Length":53,"Height":83,"Demand":1,"DemandMax":null,"Value":4399},{"Length":21,"Height":15,"Demand":1,"DemandMax":null,"Value":315},{"Length":8,"Height":72,"Demand":1,"DemandMax":null,"Value":576},{"Length":32,"Height":11,"Demand":1,"DemandMax":null,"Value":352},{"Length":39,"Height":39,"Demand":1,"DemandMax":null,"Value":1521},{"Length":98,"Height":35,"Demand":1,"DemandMax":null,"Value":3430},{"Length":49,"Height":21,"Demand":1,"DemandMax":null,"Value":1029},{"Length":14,"Height":38,"Demand":1,"DemandMax":null,"Value":532},{"Length":36,"Height":69,"Demand":1,"DemandMax":null,"Value":2484},{"Length":34,"Height":18,"Demand":1,"DemandMax":null,"Value":612},{"Length":50,"Height":93,"Demand":1,"DemandMax":null,"Value":4650},{"Length":7,"Height":83,"Demand":1,"DemandMax":null,"Value":581},{"Length":44,"Height":34,"Demand":1,"DemandMax":null,"Value":1496},{"Length":33,"Height":11,"Demand":1,"DemandMax":null,"Value":363},{"Length":16,"Height":84,"Demand":1,"DemandMax":null,"Value":1344},{"Length":12,"Height":25,"Demand":1,"DemandMax":null,"Value":300},{"Length":15,"Height":24,"Demand":1,"DemandMax":null,"Value":360},{"Length":43,"Height":17,"Demand":1,"DemandMax":null,"Value":731},{"Length":42,"Height":23,"Demand":1,"DemandMax":null,"Value":966},{"Length":28,"Height":36,"Demand":1,"DemandMax":null,"Value":1008},{"Length":96,"Height":75,"Demand":1,"DemandMax":null,"Value":7200},{"Length":16,"Height":34,"Demand":1,"DemandMax":null,"Value":544},{"Length":29,"Height":31,"Demand":1,"DemandMax":null,"Value":899},{"Length":69,"Height":9,"Demand":1,"DemandMax":null,"Value":621},{"Length":40,"Height":39,"Demand":1,"DemandMax":null,"Value":1560},{"Length":100,"Height":62,"Demand":1,"DemandMax":null,"Value":6200},{"Length":29,"Height":50,"Demand":1,"DemandMax":null,"Value":1450},{"Length":46,"Height":44,"Demand":1,"DemandMax":null,"Value":2024},{"Length":45,"Height":14,"Demand":1,"DemandMax":null,"Value":630},{"Length":45,"Height":3,"Demand":1,"DemandMax":null,"Value":135},{"Length":40,"Height":87,"Demand":1,"DemandMax":null,"Value":3480},{"Length":47,"Height":93,"Demand":1,"DemandMax":null,"Value":4371},{"Length":12,"Height":1,"Demand":1,"DemandMax":null,"Value":12},{"Length":3,"Height":5,"Demand":1,"DemandMax":null,"Value":15},{"Length":62,"Height":73,"Demand":1,"DemandMax":null,"Value":4526},{"Length":11,"Height":48,"Demand":1,"DemandMax":null,"Value":528},{"Length":41,"Height":49,"Demand":1,"DemandMax":null,"Value":2009},{"Length":21,"Height":19,"Demand":1,"DemandMax":null,"Value":399},{"Length":47,"Height":28,"Demand":1,"DemandMax":null,"Value":1316},{"Length":35,"Height":78,"Demand":1,"DemandMax":null,"Value":2730},{"Length":87,"Height":9,"Demand":1,"DemandMax":null,"Value":783},{"Length":2,"Height":45,"Demand":1,"DemandMax":null,"Value":90},{"Length":43,"Height":96,"Demand":1,"DemandMax":null,"Value":4128},{"Length":22,"Height":49,"Demand":1,"DemandMax":null,"Value":1078},{"Length":33,"Height":31,"Demand":1,"DemandMax":null,"Value":1023},{"Length":94,"Height":81,"Demand":1,"DemandMax":null,"Value":7614},{"Length":50,"Height":21,"Demand":1,"DemandMax":null,"Value":1050},{"Length":79,"Height":42,"Demand":1,"DemandMax":null,"Value":3318},{"Length":46,"Height":14,"Demand":1,"DemandMax":null,"Value":644},{"Length":48,"Height":31,"Demand":1,"DemandMax":null,"Value":1488},{"Length":20,"Height":10,"Demand":1,"DemandMax":null,"Value":200},{"Length":30,"Height":47,"Demand":1,"DemandMax":null,"Value":1410},{"Length":21,"Height":9,"Demand":1,"DemandMax":null,"Value":189},{"Length":14,"Height":41,"Demand":1,"DemandMax":null,"Value":574}]}