{"Name":"CLASS03_040_09","Objects":[{"Length":40,"Height":40,"Stock":null,"Cost":1600}],"Items":[{"Length":16,"Height":4,"Demand":1,"DemandMax":null,"Value":64},{"Length":19,"Height":6,"Demand":1,"DemandMax":null,"Value":114},{"Length":9,"Height":21,"Demand":1,"DemandMax":null,"Value":189},{"Length":4,"Height":8,"Demand":1,"DemandMax":null,"Value":32},{"Length":2,"Height":11,"Demand":2,"DemandMax":null,"Value":22},{"Length":10,"Height":15,"Demand":1,"DemandMax":null,"Value":150},{"Length":12,"Height":14,"Demand":1,"DemandMax":null,"Value":168},{"Length":5,"Height":18,"Demand":1,"DemandMax":null,"Value":90},{"Length":31,"Height":11,"Demand":1,"DemandMax":null,"Value":341},{"Length":5,"Height":23,"Demand":1,"DemandMax":null,"Value":115},{"Length":28,"Height":27,"Demand":1,"DemandMax":null,"Value":756},{"Length":2,"Height":9,"Demand":1,"DemandMax":null,"Value":18},{"Length":17,"Height":33,"Demand":1,"DemandMax":null,"Value":561},{"Length":35,"Height":3,"Demand":1,"DemandMax":null,"Value":105},{"Length":27,"Height":9,"Demand":1,"DemandMax":null,"Value":243},{"Length":14,"Height":10,"Demand":1,"DemandMax":null,"Value":140},{"Length":26,"Height":16,"Demand":1,"DemandMax":null,"Value":416},{"Length":30,"Height":25,"Demand":1,"DemandMax":null,"Value":750},{"Length":2,"Height":32,"Demand":1,"DemandMax":null,"Value":64},{"Length":31,"Height":15,"Demand":1,"DemandMax":null,"Value":465},{"Length":31,"Height":6,"Demand":1,"DemandMax":null,"Value":186},{"Length":33,"Height":14,"Demand":1,"DemandMax":null,"Value":462},{"Length":10,"Height":21,"Demand":1,"DemandMax":null,"Value":210},{"Length":16,"Height":25,"Demand":1,"DemandMax":null,"Value":400},{"Length":13,"Height":33,"Demand":1,"DemandMax":null,"Value":429},{"Length":8,"Height":29,"Demand":1,"DemandMax":null,"Value":232},{"Length":21,"Height":11,"Demand":1,"DemandMax":null,"Value":231},{"Length":13,"Height":19,"Demand":1,"DemandMax":null,"Value":247},{"Length":26,"Height":5,"Demand":1,"DemandMax":null,"Value":130},{"Length":11,"Height":33,"Demand":1,"DemandMax":null,"Value":363},{"Length":32,"Height":7,"Demand":1,"DemandMax":null,"Value":224},{"Length":29,"Height":17,"Demand":1,"DemandMax":null,"Value":493},{"Length":20,"Height":23,"Demand":1,"DemandMax":null,"Value":460},{"Length":1,"Height":33,"Demand":1,"DemandMax":null,"Value":33},{"Length":16,"Height":31,"Demand":1,"DemandMax":null,"Value":496},{"Length":13,"Height":15,"Demand":1,"DemandMax":null,"Value":195},{"Length":24,"Height":25,"Demand":1,"DemandMax":null,"Value":600},{"Length":22,"Height":13,"Demand":1,"DemandMax":null,"Value":286},{"Length":26,"Height":8,"Demand":1,"DemandMax":null,"Value":208}]}