{"Name":"CLASS05_100_02","Objects":[{"Length":100,"Height":100,"Stock":null,"Cost":10000}],"Items":[{"Length":77,"Height":95,"Demand":1,"DemandMax":null,"Value":7315},{"Length":53,"Height":50,"Demand":1,"DemandMax":null,"Value":2650},{"Length":30,"Height":11,"Demand":1,"DemandMax":null,"Value":330},{"Length":95,"Height":100,"Demand":1,"DemandMax":null,"Value":9500},{"Length":73,"Height":73,"Demand":1,"DemandMax":null,"Value":5329},{"Length":18,"Height":19,"Demand":1,"DemandMax":null,"Value":342},{"Length":19,"Height":60,"Demand":1,"DemandMax":null,"Value":1140},{"Length":99,"Height":52,"Demand":1,"DemandMax":null,"Value":5148},{"Length":12,"Height":83,"Demand":1,"DemandMax":null,"Value":996},{"Length":49,"Height":76,"Demand":1,"DemandMax":null,"Value":3724},{"Length":30,"Height":87,"Demand":1,"DemandMax":null,"Value":2610},{"Length":13,"Height":3,"Demand":1,"DemandMax":null,"Value":39},{"Length":84,"Height":48,"Demand":1,"DemandMax":null,"Value":4032},{"Length":68,"Height":77,"Demand":1,"DemandMax":null,"Value":5236},{"Length":19,"Height":79,"Demand":1,"DemandMax":null,"Value":1501},{"Length":26,"Height":76,"Demand":1,"DemandMax":null,"Value":1976},{"Length":11,"Height":24,"Demand":1,"DemandMax":null,"Value":264},{"Length":31,"Height":11,"Demand":1,"DemandMax":null,"Value":341},{"Length":73,"Height":60,"Demand":1,"DemandMax":null,"Value":4380},{"Length":60,"Height":26,"Demand":1,"DemandMax":null,"Value":1560},{"Length":48,"Height":99,"Demand":1,"DemandMax":null,"Value":4752},{"Length":26,"Height":99,"Demand":1,"DemandMax":null,"Value":2574},{"Length":15,"Height":84,"Demand":1,"DemandMax":null,"Value":1260},{"Length":72,"Height":42,"Demand":1,"DemandMax":null,"Value":3024},{"Length":85,"Height":95,"Demand":1,"DemandMax":null,"Value":8075},{"Length":76,"Height":98,"Demand":1,"DemandMax":null,"Value":7448},{"Length":1,"Height":41,"Demand":1,"DemandMax":null,"Value":41},{"Length":49,"Height":46,"Demand":1,"DemandMax":null,"Value":2254},{"Length":42,"Height":68,"Demand":1,"DemandMax":null,"Value":2856},{"Length":36,"Height":96,"Demand":1,"DemandMax":null,"Value":3456},{"Length":20,"Height":53,"Demand":1,"DemandMax":null,"Value":1060},{"Length":15,"Height":94,"Demand":1,"DemandMax":null,"Value":1410},{"Length":77,"Height":7,"Demand":1,"DemandMax":null,"Value":539},{"Length":96,"Height":16,"Demand":1,"DemandMax":null,"Value":1536},{"Length":93,"Height":75,"Demand":1,"DemandMax":null,"Value":6975},{"Length":24,"Height":74,"Demand":1,"DemandMax":null,"Value":1776},{"Length":78,"Height":34,"Demand":1,"DemandMax":null,"Value":2652},{"Length":77,"Height":12,"Demand":1,"DemandMax":null,"Value":924},{"Length":77,"Height":96,"Demand":1,"DemandMax":null,"Value":7392},{"Length":66,"Height":9,"Demand":1,"DemandMax":null,"Value":594},{"Length":67,"Height":5,"Demand":1,"DemandMax":null,"Value":335},{"Length":35,"Height":75,"Demand":1,"DemandMax":null,"Value":2625},{"Length":60,"Height":39,"Demand":1,"DemandMax":null,"Value":2340},{"Length":63,"Height":54,"Demand":1,"DemandMax":null,"Value":3402},{"Length":100,"Height":9,"Demand":1,"DemandMax":null,"Value":900},{"Length":60,"Height":25,"Demand":1,"DemandMax":null,"Value":1500},{"Length":64,"Height":59,"Demand":1,"DemandMax":null,"Value":3776},{"Length":70,"Height":99,"Demand":1,"DemandMax":null,"Value":6930},{"Length":65,"Height":67,"Demand":1,"DemandMax":null,"Value":4355},{"Length":72,"Height":20,"Demand":1,"DemandMax":null,"Value":1440},{"Length":46,"Height":45,"Demand":1,"DemandMax":null,"Value":2070},{"Length":76,"Height":65,"Demand":1,"DemandMax":null,"Value":4940},{"Length":85,"Height":36,"Demand":1,"DemandMax":null,"Value":3060},{"Length":28,"Height":47,"Demand":1,"DemandMax":null,"Value":1316},{"Length":93,"Height":19,"Demand":1,"DemandMax":null,"Value":1767},{"Length":4,"Height":8,"Demand":1,"DemandMax":null,"Value":32},{"Length":15,"Height":4,"Demand":1,"DemandMax":null,"Value":60},{"Length":16,"Height":28,"Demand":1,"DemandMax":null,"Value":448},{"Length":29,"Height":37,"Demand":1,"DemandMax":null,"Value":1073},{"Length":9,"Height":18,"Demand":1,"DemandMax":null,"Value":162},{"Length":45,"Height":94,"Demand":1,"DemandMax":null,"Value":4230},{"Length":60,"Height":20,"Demand":1,"DemandMax":null,"Value":1200},{"Length":8,"Height":87,"Demand":1,"DemandMax":null,"Value":696},{"Length":80,"Height":15,"Demand":1,"DemandMax":null,"Value":1200},{"Length":96,"Height":60,"Demand":1,"DemandMax":null,"Value":5760},{"Length":14,"Height":12,"Demand":1,"DemandMax":null,"Value":168},{"Length":20,"Height":92,"Demand":1,"DemandMax":null,"Value":1840},{"Length":39,"Height":56,"Demand":1,"DemandMax":null,"Value":2184},{"Length":25,"Height":93,"Demand":1,"DemandMax":null,"Value":2325},{"Length":67,"Height":25,"Demand":1,"DemandMax":null,"Value":1675},{"Length":87,"Height":7,"Demand":1,"DemandMax":null,"Value":609},{"Length":41,"Height":29,"Demand":1,"DemandMax":null,"Value":1189},{"Length":19,"Height":13,"Demand":1,"DemandMax":null,"Value":247},{"Length":41,"Height":15,"Demand":1,"DemandMax":null,"Value":615},{"Length":64,"Height":22,"Demand":1,"DemandMax":null,"Value":1408},{"Length":77,"Height":58,"Demand":1,"DemandMax":null,"Value":4466},{"Length":1,"Height":78,"Demand":1,"DemandMax":null,"Value":78},{"Length":93,"Height":70,"Demand":1,"DemandMax":null,"Value":6510},{"Length":41,"Height":58,"Demand":1,"DemandMax":null,"Value":2378},{"Length":67,"Height":97,"Demand":1,"DemandMax":null,"Value":6499},{"Length":27,"Height":75,"Demand":1,"DemandMax":null,"Value":2025},{"Length":10,"Height":14,"Demand":1,"DemandMax":null,"Value":140},{"Length":38,"Height":71,"Demand":1,"DemandMax":null,"Value":2698},{"Length":67,"Height":35,"Demand":1,"DemandMax":null,"Value":2345},{"Length":86,"Height":26,"Demand":1,"DemandMax":null,"Value":2236},{"Length":16,"Height":2,"Demand":1,"DemandMax":null,"Value":32},{"Length":13,"Height":51,"Demand":1,"DemandMax":null,"Value":663},{"Length":67,"Height":94,"Demand":1,"DemandMax":null,"Value":6298},{"Length":99,"Height":88,"Demand":1,"DemandMax":null,"Value":8712},{"Length":65,"Height":22,"Demand":1,"DemandMax":null,"Value":1430},{"Length":54,"Height":18,"Demand":1,"DemandMax":null,"Value":972},{"Length":88,"Height":31,"Demand":1,"DemandMax":null,"Value":2728},{"Length":23,"Height":50,"Demand":1,"DemandMax":null,"Value":1150},{"Length":47,"Height":97,"Demand":1,"DemandMax":null,"Value":4559},{"Length":83,"Height":29,"Demand":1,"DemandMax":null,"Value":2407},{"Length":86,"Height":33,"Demand":1,"DemandMax":null,"Value":2838},{"Length":46,"Height":33,"Demand":1,"DemandMax":null,"Value":1518},{"Length":84,"Height":83,"Demand":1,"DemandMax":null,"Value":6972},{"Length":56,"Height":72,"Demand":1,"DemandMax":null,"Value":4032},{"Length":50,"Height":24,"Demand":1,"DemandMax":null,"Value":1200}]}