{"Name":"CLASS07_040_02","Objects":[{"Length":100,"Height":100,"Stock":null,"Cost":10000}],"Items":[{"Length":73,"Height":20,"Demand":1,"DemandMax":null,"Value":1460},{"Length":84,"Height":31,"Demand":2,"DemandMax":null,"Value":2604},{"Length":77,"Height":37,"Demand":1,"DemandMax":null,"Value":2849},{"Length":78,"Height":55,"Demand":1,"DemandMax":null,"Value":4290},{"Length":71,"Height":33,"Demand":1,"DemandMax":null,"Value":2343},{"Length":93,"Height":4,"Demand":1,"DemandMax":null,"Value":372},{"Length":76,"Height":13,"Demand":1,"DemandMax":null,"Value":988},{"Length":54,"Height":53,"Demand":1,"DemandMax":null,"Value":2862},{"Length":2,"Height":98,"Demand":1,"DemandMax":null,"Value":196},{"Length":82,"Height":33,"Demand":1,"DemandMax":null,"Value":2706},{"Length":65,"Height":82,"Demand":1,"DemandMax":null,"Value":5330},{"Length":97,"Height":39,"Demand":1,"DemandMax":null,"Value":3783},{"Length":70,"Height":21,"Demand":1,"DemandMax":null,"Value":1470},{"Length":79,"Height":23,"Demand":1,"DemandMax":null,"Value":1817},{"Length":26,"Height":74,"Demand":1,"DemandMax":null,"Value":1924},{"Length":47,"Height":35,"Demand":1,"DemandMax":null,"Value":1645},{"Length":82,"Height":8,"Demand":1,"DemandMax":null,"Value":656},{"Length":76,"Height":75,"Demand":1,"DemandMax":null,"Value":5700},{"Length":99,"Height":55,"Demand":1,"DemandMax":null,"Value":5445},{"Length":59,"Height":93,"Demand":1,"DemandMax":null,"Value":5487},{"Length":67,"Height":6,"Demand":1,"DemandMax":null,"Value":402},{"Length":95,"Height":89,"Demand":1,"DemandMax":null,"Value":8455},{"Length":89,"Height":10,"Demand":1,"DemandMax":null,"Value":890},{"Length":34,"Height":13,"Demand":1,"DemandMax":null,"Value":442},{"Length":95,"Height":17,"Demand":1,"DemandMax":null,"Value":1615},{"Length":83,"Height":15,"Demand":1,"DemandMax":null,"Value":1245},{"Length":86,"Height":26,"Demand":1,"DemandMax":null,"Value":2236},{"Length":80,"Height":44,"Demand":1,"DemandMax":null,"Value":3520},{"Length":44,"Height":92,"Demand":1,"DemandMax":null,"Value":4048},{"Length":78,"Height":2,"Demand":1,"DemandMax":null,"Value":156},{"Length":91,"Height":3,"Demand":1,"DemandMax":null,"Value":273},{"Length":68,"Height":87,"Demand":1,"DemandMax":null,"Value":5916},{"Length":71,"Height":22,"Demand":1,"DemandMax":null,"Value":1562},{"Length":81,"Height":1,"Demand":1,"DemandMax":null,"Value":81},{"Length":70,"Height":43,"Demand":1,"DemandMax":null,"Value":3010},{"Length":29,"Height":94,"Demand":1,"DemandMax":null,"Value":2726},{"Length":83,"Height":66,"Demand":1,"DemandMax":null,"Value":5478},{"Length":92,"Height":11,"Demand":1,"DemandMax":null,"Value":1012},{"Length":37,"Height":96,"Demand":1,"DemandMax":null,"Value":3552}]}