{"Name":"CLASS04_100_10","Objects":[{"Length":100,"Height":100,"Stock":null,"Cost":10000}],"Items":[{"Length":31,"Height":27,"Demand":1,"DemandMax":null,"Value":837},{"Length":8,"Height":8,"Demand":1,"DemandMax":null,"Value":64},{"Length":32,"Height":4,"Demand":1,"DemandMax":null,"Value":128},{"Length":29,"Height":20,"Demand":1,"DemandMax":null,"Value":580},{"Length":7,"Height":8,"Demand":1,"DemandMax":null,"Value":56},{"Length":20,"Height":33,"Demand":1,"DemandMax":null,"Value":660},{"Length":29,"Height":33,"Demand":1,"DemandMax":null,"Value":957},{"Length":8,"Height":28,"Demand":1,"DemandMax":null,"Value":224},{"Length":10,"Height":13,"Demand":1,"DemandMax":null,"Value":130},{"Length":31,"Height":31,"Demand":1,"DemandMax":null,"Value":961},{"Length":11,"Height":32,"Demand":1,"DemandMax":null,"Value":352},{"Length":2,"Height":11,"Demand":1,"DemandMax":null,"Value":22},{"Length":1,"Height":13,"Demand":1,"DemandMax":null,"Value":13},{"Length":16,"Height":20,"Demand":1,"DemandMax":null,"Value":320},{"Length":31,"Height":30,"Demand":2,"DemandMax":null,"Value":930},{"Length":7,"Height":14,"Demand":1,"DemandMax":null,"Value":98},{"Length":23,"Height":28,"Demand":1,"DemandMax":null,"Value":644},{"Length":27,"Height":33,"Demand":1,"DemandMax":null,"Value":891},{"Length":15,"Height":1,"Demand":1,"DemandMax":null,"Value":15},{"Length":32,"Height":21,"Demand":1,"DemandMax":null,"Value":672},{"Length":25,"Height":20,"Demand":1,"DemandMax":null,"Value":500},{"Length":26,"Height":6,"Demand":1,"DemandMax":null,"Value":156},{"Length":8,"Height":33,"Demand":1,"DemandMax":null,"Value":264},{"Length":25,"Height":27,"Demand":1,"DemandMax":null,"Value":675},{"Length":3,"Height":31,"Demand":1,"DemandMax":null,"Value":93},{"Length":21,"Height":30,"Demand":1,"DemandMax":null,"Value":630},{"Length":27,"Height":19,"Demand":1,"DemandMax":null,"Value":513},{"Length":18,"Height":6,"Demand":1,"DemandMax":null,"Value":108},{"Length":1,"Height":11,"Demand":1,"DemandMax":null,"Value":11},{"Length":34,"Height":35,"Demand":1,"DemandMax":null,"Value":1190},{"Length":18,"Height":12,"Demand":1,"DemandMax":null,"Value":216},{"Length":2,"Height":26,"Demand":1,"DemandMax":null,"Value":52},{"Length":18,"Height":14,"Demand":1,"DemandMax":null,"Value":252},{"Length":2,"Height":32,"Demand":1,"DemandMax":null,"Value":64},{"Length":10,"Height":6,"Demand":1,"DemandMax":null,"Value":60},{"Length":3,"Height":13,"Demand":1,"DemandMax":null,"Value":39},{"Length":23,"Height":2,"Demand":1,"DemandMax":null,"Value":46},{"Length":21,"Height":5,"Demand":1,"DemandMax":null,"Value":105},{"Length":26,"Height":30,"Demand":1,"DemandMax":null,"Value":780},{"Length":12,"Height":27,"Demand":1,"DemandMax":null,"Value":324},{"Length":33,"Height":25,"Demand":1,"DemandMax":null,"Value":825},{"Length":15,"Height":33,"Demand":1,"DemandMax":null,"Value":495},{"Length":2,"Height":35,"Demand":1,"DemandMax":null,"Value":70},{"Length":12,"Height":29,"Demand":1,"DemandMax":null,"Value":348},{"Length":7,"Height":20,"Demand":1,"DemandMax":null,"Value":140},{"Length":29,"Height":29,"Demand":1,"DemandMax":null,"Value":841},{"Length":29,"Height":17,"Demand":1,"DemandMax":null,"Value":493},{"Length":1,"Height":26,"Demand":1,"DemandMax":null,"Value":26},{"Length":24,"Height":7,"Demand":1,"DemandMax":null,"Value":168},{"Length":12,"Height":25,"Demand":1,"DemandMax":null,"Value":300},{"Length":32,"Height":18,"Demand":1,"DemandMax":null,"Value":576},{"Length":20,"Height":5,"Demand":1,"DemandMax":null,"Value":100},{"Length":33,"Height":17,"Demand":1,"DemandMax":null,"Value":561},{"Length":30,"Height":28,"Demand":1,"DemandMax":null,"Value":840},{"Length":19,"Height":22,"Demand":1,"DemandMax":null,"Value":418},{"Length":20,"Height":29,"Demand":1,"DemandMax":null,"Value":580},{"Length":29,"Height":23,"Demand":1,"DemandMax":null,"Value":667},{"Length":19,"Height":23,"Demand":1,"DemandMax":null,"Value":437},{"Length":10,"Height":26,"Demand":1,"DemandMax":null,"Value":260},{"Length":31,"Height":3,"Demand":1,"DemandMax":null,"Value":93},{"Length":22,"Height":10,"Demand":1,"DemandMax":null,"Value":220},{"Length":1,"Height":7,"Demand":1,"DemandMax":null,"Value":7},{"Length":35,"Height":2,"Demand":1,"DemandMax":null,"Value":70},{"Length":27,"Height":15,"Demand":1,"DemandMax":null,"Value":405},{"Length":30,"Height":7,"Demand":1,"DemandMax":null,"Value":210},{"Length":6,"Height":21,"Demand":1,"DemandMax":null,"Value":126},{"Length":33,"Height":6,"Demand":1,"DemandMax":null,"Value":198},{"Length":26,"Height":28,"Demand":1,"DemandMax":null,"Value":728},{"Length":14,"Height":24,"Demand":1,"DemandMax":null,"Value":336},{"Length":7,"Height":16,"Demand":1,"DemandMax":null,"Value":112},{"Length":23,"Height":32,"Demand":1,"DemandMax":null,"Value":736},{"Length":24,"Height":12,"Demand":1,"DemandMax":null,"Value":288},{"Length":18,"Height":10,"Demand":1,"DemandMax":null,"Value":180},{"Length":23,"Height":21,"Demand":1,"DemandMax":null,"Value":483},{"Length":2,"Height":20,"Demand":1,"DemandMax":null,"Value":40},{"Length":31,"Height":24,"Demand":1,"DemandMax":null,"Value":744},{"Length":25,"Height":30,"Demand":1,"DemandMax":null,"Value":750},{"Length":16,"Height":12,"Demand":1,"DemandMax":null,"Value":192},{"Length":11,"Height":22,"Demand":1,"DemandMax":null,"Value":242},{"Length":29,"Height":24,"Demand":1,"DemandMax":null,"Value":696},{"Length":32,"Height":23,"Demand":1,"DemandMax":null,"Value":736},{"Length":27,"Height":5,"Demand":1,"DemandMax":null,"Value":135},{"Length":35,"Height":1,"Demand":1,"DemandMax":null,"Value":35},{"Length":15,"Height":19,"Demand":1,"DemandMax":null,"Value":285},{"Length":11,"Height":8,"Demand":1,"DemandMax":null,"Value":88},{"Length":8,"Height":34,"Demand":1,"DemandMax":null,"Value":272},{"Length":35,"Height":35,"Demand":1,"DemandMax":null,"Value":1225},{"Length":32,"Height":30,"Demand":1,"DemandMax":null,"Value":960},{"Length":18,"Height":16,"Demand":1,"DemandMax":null,"Value":288},{"Length":23,"Height":35,"Demand":1,"DemandMax":null,"Value":805},{"Length":20,"Height":2,"Demand":1,"DemandMax":null,"Value":40},{"Length":30,"Height":17,"Demand":1,"DemandMax":null,"Value":510},{"Length":12,"Height":19,"Demand":1,"DemandMax":null,"Value":228},{"Length":10,"Height":28,"Demand":1,"DemandMax":null,"Value":280},{"Length":9,"Height":3,"Demand":1,"DemandMax":null,"Value":27},{"Length":4,"Height":24,"Demand":1,"DemandMax":null,"Value":96},{"Length":2,"Height":3,"Demand":1,"DemandMax":null,"Value":6},{"Length":25,"Height":9,"Demand":1,"DemandMax":null,"Value":225},{"Length":32,"Height":12,"Demand":1,"DemandMax":null,"Value":384}]}