{"Name":"CLASS09_060_03","Objects":[{"Length":100,"Height":100,"Stock":null,"Cost":10000}],"Items":[{"Length":68,"Height":76,"Demand":1,"DemandMax":null,"Value":5168},{"Length":99,"Height":71,"Demand":1,"DemandMax":null,"Value":7029},{"Length":99,"Height":79,"Demand":1,"DemandMax":null,"Value":7821},{"Length":86,"Height":94,"Demand":1,"DemandMax":null,"Value":8084},{"Length":56,"Height":85,"Demand":1,"DemandMax":null,"Value":4760},{"Length":77,"Height":95,"Demand":1,"DemandMax":null,"Value":7315},{"Length":93,"Height":94,"Demand":1,"DemandMax":null,"Value":8742},{"Length":71,"Height":74,"Demand":1,"DemandMax":null,"Value":5254},{"Length":56,"Height":54,"Demand":1,"DemandMax":null,"Value":3024},{"Length":68,"Height":80,"Demand":1,"DemandMax":null,"Value":5440},{"Length":99,"Height":20,"Demand":1,"DemandMax":null,"Value":1980},{"Length":18,"Height":76,"Demand":1,"DemandMax":null,"Value":1368},{"Length":68,"Height":87,"Demand":1,"DemandMax":null,"Value":5916},{"Length":70,"Height":78,"Demand":1,"DemandMax":null,"Value":5460},{"Length":77,"Height":7,"Demand":1,"DemandMax":null,"Value":539},{"Length":26,"Height":18,"Demand":1,"DemandMax":null,"Value":468},{"Length":92,"Height":80,"Demand":1,"DemandMax":null,"Value":7360},{"Length":84,"Height":87,"Demand":1,"DemandMax":null,"Value":7308},{"Length":96,"Height":56,"Demand":1,"DemandMax":null,"Value":5376},{"Length":97,"Height":33,"Demand":1,"DemandMax":null,"Value":3201},{"Length":77,"Height":85,"Demand":1,"DemandMax":null,"Value":6545},{"Length":59,"Height":56,"Demand":1,"DemandMax":null,"Value":3304},{"Length":87,"Height":67,"Demand":1,"DemandMax":null,"Value":5829},{"Length":77,"Height":59,"Demand":1,"DemandMax":null,"Value":4543},{"Length":74,"Height":51,"Demand":1,"DemandMax":null,"Value":3774},{"Length":47,"Height":39,"Demand":1,"DemandMax":null,"Value":1833},{"Length":90,"Height":90,"Demand":1,"DemandMax":null,"Value":8100},{"Length":70,"Height":97,"Demand":1,"DemandMax":null,"Value":6790},{"Length":88,"Height":31,"Demand":1,"DemandMax":null,"Value":2728},{"Length":96,"Height":83,"Demand":1,"DemandMax":null,"Value":7968},{"Length":53,"Height":74,"Demand":1,"DemandMax":null,"Value":3922},{"Length":75,"Height":97,"Demand":1,"DemandMax":null,"Value":7275},{"Length":67,"Height":21,"Demand":1,"DemandMax":null,"Value":1407},{"Length":56,"Height":88,"Demand":1,"DemandMax":null,"Value":4928},{"Length":80,"Height":69,"Demand":1,"DemandMax":null,"Value":5520},{"Length":91,"Height":57,"Demand":1,"DemandMax":null,"Value":5187},{"Length":85,"Height":72,"Demand":1,"DemandMax":null,"Value":6120},{"Length":79,"Height":55,"Demand":1,"DemandMax":null,"Value":4345},{"Length":67,"Height":77,"Demand":1,"DemandMax":null,"Value":5159},{"Length":69,"Height":81,"Demand":1,"DemandMax":null,"Value":5589},{"Length":78,"Height":85,"Demand":1,"DemandMax":null,"Value":6630},{"Length":62,"Height":84,"Demand":1,"DemandMax":null,"Value":5208},{"Length":66,"Height":97,"Demand":1,"DemandMax":null,"Value":6402},{"Length":72,"Height":16,"Demand":1,"DemandMax":null,"Value":1152},{"Length":83,"Height":60,"Demand":1,"DemandMax":null,"Value":4980},{"Length":58,"Height":75,"Demand":1,"DemandMax":null,"Value":4350},{"Length":78,"Height":77,"Demand":1,"DemandMax":null,"Value":6006},{"Length":60,"Height":61,"Demand":1,"DemandMax":null,"Value":3660},{"Length":50,"Height":97,"Demand":1,"DemandMax":null,"Value":4850},{"Length":16,"Height":84,"Demand":1,"DemandMax":null,"Value":1344},{"Length":50,"Height":70,"Demand":1,"DemandMax":null,"Value":3500},{"Length":73,"Height":70,"Demand":1,"DemandMax":null,"Value":5110},{"Length":79,"Height":96,"Demand":1,"DemandMax":null,"Value":7584},{"Length":35,"Height":94,"Demand":1,"DemandMax":null,"Value":3290},{"Length":85,"Height":74,"Demand":1,"DemandMax":null,"Value":6290},{"Length":99,"Height":90,"Demand":1,"DemandMax":null,"Value":8910},{"Length":19,"Height":69,"Demand":1,"DemandMax":null,"Value":1311},{"Length":65,"Height":66,"Demand":1,"DemandMax":null,"Value":4290},{"Length":81,"Height":90,"Demand":1,"DemandMax":null,"Value":7290},{"Length":90,"Height":21,"Demand":1,"DemandMax":null,"Value":1890}]}