{"Name":"CLASS07_060_07","Objects":[{"Length":100,"Height":100,"Stock":null,"Cost":10000}],"Items":[{"Length":11,"Height":80,"Demand":1,"DemandMax":null,"Value":880},{"Length":23,"Height":79,"Demand":1,"DemandMax":null,"Value":1817},{"Length":35,"Height":39,"Demand":1,"DemandMax":null,"Value":1365},{"Length":95,"Height":46,"Demand":1,"DemandMax":null,"Value":4370},{"Length":74,"Height":35,"Demand":1,"DemandMax":null,"Value":2590},{"Length":94,"Height":25,"Demand":1,"DemandMax":null,"Value":2350},{"Length":96,"Height":9,"Demand":1,"DemandMax":null,"Value":864},{"Length":77,"Height":6,"Demand":1,"DemandMax":null,"Value":462},{"Length":27,"Height":73,"Demand":1,"DemandMax":null,"Value":1971},{"Length":79,"Height":41,"Demand":1,"DemandMax":null,"Value":3239},{"Length":75,"Height":41,"Demand":1,"DemandMax":null,"Value":3075},{"Length":66,"Height":28,"Demand":1,"DemandMax":null,"Value":1848},{"Length":67,"Height":48,"Demand":1,"DemandMax":null,"Value":3216},{"Length":73,"Height":19,"Demand":1,"DemandMax":null,"Value":1387},{"Length":97,"Height":34,"Demand":1,"DemandMax":null,"Value":3298},{"Length":99,"Height":12,"Demand":1,"DemandMax":null,"Value":1188},{"Length":94,"Height":47,"Demand":1,"DemandMax":null,"Value":4418},{"Length":14,"Height":71,"Demand":1,"DemandMax":null,"Value":994},{"Length":92,"Height":39,"Demand":1,"DemandMax":null,"Value":3588},{"Length":8,"Height":70,"Demand":1,"DemandMax":null,"Value":560},{"Length":90,"Height":57,"Demand":1,"DemandMax":null,"Value":5130},{"Length":86,"Height":9,"Demand":1,"DemandMax":null,"Value":774},{"Length":96,"Height":5,"Demand":1,"DemandMax":null,"Value":480},{"Length":85,"Height":14,"Demand":1,"DemandMax":null,"Value":1190},{"Length":66,"Height":31,"Demand":1,"DemandMax":null,"Value":2046},{"Length":69,"Height":22,"Demand":1,"DemandMax":null,"Value":1518},{"Length":73,"Height":34,"Demand":1,"DemandMax":null,"Value":2482},{"Length":72,"Height":33,"Demand":1,"DemandMax":null,"Value":2376},{"Length":82,"Height":15,"Demand":1,"DemandMax":null,"Value":1230},{"Length":96,"Height":47,"Demand":1,"DemandMax":null,"Value":4512},{"Length":92,"Height":24,"Demand":1,"DemandMax":null,"Value":2208},{"Length":68,"Height":13,"Demand":1,"DemandMax":null,"Value":884},{"Length":70,"Height":10,"Demand":1,"DemandMax":null,"Value":700},{"Length":95,"Height":33,"Demand":1,"DemandMax":null,"Value":3135},{"Length":86,"Height":25,"Demand":1,"DemandMax":null,"Value":2150},{"Length":10,"Height":5,"Demand":1,"DemandMax":null,"Value":50},{"Length":68,"Height":18,"Demand":1,"DemandMax":null,"Value":1224},{"Length":68,"Height":31,"Demand":1,"DemandMax":null,"Value":2108},{"Length":87,"Height":38,"Demand":1,"DemandMax":null,"Value":3306},{"Length":84,"Height":9,"Demand":1,"DemandMax":null,"Value":756},{"Length":11,"Height":91,"Demand":1,"DemandMax":null,"Value":1001},{"Length":27,"Height":93,"Demand":1,"DemandMax":null,"Value":2511},{"Length":96,"Height":13,"Demand":1,"DemandMax":null,"Value":1248},{"Length":69,"Height":24,"Demand":1,"DemandMax":null,"Value":1656},{"Length":86,"Height":18,"Demand":1,"DemandMax":null,"Value":1548},{"Length":12,"Height":73,"Demand":1,"DemandMax":null,"Value":876},{"Length":69,"Height":100,"Demand":1,"DemandMax":null,"Value":6900},{"Length":97,"Height":1,"Demand":1,"DemandMax":null,"Value":97},{"Length":73,"Height":10,"Demand":1,"DemandMax":null,"Value":730},{"Length":8,"Height":44,"Demand":1,"DemandMax":null,"Value":352},{"Length":55,"Height":98,"Demand":1,"DemandMax":null,"Value":5390},{"Length":48,"Height":40,"Demand":1,"DemandMax":null,"Value":1920},{"Length":68,"Height":14,"Demand":1,"DemandMax":null,"Value":952},{"Length":76,"Height":39,"Demand":1,"DemandMax":null,"Value":2964},{"Length":68,"Height":8,"Demand":1,"DemandMax":null,"Value":544},{"Length":74,"Height":40,"Demand":1,"DemandMax":null,"Value":2960},{"Length":57,"Height":79,"Demand":1,"DemandMax":null,"Value":4503},{"Length":90,"Height":45,"Demand":1,"DemandMax":null,"Value":4050},{"Length":75,"Height":30,"Demand":1,"DemandMax":null,"Value":2250},{"Length":91,"Height":2,"Demand":1,"DemandMax":null,"Value":182}]}