{"Name":"CLASS10_100_09","Objects":[{"Length":100,"Height":100,"Stock":null,"Cost":10000}],"Items":[{"Length":1,"Height":22,"Demand":1,"DemandMax":null,"Value":22},{"Length":57,"Height":86,"Demand":1,"DemandMax":null,"Value":4902},{"Length":3,"Height":8,"Demand":2,"DemandMax":null,"Value":24},{"Length":30,"Height":6,"Demand":2,"DemandMax":null,"Value":180},{"Length":56,"Height":72,"Demand":1,"DemandMax":null,"Value":4032},{"Length":79,"Height":77,"Demand":1,"DemandMax":null,"Value":6083},{"Length":14,"Height":15,"Demand":1,"DemandMax":null,"Value":210},{"Length":6,"Height":2,"Demand":1,"DemandMax":null,"Value":12},{"Length":74,"Height":84,"Demand":1,"DemandMax":null,"Value":6216},{"Length":12,"Height":30,"Demand":1,"DemandMax":null,"Value":360},{"Length":37,"Height":33,"Demand":1,"DemandMax":null,"Value":1221},{"Length":97,"Height":11,"Demand":1,"DemandMax":null,"Value":1067},{"Length":69,"Height":44,"Demand":1,"DemandMax":null,"Value":3036},{"Length":22,"Height":74,"Demand":1,"DemandMax":null,"Value":1628},{"Length":45,"Height":31,"Demand":1,"DemandMax":null,"Value":1395},{"Length":44,"Height":44,"Demand":1,"DemandMax":null,"Value":1936},{"Length":12,"Height":20,"Demand":1,"DemandMax":null,"Value":240},{"Length":19,"Height":4,"Demand":1,"DemandMax":null,"Value":76},{"Length":7,"Height":13,"Demand":1,"DemandMax":null,"Value":91},{"Length":46,"Height":41,"Demand":1,"DemandMax":null,"Value":1886},{"Length":30,"Height":8,"Demand":1,"DemandMax":null,"Value":240},{"Length":27,"Height":7,"Demand":1,"DemandMax":null,"Value":189},{"Length":10,"Height":50,"Demand":1,"DemandMax":null,"Value":500},{"Length":9,"Height":7,"Demand":1,"DemandMax":null,"Value":63},{"Length":46,"Height":21,"Demand":1,"DemandMax":null,"Value":966},{"Length":16,"Height":11,"Demand":1,"DemandMax":null,"Value":176},{"Length":36,"Height":20,"Demand":1,"DemandMax":null,"Value":720},{"Length":50,"Height":18,"Demand":1,"DemandMax":null,"Value":900},{"Length":28,"Height":47,"Demand":1,"DemandMax":null,"Value":1316},{"Length":13,"Height":28,"Demand":1,"DemandMax":null,"Value":364},{"Length":23,"Height":3,"Demand":1,"DemandMax":null,"Value":69},{"Length":3,"Height":93,"Demand":1,"DemandMax":null,"Value":279},{"Length":70,"Height":85,"Demand":1,"DemandMax":null,"Value":5950},{"Length":21,"Height":6,"Demand":1,"DemandMax":null,"Value":126},{"Length":22,"Height":46,"Demand":1,"DemandMax":null,"Value":1012},{"Length":77,"Height":25,"Demand":1,"DemandMax":null,"Value":1925},{"Length":26,"Height":35,"Demand":1,"DemandMax":null,"Value":910},{"Length":41,"Height":46,"Demand":1,"DemandMax":null,"Value":1886},{"Length":33,"Height":2,"Demand":1,"DemandMax":null,"Value":66},{"Length":43,"Height":80,"Demand":1,"DemandMax":null,"Value":3440},{"Length":42,"Height":46,"Demand":1,"DemandMax":null,"Value":1932},{"Length":23,"Height":48,"Demand":1,"DemandMax":null,"Value":1104},{"Length":5,"Height":19,"Demand":1,"DemandMax":null,"Value":95},{"Length":31,"Height":28,"Demand":1,"DemandMax":null,"Value":868},{"Length":20,"Height":79,"Demand":1,"DemandMax":null,"Value":1580},{"Length":77,"Height":11,"Demand":1,"DemandMax":null,"Value":847},{"Length":39,"Height":48,"Demand":1,"DemandMax":null,"Value":1872},{"Length":30,"Height":98,"Demand":1,"DemandMax":null,"Value":2940},{"Length":10,"Height":4,"Demand":1,"DemandMax":null,"Value":40},{"Length":22,"Height":36,"Demand":1,"DemandMax":null,"Value":792},{"Length":34,"Height":38,"Demand":1,"DemandMax":null,"Value":1292},{"Length":94,"Height":28,"Demand":1,"DemandMax":null,"Value":2632},{"Length":61,"Height":100,"Demand":1,"DemandMax":null,"Value":6100},{"Length":39,"Height":23,"Demand":1,"DemandMax":null,"Value":897},{"Length":42,"Height":93,"Demand":1,"DemandMax":null,"Value":3906},{"Length":14,"Height":80,"Demand":1,"DemandMax":null,"Value":1120},{"Length":25,"Height":71,"Demand":1,"DemandMax":null,"Value":1775},{"Length":17,"Height":21,"Demand":1,"DemandMax":null,"Value":357},{"Length":11,"Height":68,"Demand":1,"DemandMax":null,"Value":748},{"Length":48,"Height":25,"Demand":1,"DemandMax":null,"Value":1200},{"Length":99,"Height":77,"Demand":1,"DemandMax":null,"Value":7623},{"Length":7,"Height":32,"Demand":1,"DemandMax":null,"Value":224},{"Length":41,"Height":30,"Demand":1,"DemandMax":null,"Value":1230},{"Length":44,"Height":41,"Demand":1,"DemandMax":null,"Value":1804},{"Length":36,"Height":9,"Demand":1,"DemandMax":null,"Value":324},{"Length":72,"Height":3,"Demand":1,"DemandMax":null,"Value":216},{"Length":33,"Height":17,"Demand":1,"DemandMax":null,"Value":561},{"Length":2,"Height":18,"Demand":1,"DemandMax":null,"Value":36},{"Length":34,"Height":67,"Demand":1,"DemandMax":null,"Value":2278},{"Length":23,"Height":37,"Demand":1,"DemandMax":null,"Value":851},{"Length":37,"Height":16,"Demand":1,"DemandMax":null,"Value":592},{"Length":21,"Height":8,"Demand":1,"DemandMax":null,"Value":168},{"Length":96,"Height":7,"Demand":1,"DemandMax":null,"Value":672},{"Length":48,"Height":87,"Demand":1,"DemandMax":null,"Value":4176},{"Length":3,"Height":26,"Demand":1,"DemandMax":null,"Value":78},{"Length":67,"Height":9,"Demand":1,"DemandMax":null,"Value":603},{"Length":76,"Height":23,"Demand":1,"DemandMax":null,"Value":1748},{"Length":35,"Height":38,"Demand":1,"DemandMax":null,"Value":1330},{"Length":30,"Height":48,"Demand":1,"DemandMax":null,"Value":1440},{"Length":45,"Height":21,"Demand":1,"DemandMax":null,"Value":945},{"Length":48,"Height":1,"Demand":1,"DemandMax":null,"Value":48},{"Length":89,"Height":7,"Demand":1,"DemandMax":null,"Value":623},{"Length":79,"Height":32,"Demand":1,"DemandMax":null,"Value":2528},{"Length":99,"Height":95,"Demand":1,"DemandMax":null,"Value":9405},{"Length":43,"Height":41,"Demand":1,"DemandMax":null,"Value":1763},{"Length":44,"Height":37,"Demand":1,"DemandMax":null,"Value":1628},{"Length":20,"Height":27,"Demand":1,"DemandMax":null,"Value":540},{"Length":16,"Height":87,"Demand":1,"DemandMax":null,"Value":1392},{"Length":49,"Height":42,"Demand":1,"DemandMax":null,"Value":2058},{"Length":15,"Height":29,"Demand":1,"DemandMax":null,"Value":435},{"Length":32,"Height":35,"Demand":1,"DemandMax":null,"Value":1120},{"Length":43,"Height":29,"Demand":1,"DemandMax":null,"Value":1247},{"Length":18,"Height":5,"Demand":1,"DemandMax":null,"Value":90},{"Length":99,"Height":82,"Demand":1,"DemandMax":null,"Value":8118},{"Length":6,"Height":3,"Demand":1,"DemandMax":null,"Value":18},{"Length":33,"Height":38,"Demand":1,"DemandMax":null,"Value":1254},{"Length":47,"Height":30,"Demand":1,"DemandMax":null,"Value":1410},{"Length":44,"Height":47,"Demand":1,"DemandMax":null,"Value":2068}]}