{"Name":"CLASS09_040_10","Objects":[{"Length":100,"Height":100,"Stock":null,"Cost":10000}],"Items":[{"Length":67,"Height":86,"Demand":1,"DemandMax":null,"Value":5762},{"Length":68,"Height":76,"Demand":1,"DemandMax":null,"Value":5168},{"Length":63,"Height":54,"Demand":1,"DemandMax":null,"Value":3402},{"Length":72,"Height":64,"Demand":1,"DemandMax":null,"Value":4608},{"Length":87,"Height":75,"Demand":1,"DemandMax":null,"Value":6525},{"Length":78,"Height":81,"Demand":1,"DemandMax":null,"Value":6318},{"Length":89,"Height":100,"Demand":1,"DemandMax":null,"Value":8900},{"Length":88,"Height":76,"Demand":1,"DemandMax":null,"Value":6688},{"Length":69,"Height":77,"Demand":1,"DemandMax":null,"Value":5313},{"Length":50,"Height":99,"Demand":1,"DemandMax":null,"Value":4950},{"Length":77,"Height":57,"Demand":1,"DemandMax":null,"Value":4389},{"Length":66,"Height":99,"Demand":1,"DemandMax":null,"Value":6534},{"Length":62,"Height":91,"Demand":1,"DemandMax":null,"Value":5642},{"Length":90,"Height":27,"Demand":1,"DemandMax":null,"Value":2430},{"Length":76,"Height":77,"Demand":1,"DemandMax":null,"Value":5852},{"Length":56,"Height":83,"Demand":1,"DemandMax":null,"Value":4648},{"Length":78,"Height":16,"Demand":1,"DemandMax":null,"Value":1248},{"Length":80,"Height":67,"Demand":1,"DemandMax":null,"Value":5360},{"Length":87,"Height":57,"Demand":1,"DemandMax":null,"Value":4959},{"Length":57,"Height":80,"Demand":1,"DemandMax":null,"Value":4560},{"Length":90,"Height":3,"Demand":1,"DemandMax":null,"Value":270},{"Length":88,"Height":69,"Demand":1,"DemandMax":null,"Value":6072},{"Length":60,"Height":50,"Demand":1,"DemandMax":null,"Value":3000},{"Length":70,"Height":88,"Demand":1,"DemandMax":null,"Value":6160},{"Length":63,"Height":50,"Demand":1,"DemandMax":null,"Value":3150},{"Length":56,"Height":84,"Demand":1,"DemandMax":null,"Value":4704},{"Length":95,"Height":54,"Demand":1,"DemandMax":null,"Value":5130},{"Length":96,"Height":57,"Demand":1,"DemandMax":null,"Value":5472},{"Length":53,"Height":60,"Demand":1,"DemandMax":null,"Value":3180},{"Length":87,"Height":59,"Demand":1,"DemandMax":null,"Value":5133},{"Length":91,"Height":70,"Demand":1,"DemandMax":null,"Value":6370},{"Length":82,"Height":89,"Demand":1,"DemandMax":null,"Value":7298},{"Length":55,"Height":83,"Demand":1,"DemandMax":null,"Value":4565},{"Length":30,"Height":98,"Demand":1,"DemandMax":null,"Value":2940},{"Length":99,"Height":48,"Demand":1,"DemandMax":null,"Value":4752},{"Length":80,"Height":82,"Demand":1,"DemandMax":null,"Value":6560},{"Length":69,"Height":66,"Demand":1,"DemandMax":null,"Value":4554},{"Length":83,"Height":95,"Demand":1,"DemandMax":null,"Value":7885},{"Length":78,"Height":37,"Demand":1,"DemandMax":null,"Value":2886},{"Length":90,"Height":86,"Demand":1,"DemandMax":null,"Value":7740}]}