{"Name":"CLASS10_060_03","Objects":[{"Length":100,"Height":100,"Stock":null,"Cost":10000}],"Items":[{"Length":18,"Height":27,"Demand":1,"DemandMax":null,"Value":486},{"Length":99,"Height":71,"Demand":1,"DemandMax":null,"Value":7029},{"Length":49,"Height":30,"Demand":1,"DemandMax":null,"Value":1470},{"Length":37,"Height":45,"Demand":1,"DemandMax":null,"Value":1665},{"Length":7,"Height":35,"Demand":1,"DemandMax":null,"Value":245},{"Length":28,"Height":45,"Demand":1,"DemandMax":null,"Value":1260},{"Length":93,"Height":94,"Demand":1,"DemandMax":null,"Value":8742},{"Length":21,"Height":24,"Demand":1,"DemandMax":null,"Value":504},{"Length":7,"Height":5,"Demand":1,"DemandMax":null,"Value":35},{"Length":18,"Height":31,"Demand":1,"DemandMax":null,"Value":558},{"Length":99,"Height":20,"Demand":1,"DemandMax":null,"Value":1980},{"Length":18,"Height":76,"Demand":1,"DemandMax":null,"Value":1368},{"Length":68,"Height":87,"Demand":1,"DemandMax":null,"Value":5916},{"Length":21,"Height":28,"Demand":1,"DemandMax":null,"Value":588},{"Length":77,"Height":7,"Demand":1,"DemandMax":null,"Value":539},{"Length":26,"Height":18,"Demand":1,"DemandMax":null,"Value":468},{"Length":42,"Height":30,"Demand":1,"DemandMax":null,"Value":1260},{"Length":34,"Height":37,"Demand":1,"DemandMax":null,"Value":1258},{"Length":96,"Height":56,"Demand":1,"DemandMax":null,"Value":5376},{"Length":97,"Height":33,"Demand":1,"DemandMax":null,"Value":3201},{"Length":28,"Height":35,"Demand":1,"DemandMax":null,"Value":980},{"Length":10,"Height":7,"Demand":1,"DemandMax":null,"Value":70},{"Length":37,"Height":17,"Demand":1,"DemandMax":null,"Value":629},{"Length":77,"Height":59,"Demand":1,"DemandMax":null,"Value":4543},{"Length":74,"Height":51,"Demand":1,"DemandMax":null,"Value":3774},{"Length":47,"Height":39,"Demand":1,"DemandMax":null,"Value":1833},{"Length":40,"Height":40,"Demand":1,"DemandMax":null,"Value":1600},{"Length":20,"Height":47,"Demand":1,"DemandMax":null,"Value":940},{"Length":88,"Height":31,"Demand":1,"DemandMax":null,"Value":2728},{"Length":46,"Height":33,"Demand":1,"DemandMax":null,"Value":1518},{"Length":53,"Height":74,"Demand":1,"DemandMax":null,"Value":3922},{"Length":25,"Height":47,"Demand":1,"DemandMax":null,"Value":1175},{"Length":67,"Height":21,"Demand":1,"DemandMax":null,"Value":1407},{"Length":7,"Height":39,"Demand":1,"DemandMax":null,"Value":273},{"Length":30,"Height":20,"Demand":1,"DemandMax":null,"Value":600},{"Length":42,"Height":8,"Demand":1,"DemandMax":null,"Value":336},{"Length":35,"Height":22,"Demand":1,"DemandMax":null,"Value":770},{"Length":29,"Height":6,"Demand":1,"DemandMax":null,"Value":174},{"Length":18,"Height":28,"Demand":1,"DemandMax":null,"Value":504},{"Length":20,"Height":31,"Demand":1,"DemandMax":null,"Value":620},{"Length":29,"Height":36,"Demand":1,"DemandMax":null,"Value":1044},{"Length":13,"Height":35,"Demand":1,"DemandMax":null,"Value":455},{"Length":17,"Height":47,"Demand":1,"DemandMax":null,"Value":799},{"Length":72,"Height":16,"Demand":1,"DemandMax":null,"Value":1152},{"Length":34,"Height":11,"Demand":1,"DemandMax":null,"Value":374},{"Length":9,"Height":25,"Demand":1,"DemandMax":null,"Value":225},{"Length":78,"Height":77,"Demand":1,"DemandMax":null,"Value":6006},{"Length":11,"Height":12,"Demand":1,"DemandMax":null,"Value":132},{"Length":1,"Height":47,"Demand":1,"DemandMax":null,"Value":47},{"Length":16,"Height":84,"Demand":1,"DemandMax":null,"Value":1344},{"Length":1,"Height":20,"Demand":1,"DemandMax":null,"Value":20},{"Length":24,"Height":20,"Demand":1,"DemandMax":null,"Value":480},{"Length":29,"Height":46,"Demand":1,"DemandMax":null,"Value":1334},{"Length":35,"Height":94,"Demand":1,"DemandMax":null,"Value":3290},{"Length":35,"Height":24,"Demand":1,"DemandMax":null,"Value":840},{"Length":49,"Height":40,"Demand":1,"DemandMax":null,"Value":1960},{"Length":19,"Height":69,"Demand":1,"DemandMax":null,"Value":1311},{"Length":16,"Height":16,"Demand":1,"DemandMax":null,"Value":256},{"Length":81,"Height":90,"Demand":1,"DemandMax":null,"Value":7290},{"Length":90,"Height":21,"Demand":1,"DemandMax":null,"Value":1890}]}