{"Name":"CLASS09_040_06","Objects":[{"Length":100,"Height":100,"Stock":null,"Cost":10000}],"Items":[{"Length":50,"Height":62,"Demand":1,"DemandMax":null,"Value":3100},{"Length":74,"Height":83,"Demand":1,"DemandMax":null,"Value":6142},{"Length":66,"Height":66,"Demand":1,"DemandMax":null,"Value":4356},{"Length":98,"Height":7,"Demand":1,"DemandMax":null,"Value":686},{"Length":58,"Height":73,"Demand":1,"DemandMax":null,"Value":4234},{"Length":71,"Height":58,"Demand":1,"DemandMax":null,"Value":4118},{"Length":79,"Height":83,"Demand":1,"DemandMax":null,"Value":6557},{"Length":100,"Height":39,"Demand":1,"DemandMax":null,"Value":3900},{"Length":85,"Height":45,"Demand":1,"DemandMax":null,"Value":3825},{"Length":81,"Height":97,"Demand":1,"DemandMax":null,"Value":7857},{"Length":68,"Height":11,"Demand":1,"DemandMax":null,"Value":748},{"Length":65,"Height":82,"Demand":1,"DemandMax":null,"Value":5330},{"Length":58,"Height":79,"Demand":1,"DemandMax":null,"Value":4582},{"Length":67,"Height":46,"Demand":1,"DemandMax":null,"Value":3082},{"Length":91,"Height":50,"Demand":1,"DemandMax":null,"Value":4550},{"Length":92,"Height":87,"Demand":1,"DemandMax":null,"Value":8004},{"Length":50,"Height":75,"Demand":1,"DemandMax":null,"Value":3750},{"Length":85,"Height":56,"Demand":1,"DemandMax":null,"Value":4760},{"Length":89,"Height":51,"Demand":1,"DemandMax":null,"Value":4539},{"Length":81,"Height":53,"Demand":1,"DemandMax":null,"Value":4293},{"Length":54,"Height":82,"Demand":1,"DemandMax":null,"Value":4428},{"Length":80,"Height":79,"Demand":1,"DemandMax":null,"Value":6320},{"Length":99,"Height":65,"Demand":1,"DemandMax":null,"Value":6435},{"Length":81,"Height":83,"Demand":1,"DemandMax":null,"Value":6723},{"Length":70,"Height":50,"Demand":1,"DemandMax":null,"Value":3500},{"Length":86,"Height":63,"Demand":1,"DemandMax":null,"Value":5418},{"Length":21,"Height":93,"Demand":1,"DemandMax":null,"Value":1953},{"Length":93,"Height":73,"Demand":1,"DemandMax":null,"Value":6789},{"Length":98,"Height":81,"Demand":1,"DemandMax":null,"Value":7938},{"Length":4,"Height":10,"Demand":1,"DemandMax":null,"Value":40},{"Length":53,"Height":76,"Demand":1,"DemandMax":null,"Value":4028},{"Length":67,"Height":74,"Demand":1,"DemandMax":null,"Value":4958},{"Length":37,"Height":24,"Demand":1,"DemandMax":null,"Value":888},{"Length":83,"Height":67,"Demand":1,"DemandMax":null,"Value":5561},{"Length":99,"Height":74,"Demand":1,"DemandMax":null,"Value":7326},{"Length":52,"Height":88,"Demand":1,"DemandMax":null,"Value":4576},{"Length":38,"Height":28,"Demand":1,"DemandMax":null,"Value":1064},{"Length":74,"Height":87,"Demand":1,"DemandMax":null,"Value":6438},{"Length":55,"Height":84,"Demand":1,"DemandMax":null,"Value":4620},{"Length":100,"Height":63,"Demand":1,"DemandMax":null,"Value":6300}]}