{"Name":"CLASS08_100_10","Objects":[{"Length":100,"Height":100,"Stock":null,"Cost":10000}],"Items":[{"Length":12,"Height":96,"Demand":1,"DemandMax":null,"Value":1152},{"Length":46,"Height":69,"Demand":2,"DemandMax":null,"Value":3174},{"Length":12,"Height":94,"Demand":1,"DemandMax":null,"Value":1128},{"Length":28,"Height":98,"Demand":1,"DemandMax":null,"Value":2744},{"Length":39,"Height":42,"Demand":1,"DemandMax":null,"Value":1638},{"Length":14,"Height":78,"Demand":1,"DemandMax":null,"Value":1092},{"Length":95,"Height":95,"Demand":1,"DemandMax":null,"Value":9025},{"Length":2,"Height":76,"Demand":1,"DemandMax":null,"Value":152},{"Length":29,"Height":66,"Demand":1,"DemandMax":null,"Value":1914},{"Length":43,"Height":95,"Demand":2,"DemandMax":null,"Value":4085},{"Length":40,"Height":72,"Demand":1,"DemandMax":null,"Value":2880},{"Length":38,"Height":98,"Demand":1,"DemandMax":null,"Value":3724},{"Length":86,"Height":22,"Demand":1,"DemandMax":null,"Value":1892},{"Length":85,"Height":78,"Demand":1,"DemandMax":null,"Value":6630},{"Length":47,"Height":91,"Demand":1,"DemandMax":null,"Value":4277},{"Length":35,"Height":92,"Demand":1,"DemandMax":null,"Value":3220},{"Length":92,"Height":53,"Demand":1,"DemandMax":null,"Value":4876},{"Length":38,"Height":84,"Demand":1,"DemandMax":null,"Value":3192},{"Length":16,"Height":83,"Demand":1,"DemandMax":null,"Value":1328},{"Length":96,"Height":43,"Demand":1,"DemandMax":null,"Value":4128},{"Length":17,"Height":48,"Demand":1,"DemandMax":null,"Value":816},{"Length":3,"Height":91,"Demand":1,"DemandMax":null,"Value":273},{"Length":46,"Height":83,"Demand":1,"DemandMax":null,"Value":3818},{"Length":75,"Height":8,"Demand":1,"DemandMax":null,"Value":600},{"Length":3,"Height":68,"Demand":1,"DemandMax":null,"Value":204},{"Length":29,"Height":70,"Demand":1,"DemandMax":null,"Value":2030},{"Length":87,"Height":86,"Demand":1,"DemandMax":null,"Value":7482},{"Length":47,"Height":90,"Demand":1,"DemandMax":null,"Value":4230},{"Length":50,"Height":22,"Demand":1,"DemandMax":null,"Value":1100},{"Length":77,"Height":41,"Demand":1,"DemandMax":null,"Value":3157},{"Length":41,"Height":72,"Demand":1,"DemandMax":null,"Value":2952},{"Length":91,"Height":73,"Demand":1,"DemandMax":null,"Value":6643},{"Length":10,"Height":66,"Demand":1,"DemandMax":null,"Value":660},{"Length":17,"Height":90,"Demand":1,"DemandMax":null,"Value":1530},{"Length":6,"Height":97,"Demand":1,"DemandMax":null,"Value":582},{"Length":46,"Height":82,"Demand":1,"DemandMax":null,"Value":3772},{"Length":31,"Height":95,"Demand":2,"DemandMax":null,"Value":2945},{"Length":29,"Height":94,"Demand":1,"DemandMax":null,"Value":2726},{"Length":33,"Height":94,"Demand":1,"DemandMax":null,"Value":3102},{"Length":14,"Height":91,"Demand":1,"DemandMax":null,"Value":1274},{"Length":75,"Height":45,"Demand":1,"DemandMax":null,"Value":3375},{"Length":2,"Height":72,"Demand":1,"DemandMax":null,"Value":144},{"Length":80,"Height":50,"Demand":1,"DemandMax":null,"Value":4000},{"Length":43,"Height":72,"Demand":1,"DemandMax":null,"Value":3096},{"Length":8,"Height":71,"Demand":1,"DemandMax":null,"Value":568},{"Length":36,"Height":39,"Demand":1,"DemandMax":null,"Value":1404},{"Length":22,"Height":79,"Demand":1,"DemandMax":null,"Value":1738},{"Length":33,"Height":97,"Demand":1,"DemandMax":null,"Value":3201},{"Length":14,"Height":89,"Demand":1,"DemandMax":null,"Value":1246},{"Length":33,"Height":86,"Demand":1,"DemandMax":null,"Value":2838},{"Length":34,"Height":67,"Demand":1,"DemandMax":null,"Value":2278},{"Length":85,"Height":93,"Demand":1,"DemandMax":null,"Value":7905},{"Length":32,"Height":81,"Demand":1,"DemandMax":null,"Value":2592},{"Length":41,"Height":89,"Demand":1,"DemandMax":null,"Value":3649},{"Length":7,"Height":97,"Demand":1,"DemandMax":null,"Value":679},{"Length":49,"Height":66,"Demand":1,"DemandMax":null,"Value":3234},{"Length":11,"Height":80,"Demand":1,"DemandMax":null,"Value":880},{"Length":11,"Height":99,"Demand":1,"DemandMax":null,"Value":1089},{"Length":43,"Height":50,"Demand":1,"DemandMax":null,"Value":2150},{"Length":25,"Height":22,"Demand":1,"DemandMax":null,"Value":550},{"Length":2,"Height":32,"Demand":1,"DemandMax":null,"Value":64},{"Length":42,"Height":82,"Demand":1,"DemandMax":null,"Value":3444},{"Length":39,"Height":77,"Demand":1,"DemandMax":null,"Value":3003},{"Length":12,"Height":68,"Demand":1,"DemandMax":null,"Value":816},{"Length":5,"Height":69,"Demand":1,"DemandMax":null,"Value":345},{"Length":90,"Height":12,"Demand":1,"DemandMax":null,"Value":1080},{"Length":48,"Height":97,"Demand":1,"DemandMax":null,"Value":4656},{"Length":60,"Height":98,"Demand":1,"DemandMax":null,"Value":5880},{"Length":19,"Height":93,"Demand":1,"DemandMax":null,"Value":1767},{"Length":40,"Height":74,"Demand":1,"DemandMax":null,"Value":2960},{"Length":18,"Height":90,"Demand":1,"DemandMax":null,"Value":1620},{"Length":22,"Height":68,"Demand":1,"DemandMax":null,"Value":1496},{"Length":45,"Height":90,"Demand":1,"DemandMax":null,"Value":4050},{"Length":7,"Height":81,"Demand":1,"DemandMax":null,"Value":567},{"Length":50,"Height":91,"Demand":1,"DemandMax":null,"Value":4550},{"Length":94,"Height":70,"Demand":1,"DemandMax":null,"Value":6580},{"Length":33,"Height":95,"Demand":1,"DemandMax":null,"Value":3135},{"Length":35,"Height":46,"Demand":1,"DemandMax":null,"Value":1610},{"Length":44,"Height":66,"Demand":1,"DemandMax":null,"Value":2904},{"Length":28,"Height":100,"Demand":1,"DemandMax":null,"Value":2800},{"Length":32,"Height":73,"Demand":1,"DemandMax":null,"Value":2336},{"Length":24,"Height":87,"Demand":1,"DemandMax":null,"Value":2088},{"Length":99,"Height":75,"Demand":1,"DemandMax":null,"Value":7425},{"Length":24,"Height":93,"Demand":1,"DemandMax":null,"Value":2232},{"Length":83,"Height":27,"Demand":1,"DemandMax":null,"Value":2241},{"Length":65,"Height":62,"Demand":1,"DemandMax":null,"Value":4030},{"Length":16,"Height":90,"Demand":1,"DemandMax":null,"Value":1440},{"Length":89,"Height":85,"Demand":1,"DemandMax":null,"Value":7565},{"Length":96,"Height":11,"Demand":1,"DemandMax":null,"Value":1056},{"Length":50,"Height":69,"Demand":1,"DemandMax":null,"Value":3450},{"Length":50,"Height":39,"Demand":1,"DemandMax":null,"Value":1950},{"Length":75,"Height":5,"Demand":1,"DemandMax":null,"Value":375},{"Length":34,"Height":80,"Demand":1,"DemandMax":null,"Value":2720},{"Length":31,"Height":87,"Demand":1,"DemandMax":null,"Value":2697},{"Length":50,"Height":90,"Demand":1,"DemandMax":null,"Value":4500},{"Length":36,"Height":95,"Demand":1,"DemandMax":null,"Value":3420},{"Length":23,"Height":78,"Demand":1,"DemandMax":null,"Value":1794}]}