{"Name":"CLASS09_060_01","Objects":[{"Length":100,"Height":100,"Stock":null,"Cost":10000}],"Items":[{"Length":78,"Height":82,"Demand":1,"DemandMax":null,"Value":6396},{"Length":25,"Height":26,"Demand":1,"DemandMax":null,"Value":650},{"Length":40,"Height":88,"Demand":1,"DemandMax":null,"Value":3520},{"Length":94,"Height":96,"Demand":1,"DemandMax":null,"Value":9024},{"Length":79,"Height":86,"Demand":1,"DemandMax":null,"Value":6794},{"Length":65,"Height":95,"Demand":1,"DemandMax":null,"Value":6175},{"Length":96,"Height":92,"Demand":1,"DemandMax":null,"Value":8832},{"Length":90,"Height":71,"Demand":1,"DemandMax":null,"Value":6390},{"Length":92,"Height":50,"Demand":1,"DemandMax":null,"Value":4600},{"Length":68,"Height":75,"Demand":1,"DemandMax":null,"Value":5100},{"Length":64,"Height":63,"Demand":1,"DemandMax":null,"Value":4032},{"Length":99,"Height":57,"Demand":1,"DemandMax":null,"Value":5643},{"Length":76,"Height":29,"Demand":1,"DemandMax":null,"Value":2204},{"Length":88,"Height":19,"Demand":1,"DemandMax":null,"Value":1672},{"Length":45,"Height":98,"Demand":1,"DemandMax":null,"Value":4410},{"Length":69,"Height":56,"Demand":1,"DemandMax":null,"Value":3864},{"Length":51,"Height":67,"Demand":1,"DemandMax":null,"Value":3417},{"Length":58,"Height":72,"Demand":1,"DemandMax":null,"Value":4176},{"Length":36,"Height":42,"Demand":1,"DemandMax":null,"Value":1512},{"Length":51,"Height":66,"Demand":1,"DemandMax":null,"Value":3366},{"Length":99,"Height":68,"Demand":1,"DemandMax":null,"Value":6732},{"Length":97,"Height":89,"Demand":1,"DemandMax":null,"Value":8633},{"Length":40,"Height":48,"Demand":1,"DemandMax":null,"Value":1920},{"Length":45,"Height":92,"Demand":1,"DemandMax":null,"Value":4140},{"Length":57,"Height":80,"Demand":1,"DemandMax":null,"Value":4560},{"Length":96,"Height":66,"Demand":1,"DemandMax":null,"Value":6336},{"Length":54,"Height":65,"Demand":1,"DemandMax":null,"Value":3510},{"Length":50,"Height":72,"Demand":1,"DemandMax":null,"Value":3600},{"Length":29,"Height":68,"Demand":1,"DemandMax":null,"Value":1972},{"Length":57,"Height":55,"Demand":1,"DemandMax":null,"Value":3135},{"Length":81,"Height":96,"Demand":1,"DemandMax":null,"Value":7776},{"Length":67,"Height":67,"Demand":1,"DemandMax":null,"Value":4489},{"Length":60,"Height":90,"Demand":1,"DemandMax":null,"Value":5400},{"Length":80,"Height":56,"Demand":1,"DemandMax":null,"Value":4480},{"Length":69,"Height":87,"Demand":2,"DemandMax":null,"Value":6003},{"Length":46,"Height":82,"Demand":1,"DemandMax":null,"Value":3772},{"Length":54,"Height":87,"Demand":1,"DemandMax":null,"Value":4698},{"Length":64,"Height":69,"Demand":1,"DemandMax":null,"Value":4416},{"Length":69,"Height":90,"Demand":1,"DemandMax":null,"Value":6210},{"Length":86,"Height":93,"Demand":1,"DemandMax":null,"Value":7998},{"Length":60,"Height":96,"Demand":1,"DemandMax":null,"Value":5760},{"Length":60,"Height":94,"Demand":1,"DemandMax":null,"Value":5640},{"Length":80,"Height":54,"Demand":1,"DemandMax":null,"Value":4320},{"Length":88,"Height":73,"Demand":1,"DemandMax":null,"Value":6424},{"Length":85,"Height":17,"Demand":1,"DemandMax":null,"Value":1445},{"Length":68,"Height":80,"Demand":1,"DemandMax":null,"Value":5440},{"Length":68,"Height":32,"Demand":1,"DemandMax":null,"Value":2176},{"Length":2,"Height":76,"Demand":1,"DemandMax":null,"Value":152},{"Length":57,"Height":99,"Demand":1,"DemandMax":null,"Value":5643},{"Length":88,"Height":77,"Demand":1,"DemandMax":null,"Value":6776},{"Length":89,"Height":69,"Demand":1,"DemandMax":null,"Value":6141},{"Length":77,"Height":68,"Demand":1,"DemandMax":null,"Value":5236},{"Length":98,"Height":93,"Demand":1,"DemandMax":null,"Value":9114},{"Length":85,"Height":69,"Demand":1,"DemandMax":null,"Value":5865},{"Length":64,"Height":83,"Demand":1,"DemandMax":null,"Value":5312},{"Length":50,"Height":99,"Demand":1,"DemandMax":null,"Value":4950},{"Length":62,"Height":57,"Demand":1,"DemandMax":null,"Value":3534},{"Length":94,"Height":81,"Demand":1,"DemandMax":null,"Value":7614},{"Length":63,"Height":60,"Demand":1,"DemandMax":null,"Value":3780}]}