{"Name":"CLASS04_040_02","Objects":[{"Length":100,"Height":100,"Stock":null,"Cost":10000}],"Items":[{"Length":14,"Height":25,"Demand":1,"DemandMax":null,"Value":350},{"Length":2,"Height":8,"Demand":1,"DemandMax":null,"Value":16},{"Length":19,"Height":22,"Demand":1,"DemandMax":null,"Value":418},{"Length":26,"Height":5,"Demand":1,"DemandMax":null,"Value":130},{"Length":32,"Height":12,"Demand":1,"DemandMax":null,"Value":384},{"Length":20,"Height":4,"Demand":1,"DemandMax":null,"Value":80},{"Length":22,"Height":23,"Demand":1,"DemandMax":null,"Value":506},{"Length":11,"Height":19,"Demand":1,"DemandMax":null,"Value":209},{"Length":6,"Height":23,"Demand":1,"DemandMax":null,"Value":138},{"Length":3,"Height":8,"Demand":1,"DemandMax":null,"Value":24},{"Length":10,"Height":28,"Demand":1,"DemandMax":null,"Value":280},{"Length":11,"Height":9,"Demand":1,"DemandMax":null,"Value":99},{"Length":3,"Height":30,"Demand":1,"DemandMax":null,"Value":90},{"Length":28,"Height":4,"Demand":1,"DemandMax":null,"Value":112},{"Length":1,"Height":33,"Demand":1,"DemandMax":null,"Value":33},{"Length":23,"Height":19,"Demand":1,"DemandMax":null,"Value":437},{"Length":31,"Height":17,"Demand":1,"DemandMax":null,"Value":527},{"Length":11,"Height":23,"Demand":1,"DemandMax":null,"Value":253},{"Length":27,"Height":10,"Demand":1,"DemandMax":null,"Value":270},{"Length":19,"Height":32,"Demand":1,"DemandMax":null,"Value":608},{"Length":5,"Height":15,"Demand":1,"DemandMax":null,"Value":75},{"Length":16,"Height":3,"Demand":1,"DemandMax":null,"Value":48},{"Length":26,"Height":14,"Demand":1,"DemandMax":null,"Value":364},{"Length":19,"Height":9,"Demand":1,"DemandMax":null,"Value":171},{"Length":25,"Height":33,"Demand":1,"DemandMax":null,"Value":825},{"Length":18,"Height":33,"Demand":1,"DemandMax":null,"Value":594},{"Length":17,"Height":6,"Demand":1,"DemandMax":null,"Value":102},{"Length":18,"Height":30,"Demand":1,"DemandMax":null,"Value":540},{"Length":29,"Height":19,"Demand":1,"DemandMax":null,"Value":551},{"Length":34,"Height":4,"Demand":1,"DemandMax":null,"Value":136},{"Length":30,"Height":29,"Demand":1,"DemandMax":null,"Value":870},{"Length":25,"Height":7,"Demand":1,"DemandMax":null,"Value":175},{"Length":2,"Height":5,"Demand":1,"DemandMax":null,"Value":10},{"Length":28,"Height":30,"Demand":1,"DemandMax":null,"Value":840},{"Length":5,"Height":32,"Demand":1,"DemandMax":null,"Value":160},{"Length":24,"Height":7,"Demand":1,"DemandMax":null,"Value":168},{"Length":9,"Height":33,"Demand":1,"DemandMax":null,"Value":297},{"Length":5,"Height":24,"Demand":1,"DemandMax":null,"Value":120},{"Length":30,"Height":12,"Demand":1,"DemandMax":null,"Value":360},{"Length":10,"Height":3,"Demand":1,"DemandMax":null,"Value":30}]}