{"Name":"CLASS07_060_01","Objects":[{"Length":100,"Height":100,"Stock":null,"Cost":10000}],"Items":[{"Length":85,"Height":32,"Demand":1,"DemandMax":null,"Value":2720},{"Length":25,"Height":26,"Demand":1,"DemandMax":null,"Value":650},{"Length":93,"Height":32,"Demand":1,"DemandMax":null,"Value":2976},{"Length":96,"Height":46,"Demand":1,"DemandMax":null,"Value":4416},{"Length":86,"Height":36,"Demand":1,"DemandMax":null,"Value":3096},{"Length":16,"Height":97,"Demand":1,"DemandMax":null,"Value":1552},{"Length":98,"Height":42,"Demand":1,"DemandMax":null,"Value":4116},{"Length":94,"Height":21,"Demand":1,"DemandMax":null,"Value":1974},{"Length":94,"Height":1,"Demand":1,"DemandMax":null,"Value":94},{"Length":19,"Height":83,"Demand":1,"DemandMax":null,"Value":1577},{"Length":76,"Height":14,"Demand":1,"DemandMax":null,"Value":1064},{"Length":100,"Height":8,"Demand":1,"DemandMax":null,"Value":800},{"Length":76,"Height":29,"Demand":1,"DemandMax":null,"Value":2204},{"Length":88,"Height":19,"Demand":1,"DemandMax":null,"Value":1672},{"Length":96,"Height":47,"Demand":1,"DemandMax":null,"Value":4512},{"Length":20,"Height":70,"Demand":1,"DemandMax":null,"Value":1400},{"Length":2,"Height":78,"Demand":1,"DemandMax":null,"Value":156},{"Length":72,"Height":23,"Demand":1,"DemandMax":null,"Value":1656},{"Length":36,"Height":42,"Demand":1,"DemandMax":null,"Value":1512},{"Length":66,"Height":17,"Demand":1,"DemandMax":null,"Value":1122},{"Length":99,"Height":18,"Demand":1,"DemandMax":null,"Value":1782},{"Length":98,"Height":39,"Demand":1,"DemandMax":null,"Value":3822},{"Length":40,"Height":48,"Demand":1,"DemandMax":null,"Value":1920},{"Length":97,"Height":39,"Demand":1,"DemandMax":null,"Value":3783},{"Length":57,"Height":80,"Demand":1,"DemandMax":null,"Value":4560},{"Length":98,"Height":17,"Demand":1,"DemandMax":null,"Value":1666},{"Length":68,"Height":16,"Demand":1,"DemandMax":null,"Value":1088},{"Length":66,"Height":22,"Demand":1,"DemandMax":null,"Value":1452},{"Length":85,"Height":5,"Demand":1,"DemandMax":null,"Value":425},{"Length":71,"Height":6,"Demand":1,"DemandMax":null,"Value":426},{"Length":31,"Height":97,"Demand":1,"DemandMax":null,"Value":3007},{"Length":77,"Height":18,"Demand":1,"DemandMax":null,"Value":1386},{"Length":60,"Height":90,"Demand":1,"DemandMax":null,"Value":5400},{"Length":80,"Height":56,"Demand":1,"DemandMax":null,"Value":4480},{"Length":79,"Height":37,"Demand":2,"DemandMax":null,"Value":2923},{"Length":98,"Height":24,"Demand":1,"DemandMax":null,"Value":2352},{"Length":69,"Height":37,"Demand":1,"DemandMax":null,"Value":2553},{"Length":76,"Height":20,"Demand":1,"DemandMax":null,"Value":1520},{"Length":79,"Height":40,"Demand":1,"DemandMax":null,"Value":3160},{"Length":86,"Height":93,"Demand":1,"DemandMax":null,"Value":7998},{"Length":11,"Height":98,"Demand":1,"DemandMax":null,"Value":1078},{"Length":73,"Height":44,"Demand":1,"DemandMax":null,"Value":3212},{"Length":87,"Height":5,"Demand":1,"DemandMax":null,"Value":435},{"Length":88,"Height":73,"Demand":1,"DemandMax":null,"Value":6424},{"Length":85,"Height":17,"Demand":1,"DemandMax":null,"Value":1445},{"Length":78,"Height":30,"Demand":1,"DemandMax":null,"Value":2340},{"Length":68,"Height":32,"Demand":1,"DemandMax":null,"Value":2176},{"Length":67,"Height":15,"Demand":1,"DemandMax":null,"Value":1005},{"Length":70,"Height":49,"Demand":1,"DemandMax":null,"Value":3430},{"Length":88,"Height":77,"Demand":1,"DemandMax":null,"Value":6776},{"Length":92,"Height":20,"Demand":1,"DemandMax":null,"Value":1840},{"Length":84,"Height":19,"Demand":1,"DemandMax":null,"Value":1596},{"Length":99,"Height":43,"Demand":1,"DemandMax":null,"Value":4257},{"Length":90,"Height":20,"Demand":1,"DemandMax":null,"Value":1800},{"Length":75,"Height":34,"Demand":1,"DemandMax":null,"Value":2550},{"Length":66,"Height":49,"Demand":1,"DemandMax":null,"Value":3234},{"Length":74,"Height":8,"Demand":1,"DemandMax":null,"Value":592},{"Length":44,"Height":87,"Demand":1,"DemandMax":null,"Value":3828},{"Length":74,"Height":11,"Demand":1,"DemandMax":null,"Value":814}]}