{"Name":"CLASS08_040_05","Objects":[{"Length":100,"Height":100,"Stock":null,"Cost":10000}],"Items":[{"Length":25,"Height":39,"Demand":1,"DemandMax":null,"Value":975},{"Length":15,"Height":69,"Demand":1,"DemandMax":null,"Value":1035},{"Length":37,"Height":48,"Demand":1,"DemandMax":null,"Value":1776},{"Length":9,"Height":72,"Demand":1,"DemandMax":null,"Value":648},{"Length":26,"Height":72,"Demand":1,"DemandMax":null,"Value":1872},{"Length":6,"Height":42,"Demand":1,"DemandMax":null,"Value":252},{"Length":44,"Height":82,"Demand":1,"DemandMax":null,"Value":3608},{"Length":7,"Height":67,"Demand":1,"DemandMax":null,"Value":469},{"Length":39,"Height":95,"Demand":1,"DemandMax":null,"Value":3705},{"Length":10,"Height":93,"Demand":1,"DemandMax":null,"Value":930},{"Length":12,"Height":74,"Demand":1,"DemandMax":null,"Value":888},{"Length":16,"Height":69,"Demand":1,"DemandMax":null,"Value":1104},{"Length":13,"Height":91,"Demand":1,"DemandMax":null,"Value":1183},{"Length":24,"Height":100,"Demand":1,"DemandMax":null,"Value":2400},{"Length":42,"Height":13,"Demand":1,"DemandMax":null,"Value":546},{"Length":36,"Height":80,"Demand":1,"DemandMax":null,"Value":2880},{"Length":49,"Height":43,"Demand":1,"DemandMax":null,"Value":2107},{"Length":1,"Height":80,"Demand":1,"DemandMax":null,"Value":80},{"Length":34,"Height":83,"Demand":1,"DemandMax":null,"Value":2822},{"Length":18,"Height":99,"Demand":1,"DemandMax":null,"Value":1782},{"Length":47,"Height":72,"Demand":1,"DemandMax":null,"Value":3384},{"Length":39,"Height":68,"Demand":1,"DemandMax":null,"Value":2652},{"Length":38,"Height":99,"Demand":1,"DemandMax":null,"Value":3762},{"Length":12,"Height":37,"Demand":1,"DemandMax":null,"Value":444},{"Length":6,"Height":93,"Demand":1,"DemandMax":null,"Value":558},{"Length":39,"Height":99,"Demand":1,"DemandMax":null,"Value":3861},{"Length":67,"Height":33,"Demand":1,"DemandMax":null,"Value":2211},{"Length":18,"Height":91,"Demand":1,"DemandMax":null,"Value":1638},{"Length":27,"Height":86,"Demand":1,"DemandMax":null,"Value":2322},{"Length":50,"Height":68,"Demand":1,"DemandMax":null,"Value":3400},{"Length":30,"Height":86,"Demand":1,"DemandMax":null,"Value":2580},{"Length":35,"Height":100,"Demand":1,"DemandMax":null,"Value":3500},{"Length":10,"Height":88,"Demand":1,"DemandMax":null,"Value":880},{"Length":23,"Height":81,"Demand":1,"DemandMax":null,"Value":1863},{"Length":18,"Height":92,"Demand":1,"DemandMax":null,"Value":1656},{"Length":63,"Height":73,"Demand":1,"DemandMax":null,"Value":4599},{"Length":4,"Height":98,"Demand":1,"DemandMax":null,"Value":392},{"Length":71,"Height":2,"Demand":1,"DemandMax":null,"Value":142},{"Length":19,"Height":71,"Demand":1,"DemandMax":null,"Value":1349},{"Length":5,"Height":71,"Demand":1,"DemandMax":null,"Value":355}]}