{"Name":"CLASS08_060_07","Objects":[{"Length":100,"Height":100,"Stock":null,"Cost":10000}],"Items":[{"Length":11,"Height":80,"Demand":1,"DemandMax":null,"Value":880},{"Length":23,"Height":79,"Demand":1,"DemandMax":null,"Value":1817},{"Length":35,"Height":39,"Demand":1,"DemandMax":null,"Value":1365},{"Length":43,"Height":97,"Demand":1,"DemandMax":null,"Value":4171},{"Length":13,"Height":90,"Demand":1,"DemandMax":null,"Value":1170},{"Length":41,"Height":83,"Demand":1,"DemandMax":null,"Value":3403},{"Length":44,"Height":71,"Demand":1,"DemandMax":null,"Value":3124},{"Length":77,"Height":6,"Demand":1,"DemandMax":null,"Value":462},{"Length":27,"Height":73,"Demand":1,"DemandMax":null,"Value":1971},{"Length":20,"Height":94,"Demand":1,"DemandMax":null,"Value":1880},{"Length":75,"Height":41,"Demand":1,"DemandMax":null,"Value":3075},{"Length":66,"Height":28,"Demand":1,"DemandMax":null,"Value":1848},{"Length":3,"Height":99,"Demand":1,"DemandMax":null,"Value":297},{"Length":11,"Height":78,"Demand":1,"DemandMax":null,"Value":858},{"Length":97,"Height":34,"Demand":1,"DemandMax":null,"Value":3298},{"Length":49,"Height":74,"Demand":1,"DemandMax":null,"Value":3626},{"Length":41,"Height":98,"Demand":1,"DemandMax":null,"Value":4018},{"Length":14,"Height":71,"Demand":1,"DemandMax":null,"Value":994},{"Length":39,"Height":92,"Demand":1,"DemandMax":null,"Value":3588},{"Length":8,"Height":70,"Demand":1,"DemandMax":null,"Value":560},{"Length":90,"Height":57,"Demand":1,"DemandMax":null,"Value":5130},{"Length":29,"Height":72,"Demand":1,"DemandMax":null,"Value":2088},{"Length":44,"Height":69,"Demand":1,"DemandMax":null,"Value":3036},{"Length":28,"Height":75,"Demand":1,"DemandMax":null,"Value":2100},{"Length":1,"Height":87,"Demand":1,"DemandMax":null,"Value":87},{"Length":5,"Height":81,"Demand":1,"DemandMax":null,"Value":405},{"Length":11,"Height":89,"Demand":1,"DemandMax":null,"Value":979},{"Length":10,"Height":88,"Demand":1,"DemandMax":null,"Value":880},{"Length":23,"Height":75,"Demand":1,"DemandMax":null,"Value":1725},{"Length":43,"Height":98,"Demand":1,"DemandMax":null,"Value":4214},{"Length":92,"Height":24,"Demand":1,"DemandMax":null,"Value":2208},{"Length":4,"Height":75,"Demand":2,"DemandMax":null,"Value":300},{"Length":70,"Height":10,"Demand":1,"DemandMax":null,"Value":700},{"Length":43,"Height":88,"Demand":1,"DemandMax":null,"Value":3784},{"Length":29,"Height":83,"Demand":1,"DemandMax":null,"Value":2407},{"Length":10,"Height":5,"Demand":1,"DemandMax":null,"Value":50},{"Length":4,"Height":78,"Demand":1,"DemandMax":null,"Value":312},{"Length":68,"Height":31,"Demand":1,"DemandMax":null,"Value":2108},{"Length":31,"Height":92,"Demand":1,"DemandMax":null,"Value":2852},{"Length":27,"Height":72,"Demand":1,"DemandMax":null,"Value":1944},{"Length":11,"Height":91,"Demand":1,"DemandMax":null,"Value":1001},{"Length":27,"Height":93,"Demand":1,"DemandMax":null,"Value":2511},{"Length":96,"Height":13,"Demand":1,"DemandMax":null,"Value":1248},{"Length":6,"Height":82,"Demand":1,"DemandMax":null,"Value":492},{"Length":30,"Height":77,"Demand":1,"DemandMax":null,"Value":2310},{"Length":12,"Height":73,"Demand":1,"DemandMax":null,"Value":876},{"Length":69,"Height":100,"Demand":1,"DemandMax":null,"Value":6900},{"Length":46,"Height":66,"Demand":1,"DemandMax":null,"Value":3036},{"Length":11,"Height":72,"Demand":1,"DemandMax":null,"Value":792},{"Length":8,"Height":44,"Demand":1,"DemandMax":null,"Value":352},{"Length":55,"Height":98,"Demand":1,"DemandMax":null,"Value":5390},{"Length":48,"Height":40,"Demand":1,"DemandMax":null,"Value":1920},{"Length":16,"Height":92,"Demand":1,"DemandMax":null,"Value":1472},{"Length":4,"Height":71,"Demand":1,"DemandMax":null,"Value":284},{"Length":12,"Height":93,"Demand":1,"DemandMax":null,"Value":1116},{"Length":57,"Height":79,"Demand":1,"DemandMax":null,"Value":4503},{"Length":36,"Height":97,"Demand":1,"DemandMax":null,"Value":3492},{"Length":14,"Height":86,"Demand":1,"DemandMax":null,"Value":1204},{"Length":38,"Height":67,"Demand":1,"DemandMax":null,"Value":2546}]}