{"Name":"CLASS01_020_07","Objects":[{"Length":10,"Height":10,"Stock":null,"Cost":100}],"Items":[{"Length":10,"Height":5,"Demand":1,"DemandMax":null,"Value":50},{"Length":10,"Height":1,"Demand":1,"DemandMax":null,"Value":10},{"Length":3,"Height":7,"Demand":2,"DemandMax":null,"Value":21},{"Length":4,"Height":3,"Demand":1,"DemandMax":null,"Value":12},{"Length":2,"Height":9,"Demand":1,"DemandMax":null,"Value":18},{"Length":10,"Height":2,"Demand":1,"DemandMax":null,"Value":20},{"Length":3,"Height":1,"Demand":1,"DemandMax":null,"Value":3},{"Length":10,"Height":8,"Demand":1,"DemandMax":null,"Value":80},{"Length":3,"Height":8,"Demand":1,"DemandMax":null,"Value":24},{"Length":7,"Height":1,"Demand":1,"DemandMax":null,"Value":7},{"Length":1,"Height":4,"Demand":1,"DemandMax":null,"Value":4},{"Length":8,"Height":10,"Demand":1,"DemandMax":null,"Value":80},{"Length":2,"Height":7,"Demand":1,"DemandMax":null,"Value":14},{"Length":5,"Height":1,"Demand":1,"DemandMax":null,"Value":5},{"Length":4,"Height":1,"Demand":1,"DemandMax":null,"Value":4},{"Length":6,"Height":8,"Demand":1,"DemandMax":null,"Value":48},{"Length":5,"Height":9,"Demand":1,"DemandMax":null,"Value":45},{"Length":5,"Height":2,"Demand":1,"DemandMax":null,"Value":10},{"Length":6,"Height":9,"Demand":1,"DemandMax":null,"Value":54}]}