{"Name":"CLASS03_080_10","Objects":[{"Length":40,"Height":40,"Stock":null,"Cost":1600}],"Items":[{"Length":27,"Height":17,"Demand":1,"DemandMax":null,"Value":459},{"Length":25,"Height":25,"Demand":1,"DemandMax":null,"Value":625},{"Length":24,"Height":1,"Demand":1,"DemandMax":null,"Value":24},{"Length":18,"Height":21,"Demand":1,"DemandMax":null,"Value":378},{"Length":17,"Height":1,"Demand":1,"DemandMax":null,"Value":17},{"Length":5,"Height":6,"Demand":1,"DemandMax":null,"Value":30},{"Length":12,"Height":10,"Demand":1,"DemandMax":null,"Value":120},{"Length":11,"Height":31,"Demand":1,"DemandMax":null,"Value":341},{"Length":23,"Height":31,"Demand":1,"DemandMax":null,"Value":713},{"Length":7,"Height":18,"Demand":1,"DemandMax":null,"Value":126},{"Length":8,"Height":11,"Demand":1,"DemandMax":null,"Value":88},{"Length":8,"Height":6,"Demand":1,"DemandMax":null,"Value":48},{"Length":5,"Height":11,"Demand":1,"DemandMax":null,"Value":55},{"Length":6,"Height":10,"Demand":1,"DemandMax":null,"Value":60},{"Length":30,"Height":35,"Demand":1,"DemandMax":null,"Value":1050},{"Length":5,"Height":23,"Demand":1,"DemandMax":null,"Value":115},{"Length":6,"Height":29,"Demand":1,"DemandMax":null,"Value":174},{"Length":20,"Height":14,"Demand":1,"DemandMax":null,"Value":280},{"Length":6,"Height":20,"Demand":1,"DemandMax":null,"Value":120},{"Length":8,"Height":33,"Demand":1,"DemandMax":null,"Value":264},{"Length":11,"Height":12,"Demand":1,"DemandMax":null,"Value":132},{"Length":10,"Height":2,"Demand":2,"DemandMax":null,"Value":20},{"Length":13,"Height":20,"Demand":1,"DemandMax":null,"Value":260},{"Length":4,"Height":30,"Demand":1,"DemandMax":null,"Value":120},{"Length":16,"Height":3,"Demand":1,"DemandMax":null,"Value":48},{"Length":19,"Height":28,"Demand":1,"DemandMax":null,"Value":532},{"Length":35,"Height":32,"Demand":1,"DemandMax":null,"Value":1120},{"Length":23,"Height":23,"Demand":1,"DemandMax":null,"Value":529},{"Length":28,"Height":20,"Demand":1,"DemandMax":null,"Value":560},{"Length":32,"Height":19,"Demand":1,"DemandMax":null,"Value":608},{"Length":33,"Height":28,"Demand":1,"DemandMax":null,"Value":924},{"Length":3,"Height":32,"Demand":1,"DemandMax":null,"Value":96},{"Length":32,"Height":26,"Demand":1,"DemandMax":null,"Value":832},{"Length":10,"Height":18,"Demand":1,"DemandMax":null,"Value":180},{"Length":16,"Height":28,"Demand":1,"DemandMax":null,"Value":448},{"Length":33,"Height":17,"Demand":1,"DemandMax":null,"Value":561},{"Length":24,"Height":27,"Demand":1,"DemandMax":null,"Value":648},{"Length":30,"Height":8,"Demand":1,"DemandMax":null,"Value":240},{"Length":2,"Height":27,"Demand":1,"DemandMax":null,"Value":54},{"Length":5,"Height":21,"Demand":1,"DemandMax":null,"Value":105},{"Length":12,"Height":9,"Demand":1,"DemandMax":null,"Value":108},{"Length":7,"Height":22,"Demand":1,"DemandMax":null,"Value":154},{"Length":23,"Height":34,"Demand":1,"DemandMax":null,"Value":782},{"Length":30,"Height":28,"Demand":1,"DemandMax":null,"Value":840},{"Length":15,"Height":2,"Demand":1,"DemandMax":null,"Value":30},{"Length":8,"Height":32,"Demand":1,"DemandMax":null,"Value":256},{"Length":16,"Height":33,"Demand":1,"DemandMax":null,"Value":528},{"Length":25,"Height":1,"Demand":1,"DemandMax":null,"Value":25},{"Length":30,"Height":14,"Demand":1,"DemandMax":null,"Value":420},{"Length":4,"Height":22,"Demand":1,"DemandMax":null,"Value":88},{"Length":1,"Height":20,"Demand":1,"DemandMax":null,"Value":20},{"Length":19,"Height":16,"Demand":1,"DemandMax":null,"Value":304},{"Length":29,"Height":30,"Demand":1,"DemandMax":null,"Value":870},{"Length":15,"Height":23,"Demand":1,"DemandMax":null,"Value":345},{"Length":20,"Height":23,"Demand":1,"DemandMax":null,"Value":460},{"Length":31,"Height":11,"Demand":1,"DemandMax":null,"Value":341},{"Length":3,"Height":8,"Demand":1,"DemandMax":null,"Value":24},{"Length":14,"Height":35,"Demand":1,"DemandMax":null,"Value":490},{"Length":14,"Height":18,"Demand":1,"DemandMax":null,"Value":252},{"Length":33,"Height":34,"Demand":1,"DemandMax":null,"Value":1122},{"Length":10,"Height":32,"Demand":1,"DemandMax":null,"Value":320},{"Length":34,"Height":10,"Demand":1,"DemandMax":null,"Value":340},{"Length":30,"Height":9,"Demand":1,"DemandMax":null,"Value":270},{"Length":8,"Height":14,"Demand":1,"DemandMax":null,"Value":112},{"Length":21,"Height":21,"Demand":1,"DemandMax":null,"Value":441},{"Length":30,"Height":3,"Demand":1,"DemandMax":null,"Value":90},{"Length":8,"Height":15,"Demand":1,"DemandMax":null,"Value":120},{"Length":10,"Height":17,"Demand":1,"DemandMax":null,"Value":170},{"Length":31,"Height":17,"Demand":1,"DemandMax":null,"Value":527},{"Length":10,"Height":1,"Demand":1,"DemandMax":null,"Value":10},{"Length":1,"Height":33,"Demand":1,"DemandMax":null,"Value":33},{"Length":34,"Height":16,"Demand":1,"DemandMax":null,"Value":544},{"Length":14,"Height":6,"Demand":1,"DemandMax":null,"Value":84},{"Length":29,"Height":33,"Demand":1,"DemandMax":null,"Value":957},{"Length":5,"Height":34,"Demand":1,"DemandMax":null,"Value":170},{"Length":20,"Height":30,"Demand":1,"DemandMax":null,"Value":600},{"Length":24,"Height":17,"Demand":1,"DemandMax":null,"Value":408},{"Length":12,"Height":2,"Demand":1,"DemandMax":null,"Value":24},{"Length":28,"Height":5,"Demand":1,"DemandMax":null,"Value":140}]}