{"Name":"CLASS04_020_09","Objects":[{"Length":100,"Height":100,"Stock":null,"Cost":10000}],"Items":[{"Length":19,"Height":13,"Demand":1,"DemandMax":null,"Value":247},{"Length":9,"Height":13,"Demand":1,"DemandMax":null,"Value":117},{"Length":34,"Height":15,"Demand":1,"DemandMax":null,"Value":510},{"Length":21,"Height":28,"Demand":1,"DemandMax":null,"Value":588},{"Length":12,"Height":34,"Demand":1,"DemandMax":null,"Value":408},{"Length":26,"Height":31,"Demand":1,"DemandMax":null,"Value":806},{"Length":25,"Height":27,"Demand":1,"DemandMax":null,"Value":675},{"Length":16,"Height":5,"Demand":1,"DemandMax":null,"Value":80},{"Length":19,"Height":32,"Demand":1,"DemandMax":null,"Value":608},{"Length":31,"Height":11,"Demand":1,"DemandMax":null,"Value":341},{"Length":23,"Height":30,"Demand":1,"DemandMax":null,"Value":690},{"Length":15,"Height":17,"Demand":1,"DemandMax":null,"Value":255},{"Length":4,"Height":14,"Demand":1,"DemandMax":null,"Value":56},{"Length":32,"Height":5,"Demand":1,"DemandMax":null,"Value":160},{"Length":13,"Height":22,"Demand":1,"DemandMax":null,"Value":286},{"Length":14,"Height":2,"Demand":1,"DemandMax":null,"Value":28},{"Length":7,"Height":34,"Demand":1,"DemandMax":null,"Value":238},{"Length":13,"Height":11,"Demand":1,"DemandMax":null,"Value":143},{"Length":26,"Height":9,"Demand":1,"DemandMax":null,"Value":234},{"Length":20,"Height":13,"Demand":1,"DemandMax":null,"Value":260}]}