{"Name":"CLASS08_060_09","Objects":[{"Length":100,"Height":100,"Stock":null,"Cost":10000}],"Items":[{"Length":2,"Height":81,"Demand":1,"DemandMax":null,"Value":162},{"Length":32,"Height":70,"Demand":1,"DemandMax":null,"Value":2240},{"Length":12,"Height":72,"Demand":1,"DemandMax":null,"Value":864},{"Length":37,"Height":66,"Demand":1,"DemandMax":null,"Value":2442},{"Length":83,"Height":25,"Demand":1,"DemandMax":null,"Value":2075},{"Length":21,"Height":99,"Demand":1,"DemandMax":null,"Value":2079},{"Length":42,"Height":77,"Demand":1,"DemandMax":null,"Value":3234},{"Length":88,"Height":50,"Demand":1,"DemandMax":null,"Value":4400},{"Length":11,"Height":92,"Demand":1,"DemandMax":null,"Value":1012},{"Length":21,"Height":67,"Demand":1,"DemandMax":null,"Value":1407},{"Length":33,"Height":91,"Demand":1,"DemandMax":null,"Value":3003},{"Length":39,"Height":72,"Demand":1,"DemandMax":null,"Value":2808},{"Length":8,"Height":75,"Demand":1,"DemandMax":null,"Value":600},{"Length":34,"Height":78,"Demand":1,"DemandMax":null,"Value":2652},{"Length":36,"Height":78,"Demand":1,"DemandMax":null,"Value":2808},{"Length":7,"Height":87,"Demand":1,"DemandMax":null,"Value":609},{"Length":16,"Height":100,"Demand":1,"DemandMax":null,"Value":1600},{"Length":8,"Height":46,"Demand":1,"DemandMax":null,"Value":368},{"Length":50,"Height":73,"Demand":1,"DemandMax":null,"Value":3650},{"Length":37,"Height":14,"Demand":1,"DemandMax":null,"Value":518},{"Length":37,"Height":99,"Demand":1,"DemandMax":null,"Value":3663},{"Length":44,"Height":89,"Demand":1,"DemandMax":null,"Value":3916},{"Length":76,"Height":64,"Demand":1,"DemandMax":null,"Value":4864},{"Length":28,"Height":71,"Demand":1,"DemandMax":null,"Value":1988},{"Length":19,"Height":72,"Demand":1,"DemandMax":null,"Value":1368},{"Length":41,"Height":90,"Demand":1,"DemandMax":null,"Value":3690},{"Length":14,"Height":87,"Demand":1,"DemandMax":null,"Value":1218},{"Length":81,"Height":64,"Demand":1,"DemandMax":null,"Value":5184},{"Length":12,"Height":87,"Demand":1,"DemandMax":null,"Value":1044},{"Length":50,"Height":99,"Demand":1,"DemandMax":null,"Value":4950},{"Length":14,"Height":71,"Demand":1,"DemandMax":null,"Value":994},{"Length":98,"Height":33,"Demand":1,"DemandMax":null,"Value":3234},{"Length":18,"Height":75,"Demand":1,"DemandMax":null,"Value":1350},{"Length":80,"Height":22,"Demand":1,"DemandMax":null,"Value":1760},{"Length":25,"Height":99,"Demand":1,"DemandMax":null,"Value":2475},{"Length":23,"Height":74,"Demand":1,"DemandMax":null,"Value":1702},{"Length":35,"Height":10,"Demand":1,"DemandMax":null,"Value":350},{"Length":3,"Height":70,"Demand":1,"DemandMax":null,"Value":210},{"Length":48,"Height":100,"Demand":1,"DemandMax":null,"Value":4800},{"Length":11,"Height":68,"Demand":1,"DemandMax":null,"Value":748},{"Length":13,"Height":77,"Demand":1,"DemandMax":null,"Value":1001},{"Length":47,"Height":68,"Demand":1,"DemandMax":null,"Value":3196},{"Length":32,"Height":73,"Demand":1,"DemandMax":null,"Value":2336},{"Length":11,"Height":70,"Demand":1,"DemandMax":null,"Value":770},{"Length":4,"Height":90,"Demand":1,"DemandMax":null,"Value":360},{"Length":3,"Height":75,"Demand":1,"DemandMax":null,"Value":225},{"Length":28,"Height":91,"Demand":2,"DemandMax":null,"Value":2548},{"Length":23,"Height":81,"Demand":1,"DemandMax":null,"Value":1863},{"Length":6,"Height":76,"Demand":1,"DemandMax":null,"Value":456},{"Length":70,"Height":84,"Demand":1,"DemandMax":null,"Value":5880},{"Length":36,"Height":81,"Demand":1,"DemandMax":null,"Value":2916},{"Length":96,"Height":99,"Demand":1,"DemandMax":null,"Value":9504},{"Length":19,"Height":70,"Demand":1,"DemandMax":null,"Value":1330},{"Length":50,"Height":77,"Demand":1,"DemandMax":null,"Value":3850},{"Length":6,"Height":79,"Demand":1,"DemandMax":null,"Value":474},{"Length":31,"Height":91,"Demand":1,"DemandMax":null,"Value":2821},{"Length":45,"Height":11,"Demand":1,"DemandMax":null,"Value":495},{"Length":40,"Height":72,"Demand":1,"DemandMax":null,"Value":2880},{"Length":37,"Height":86,"Demand":1,"DemandMax":null,"Value":3182}]}