{"Name":"CLASS09_020_10","Objects":[{"Length":100,"Height":100,"Stock":null,"Cost":10000}],"Items":[{"Length":25,"Height":39,"Demand":1,"DemandMax":null,"Value":975},{"Length":64,"Height":55,"Demand":1,"DemandMax":null,"Value":3520},{"Length":37,"Height":48,"Demand":1,"DemandMax":null,"Value":1776},{"Length":58,"Height":59,"Demand":1,"DemandMax":null,"Value":3422},{"Length":76,"Height":59,"Demand":1,"DemandMax":null,"Value":4484},{"Length":6,"Height":42,"Demand":1,"DemandMax":null,"Value":252},{"Length":94,"Height":74,"Demand":1,"DemandMax":null,"Value":6956},{"Length":56,"Height":51,"Demand":1,"DemandMax":null,"Value":2856},{"Length":89,"Height":92,"Demand":1,"DemandMax":null,"Value":8188},{"Length":59,"Height":90,"Demand":1,"DemandMax":null,"Value":5310},{"Length":61,"Height":62,"Demand":1,"DemandMax":null,"Value":3782},{"Length":16,"Height":69,"Demand":1,"DemandMax":null,"Value":1104},{"Length":63,"Height":86,"Demand":1,"DemandMax":null,"Value":5418},{"Length":74,"Height":100,"Demand":1,"DemandMax":null,"Value":7400},{"Length":42,"Height":13,"Demand":1,"DemandMax":null,"Value":546},{"Length":36,"Height":80,"Demand":1,"DemandMax":null,"Value":2880},{"Length":49,"Height":43,"Demand":1,"DemandMax":null,"Value":2107},{"Length":50,"Height":70,"Demand":1,"DemandMax":null,"Value":3500},{"Length":84,"Height":74,"Demand":1,"DemandMax":null,"Value":6216},{"Length":68,"Height":98,"Demand":1,"DemandMax":null,"Value":6664}]}