{"Name":"CLASS08_040_03","Objects":[{"Length":100,"Height":100,"Stock":null,"Cost":10000}],"Items":[{"Length":7,"Height":70,"Demand":1,"DemandMax":null,"Value":490},{"Length":12,"Height":95,"Demand":1,"DemandMax":null,"Value":1140},{"Length":36,"Height":95,"Demand":1,"DemandMax":null,"Value":3420},{"Length":49,"Height":99,"Demand":1,"DemandMax":null,"Value":4851},{"Length":43,"Height":86,"Demand":1,"DemandMax":null,"Value":3698},{"Length":39,"Height":87,"Demand":1,"DemandMax":null,"Value":3393},{"Length":28,"Height":80,"Demand":1,"DemandMax":null,"Value":2240},{"Length":87,"Height":42,"Demand":1,"DemandMax":null,"Value":3654},{"Length":41,"Height":15,"Demand":1,"DemandMax":null,"Value":615},{"Length":27,"Height":87,"Demand":1,"DemandMax":null,"Value":2349},{"Length":32,"Height":11,"Demand":1,"DemandMax":null,"Value":352},{"Length":25,"Height":99,"Demand":1,"DemandMax":null,"Value":2475},{"Length":1,"Height":73,"Demand":1,"DemandMax":null,"Value":73},{"Length":27,"Height":43,"Demand":1,"DemandMax":null,"Value":1161},{"Length":48,"Height":74,"Demand":1,"DemandMax":null,"Value":3552},{"Length":31,"Height":76,"Demand":1,"DemandMax":null,"Value":2356},{"Length":22,"Height":78,"Demand":1,"DemandMax":null,"Value":1716},{"Length":39,"Height":76,"Demand":1,"DemandMax":null,"Value":2964},{"Length":25,"Height":84,"Demand":1,"DemandMax":null,"Value":2100},{"Length":49,"Height":96,"Demand":1,"DemandMax":null,"Value":4704},{"Length":5,"Height":92,"Demand":1,"DemandMax":null,"Value":460},{"Length":12,"Height":66,"Demand":1,"DemandMax":null,"Value":792},{"Length":13,"Height":67,"Demand":1,"DemandMax":null,"Value":871},{"Length":28,"Height":90,"Demand":1,"DemandMax":null,"Value":2520},{"Length":50,"Height":79,"Demand":1,"DemandMax":null,"Value":3950},{"Length":47,"Height":99,"Demand":1,"DemandMax":null,"Value":4653},{"Length":14,"Height":93,"Demand":1,"DemandMax":null,"Value":1302},{"Length":19,"Height":92,"Demand":1,"DemandMax":null,"Value":1748},{"Length":6,"Height":74,"Demand":1,"DemandMax":null,"Value":444},{"Length":44,"Height":69,"Demand":1,"DemandMax":null,"Value":3036},{"Length":26,"Height":92,"Demand":1,"DemandMax":null,"Value":2392},{"Length":22,"Height":66,"Demand":1,"DemandMax":null,"Value":1452},{"Length":24,"Height":77,"Demand":1,"DemandMax":null,"Value":1848},{"Length":51,"Height":75,"Demand":1,"DemandMax":null,"Value":3825},{"Length":100,"Height":48,"Demand":1,"DemandMax":null,"Value":4800},{"Length":36,"Height":85,"Demand":1,"DemandMax":null,"Value":3060},{"Length":4,"Height":88,"Demand":1,"DemandMax":null,"Value":352},{"Length":22,"Height":70,"Demand":1,"DemandMax":null,"Value":1540},{"Length":90,"Height":20,"Demand":1,"DemandMax":null,"Value":1800},{"Length":73,"Height":15,"Demand":1,"DemandMax":null,"Value":1095}]}