{"Name":"CLASS08_040_10","Objects":[{"Length":100,"Height":100,"Stock":null,"Cost":10000}],"Items":[{"Length":17,"Height":90,"Demand":1,"DemandMax":null,"Value":1530},{"Length":68,"Height":76,"Demand":1,"DemandMax":null,"Value":5168},{"Length":14,"Height":68,"Demand":1,"DemandMax":null,"Value":952},{"Length":22,"Height":76,"Demand":1,"DemandMax":null,"Value":1672},{"Length":38,"Height":83,"Demand":1,"DemandMax":null,"Value":3154},{"Length":29,"Height":87,"Demand":1,"DemandMax":null,"Value":2523},{"Length":40,"Height":100,"Demand":1,"DemandMax":null,"Value":4000},{"Length":39,"Height":83,"Demand":1,"DemandMax":null,"Value":3237},{"Length":69,"Height":77,"Demand":1,"DemandMax":null,"Value":5313},{"Length":1,"Height":99,"Demand":1,"DemandMax":null,"Value":99},{"Length":77,"Height":57,"Demand":1,"DemandMax":null,"Value":4389},{"Length":17,"Height":100,"Demand":1,"DemandMax":null,"Value":1700},{"Length":13,"Height":94,"Demand":1,"DemandMax":null,"Value":1222},{"Length":90,"Height":27,"Demand":1,"DemandMax":null,"Value":2430},{"Length":27,"Height":84,"Demand":1,"DemandMax":null,"Value":2268},{"Length":56,"Height":83,"Demand":1,"DemandMax":null,"Value":4648},{"Length":78,"Height":16,"Demand":1,"DemandMax":null,"Value":1248},{"Length":31,"Height":78,"Demand":1,"DemandMax":null,"Value":2418},{"Length":38,"Height":71,"Demand":1,"DemandMax":null,"Value":2698},{"Length":8,"Height":86,"Demand":1,"DemandMax":null,"Value":688},{"Length":90,"Height":3,"Demand":1,"DemandMax":null,"Value":270},{"Length":38,"Height":79,"Demand":1,"DemandMax":null,"Value":3002},{"Length":10,"Height":66,"Demand":1,"DemandMax":null,"Value":660},{"Length":21,"Height":92,"Demand":1,"DemandMax":null,"Value":1932},{"Length":14,"Height":66,"Demand":1,"DemandMax":null,"Value":924},{"Length":7,"Height":89,"Demand":1,"DemandMax":null,"Value":623},{"Length":45,"Height":68,"Demand":1,"DemandMax":null,"Value":3060},{"Length":46,"Height":70,"Demand":1,"DemandMax":null,"Value":3220},{"Length":4,"Height":73,"Demand":1,"DemandMax":null,"Value":292},{"Length":38,"Height":72,"Demand":1,"DemandMax":null,"Value":2736},{"Length":41,"Height":80,"Demand":1,"DemandMax":null,"Value":3280},{"Length":82,"Height":89,"Demand":1,"DemandMax":null,"Value":7298},{"Length":6,"Height":88,"Demand":1,"DemandMax":null,"Value":528},{"Length":30,"Height":98,"Demand":1,"DemandMax":null,"Value":2940},{"Length":99,"Height":48,"Demand":1,"DemandMax":null,"Value":4752},{"Length":30,"Height":87,"Demand":1,"DemandMax":null,"Value":2610},{"Length":19,"Height":77,"Demand":1,"DemandMax":null,"Value":1463},{"Length":83,"Height":95,"Demand":1,"DemandMax":null,"Value":7885},{"Length":78,"Height":37,"Demand":1,"DemandMax":null,"Value":2886},{"Length":40,"Height":91,"Demand":1,"DemandMax":null,"Value":3640}]}