{"Name":"CLASS10_080_04","Objects":[{"Length":100,"Height":100,"Stock":null,"Cost":10000}],"Items":[{"Length":67,"Height":49,"Demand":1,"DemandMax":null,"Value":3283},{"Length":93,"Height":83,"Demand":1,"DemandMax":null,"Value":7719},{"Length":16,"Height":44,"Demand":1,"DemandMax":null,"Value":704},{"Length":40,"Height":23,"Demand":2,"DemandMax":null,"Value":920},{"Length":8,"Height":41,"Demand":1,"DemandMax":null,"Value":328},{"Length":39,"Height":41,"Demand":1,"DemandMax":null,"Value":1599},{"Length":27,"Height":41,"Demand":1,"DemandMax":null,"Value":1107},{"Length":91,"Height":86,"Demand":1,"DemandMax":null,"Value":7826},{"Length":83,"Height":45,"Demand":1,"DemandMax":null,"Value":3735},{"Length":47,"Height":10,"Demand":1,"DemandMax":null,"Value":470},{"Length":50,"Height":1,"Demand":1,"DemandMax":null,"Value":50},{"Length":5,"Height":11,"Demand":1,"DemandMax":null,"Value":55},{"Length":4,"Height":10,"Demand":1,"DemandMax":null,"Value":40},{"Length":16,"Height":41,"Demand":1,"DemandMax":null,"Value":656},{"Length":35,"Height":22,"Demand":1,"DemandMax":null,"Value":770},{"Length":30,"Height":48,"Demand":1,"DemandMax":null,"Value":1440},{"Length":96,"Height":37,"Demand":1,"DemandMax":null,"Value":3552},{"Length":47,"Height":33,"Demand":1,"DemandMax":null,"Value":1551},{"Length":31,"Height":5,"Demand":1,"DemandMax":null,"Value":155},{"Length":17,"Height":46,"Demand":1,"DemandMax":null,"Value":782},{"Length":46,"Height":26,"Demand":1,"DemandMax":null,"Value":1196},{"Length":39,"Height":37,"Demand":1,"DemandMax":null,"Value":1443},{"Length":39,"Height":49,"Demand":1,"DemandMax":null,"Value":1911},{"Length":15,"Height":6,"Demand":1,"DemandMax":null,"Value":90},{"Length":10,"Height":26,"Demand":1,"DemandMax":null,"Value":260},{"Length":96,"Height":3,"Demand":1,"DemandMax":null,"Value":288},{"Length":71,"Height":6,"Demand":1,"DemandMax":null,"Value":426},{"Length":25,"Height":28,"Demand":1,"DemandMax":null,"Value":700},{"Length":36,"Height":38,"Demand":1,"DemandMax":null,"Value":1368},{"Length":9,"Height":30,"Demand":1,"DemandMax":null,"Value":270},{"Length":98,"Height":11,"Demand":1,"DemandMax":null,"Value":1078},{"Length":23,"Height":12,"Demand":1,"DemandMax":null,"Value":276},{"Length":37,"Height":19,"Demand":1,"DemandMax":null,"Value":703},{"Length":33,"Height":67,"Demand":1,"DemandMax":null,"Value":2211},{"Length":86,"Height":6,"Demand":1,"DemandMax":null,"Value":516},{"Length":80,"Height":47,"Demand":1,"DemandMax":null,"Value":3760},{"Length":26,"Height":20,"Demand":1,"DemandMax":null,"Value":520},{"Length":38,"Height":44,"Demand":1,"DemandMax":null,"Value":1672},{"Length":75,"Height":62,"Demand":1,"DemandMax":null,"Value":4650},{"Length":32,"Height":44,"Demand":1,"DemandMax":null,"Value":1408},{"Length":27,"Height":33,"Demand":1,"DemandMax":null,"Value":891},{"Length":4,"Height":98,"Demand":1,"DemandMax":null,"Value":392},{"Length":32,"Height":31,"Demand":1,"DemandMax":null,"Value":992},{"Length":4,"Height":3,"Demand":1,"DemandMax":null,"Value":12},{"Length":40,"Height":7,"Demand":1,"DemandMax":null,"Value":280},{"Length":88,"Height":11,"Demand":1,"DemandMax":null,"Value":968},{"Length":50,"Height":11,"Demand":1,"DemandMax":null,"Value":550},{"Length":88,"Height":72,"Demand":1,"DemandMax":null,"Value":6336},{"Length":63,"Height":92,"Demand":1,"DemandMax":null,"Value":5796},{"Length":22,"Height":91,"Demand":1,"DemandMax":null,"Value":2002},{"Length":80,"Height":51,"Demand":1,"DemandMax":null,"Value":4080},{"Length":33,"Height":5,"Demand":1,"DemandMax":null,"Value":165},{"Length":100,"Height":90,"Demand":1,"DemandMax":null,"Value":9000},{"Length":23,"Height":25,"Demand":1,"DemandMax":null,"Value":575},{"Length":22,"Height":5,"Demand":1,"DemandMax":null,"Value":110},{"Length":41,"Height":49,"Demand":1,"DemandMax":null,"Value":2009},{"Length":47,"Height":49,"Demand":1,"DemandMax":null,"Value":2303},{"Length":36,"Height":25,"Demand":1,"DemandMax":null,"Value":900},{"Length":25,"Height":20,"Demand":1,"DemandMax":null,"Value":500},{"Length":9,"Height":4,"Demand":1,"DemandMax":null,"Value":36},{"Length":7,"Height":20,"Demand":1,"DemandMax":null,"Value":140},{"Length":11,"Height":36,"Demand":1,"DemandMax":null,"Value":396},{"Length":41,"Height":47,"Demand":1,"DemandMax":null,"Value":1927},{"Length":40,"Height":21,"Demand":1,"DemandMax":null,"Value":840},{"Length":27,"Height":2,"Demand":1,"DemandMax":null,"Value":54},{"Length":47,"Height":9,"Demand":1,"DemandMax":null,"Value":423},{"Length":17,"Height":90,"Demand":1,"DemandMax":null,"Value":1530},{"Length":32,"Height":50,"Demand":1,"DemandMax":null,"Value":1600},{"Length":10,"Height":46,"Demand":1,"DemandMax":null,"Value":460},{"Length":97,"Height":43,"Demand":1,"DemandMax":null,"Value":4171},{"Length":6,"Height":90,"Demand":1,"DemandMax":null,"Value":540},{"Length":90,"Height":40,"Demand":1,"DemandMax":null,"Value":3600},{"Length":4,"Height":2,"Demand":1,"DemandMax":null,"Value":8},{"Length":5,"Height":40,"Demand":1,"DemandMax":null,"Value":200},{"Length":6,"Height":47,"Demand":1,"DemandMax":null,"Value":282},{"Length":1,"Height":42,"Demand":1,"DemandMax":null,"Value":42},{"Length":59,"Height":69,"Demand":1,"DemandMax":null,"Value":4071},{"Length":75,"Height":97,"Demand":1,"DemandMax":null,"Value":7275},{"Length":77,"Height":20,"Demand":1,"DemandMax":null,"Value":1540}]}