{"Name":"CLASS07_060_10","Objects":[{"Length":100,"Height":100,"Stock":null,"Cost":10000}],"Items":[{"Length":38,"Height":90,"Demand":1,"DemandMax":null,"Value":3420},{"Length":82,"Height":24,"Demand":1,"DemandMax":null,"Value":1968},{"Length":78,"Height":14,"Demand":1,"DemandMax":null,"Value":1092},{"Length":88,"Height":98,"Demand":1,"DemandMax":null,"Value":8624},{"Length":84,"Height":45,"Demand":1,"DemandMax":null,"Value":3780},{"Length":68,"Height":49,"Demand":1,"DemandMax":null,"Value":3332},{"Length":75,"Height":29,"Demand":1,"DemandMax":null,"Value":2175},{"Length":82,"Height":28,"Demand":1,"DemandMax":null,"Value":2296},{"Length":28,"Height":76,"Demand":1,"DemandMax":null,"Value":2128},{"Length":46,"Height":35,"Demand":1,"DemandMax":null,"Value":1610},{"Length":79,"Height":6,"Demand":1,"DemandMax":null,"Value":474},{"Length":21,"Height":79,"Demand":1,"DemandMax":null,"Value":1659},{"Length":94,"Height":48,"Demand":1,"DemandMax":null,"Value":4512},{"Length":99,"Height":33,"Demand":1,"DemandMax":null,"Value":3267},{"Length":92,"Height":44,"Demand":1,"DemandMax":null,"Value":4048},{"Length":86,"Height":24,"Demand":1,"DemandMax":null,"Value":2064},{"Length":15,"Height":95,"Demand":1,"DemandMax":null,"Value":1425},{"Length":75,"Height":43,"Demand":1,"DemandMax":null,"Value":3225},{"Length":79,"Height":44,"Demand":1,"DemandMax":null,"Value":3476},{"Length":100,"Height":40,"Demand":1,"DemandMax":null,"Value":4000},{"Length":66,"Height":48,"Demand":1,"DemandMax":null,"Value":3168},{"Length":40,"Height":75,"Demand":1,"DemandMax":null,"Value":3000},{"Length":73,"Height":6,"Demand":1,"DemandMax":null,"Value":438},{"Length":82,"Height":66,"Demand":1,"DemandMax":null,"Value":5412},{"Length":49,"Height":76,"Demand":1,"DemandMax":null,"Value":3724},{"Length":85,"Height":47,"Demand":1,"DemandMax":null,"Value":3995},{"Length":64,"Height":79,"Demand":1,"DemandMax":null,"Value":5056},{"Length":84,"Height":6,"Demand":1,"DemandMax":null,"Value":504},{"Length":71,"Height":45,"Demand":1,"DemandMax":null,"Value":3195},{"Length":28,"Height":94,"Demand":1,"DemandMax":null,"Value":2632},{"Length":30,"Height":75,"Demand":1,"DemandMax":null,"Value":2250},{"Length":88,"Height":6,"Demand":1,"DemandMax":null,"Value":528},{"Length":86,"Height":36,"Demand":1,"DemandMax":null,"Value":3096},{"Length":93,"Height":48,"Demand":1,"DemandMax":null,"Value":4464},{"Length":7,"Height":11,"Demand":1,"DemandMax":null,"Value":77},{"Length":100,"Height":18,"Demand":1,"DemandMax":null,"Value":1800},{"Length":61,"Height":88,"Demand":1,"DemandMax":null,"Value":5368},{"Length":74,"Height":16,"Demand":1,"DemandMax":null,"Value":1184},{"Length":97,"Height":19,"Demand":1,"DemandMax":null,"Value":1843},{"Length":85,"Height":42,"Demand":1,"DemandMax":null,"Value":3570},{"Length":69,"Height":3,"Demand":1,"DemandMax":null,"Value":207},{"Length":47,"Height":46,"Demand":1,"DemandMax":null,"Value":2162},{"Length":45,"Height":39,"Demand":1,"DemandMax":null,"Value":1755},{"Length":19,"Height":84,"Demand":1,"DemandMax":null,"Value":1596},{"Length":74,"Height":29,"Demand":1,"DemandMax":null,"Value":2146},{"Length":96,"Height":37,"Demand":1,"DemandMax":null,"Value":3552},{"Length":56,"Height":70,"Demand":1,"DemandMax":null,"Value":3920},{"Length":80,"Height":25,"Demand":1,"DemandMax":null,"Value":2000},{"Length":86,"Height":16,"Demand":1,"DemandMax":null,"Value":1376},{"Length":66,"Height":40,"Demand":1,"DemandMax":null,"Value":2640},{"Length":31,"Height":14,"Demand":1,"DemandMax":null,"Value":434},{"Length":90,"Height":33,"Demand":1,"DemandMax":null,"Value":2970},{"Length":72,"Height":16,"Demand":1,"DemandMax":null,"Value":1152},{"Length":80,"Height":5,"Demand":1,"DemandMax":null,"Value":400},{"Length":76,"Height":20,"Demand":1,"DemandMax":null,"Value":1520},{"Length":73,"Height":4,"Demand":1,"DemandMax":null,"Value":292},{"Length":50,"Height":84,"Demand":1,"DemandMax":null,"Value":4200},{"Length":67,"Height":31,"Demand":1,"DemandMax":null,"Value":2077},{"Length":62,"Height":86,"Demand":1,"DemandMax":null,"Value":5332},{"Length":98,"Height":86,"Demand":1,"DemandMax":null,"Value":8428}]}