{"Name":"CLASS06_020_04","Objects":[{"Length":300,"Height":300,"Stock":null,"Cost":90000}],"Items":[{"Length":40,"Height":70,"Demand":1,"DemandMax":null,"Value":2800},{"Length":4,"Height":21,"Demand":1,"DemandMax":null,"Value":84},{"Length":52,"Height":62,"Demand":1,"DemandMax":null,"Value":3224},{"Length":73,"Height":15,"Demand":1,"DemandMax":null,"Value":1095},{"Length":89,"Height":35,"Demand":1,"DemandMax":null,"Value":3115},{"Length":56,"Height":11,"Demand":1,"DemandMax":null,"Value":616},{"Length":62,"Height":65,"Demand":1,"DemandMax":null,"Value":4030},{"Length":30,"Height":54,"Demand":1,"DemandMax":null,"Value":1620},{"Length":16,"Height":65,"Demand":1,"DemandMax":null,"Value":1040},{"Length":7,"Height":22,"Demand":1,"DemandMax":null,"Value":154},{"Length":27,"Height":79,"Demand":1,"DemandMax":null,"Value":2133},{"Length":31,"Height":26,"Demand":1,"DemandMax":null,"Value":806},{"Length":8,"Height":84,"Demand":1,"DemandMax":null,"Value":672},{"Length":80,"Height":10,"Demand":1,"DemandMax":null,"Value":800},{"Length":3,"Height":92,"Demand":1,"DemandMax":null,"Value":276},{"Length":65,"Height":53,"Demand":1,"DemandMax":null,"Value":3445},{"Length":89,"Height":47,"Demand":1,"DemandMax":null,"Value":4183},{"Length":30,"Height":64,"Demand":1,"DemandMax":null,"Value":1920},{"Length":78,"Height":27,"Demand":1,"DemandMax":null,"Value":2106},{"Length":53,"Height":90,"Demand":1,"DemandMax":null,"Value":4770}]}