{"Name":"CLASS09_040_08","Objects":[{"Length":100,"Height":100,"Stock":null,"Cost":10000}],"Items":[{"Length":67,"Height":49,"Demand":1,"DemandMax":null,"Value":3283},{"Length":93,"Height":83,"Demand":1,"DemandMax":null,"Value":7719},{"Length":65,"Height":93,"Demand":1,"DemandMax":null,"Value":6045},{"Length":90,"Height":73,"Demand":1,"DemandMax":null,"Value":6570},{"Length":57,"Height":91,"Demand":1,"DemandMax":null,"Value":5187},{"Length":89,"Height":91,"Demand":1,"DemandMax":null,"Value":8099},{"Length":27,"Height":41,"Demand":1,"DemandMax":null,"Value":1107},{"Length":91,"Height":86,"Demand":1,"DemandMax":null,"Value":7826},{"Length":83,"Height":45,"Demand":1,"DemandMax":null,"Value":3735},{"Length":47,"Height":10,"Demand":1,"DemandMax":null,"Value":470},{"Length":100,"Height":50,"Demand":1,"DemandMax":null,"Value":5000},{"Length":54,"Height":61,"Demand":1,"DemandMax":null,"Value":3294},{"Length":4,"Height":10,"Demand":1,"DemandMax":null,"Value":40},{"Length":65,"Height":91,"Demand":1,"DemandMax":null,"Value":5915},{"Length":85,"Height":72,"Demand":1,"DemandMax":null,"Value":6120},{"Length":79,"Height":98,"Demand":1,"DemandMax":null,"Value":7742},{"Length":96,"Height":37,"Demand":1,"DemandMax":null,"Value":3552},{"Length":97,"Height":83,"Demand":1,"DemandMax":null,"Value":8051},{"Length":31,"Height":5,"Demand":1,"DemandMax":null,"Value":155},{"Length":66,"Height":96,"Demand":1,"DemandMax":null,"Value":6336},{"Length":96,"Height":75,"Demand":1,"DemandMax":null,"Value":7200},{"Length":89,"Height":87,"Demand":1,"DemandMax":null,"Value":7743},{"Length":89,"Height":99,"Demand":1,"DemandMax":null,"Value":8811},{"Length":64,"Height":55,"Demand":1,"DemandMax":null,"Value":3520},{"Length":10,"Height":26,"Demand":1,"DemandMax":null,"Value":260},{"Length":96,"Height":3,"Demand":1,"DemandMax":null,"Value":288},{"Length":71,"Height":6,"Demand":1,"DemandMax":null,"Value":426},{"Length":75,"Height":77,"Demand":1,"DemandMax":null,"Value":5775},{"Length":85,"Height":88,"Demand":1,"DemandMax":null,"Value":7480},{"Length":59,"Height":80,"Demand":1,"DemandMax":null,"Value":4720},{"Length":40,"Height":23,"Demand":1,"DemandMax":null,"Value":920},{"Length":98,"Height":11,"Demand":1,"DemandMax":null,"Value":1078},{"Length":72,"Height":61,"Demand":1,"DemandMax":null,"Value":4392},{"Length":87,"Height":69,"Demand":1,"DemandMax":null,"Value":6003},{"Length":33,"Height":67,"Demand":1,"DemandMax":null,"Value":2211},{"Length":86,"Height":6,"Demand":1,"DemandMax":null,"Value":516},{"Length":80,"Height":47,"Demand":1,"DemandMax":null,"Value":3760},{"Length":76,"Height":70,"Demand":1,"DemandMax":null,"Value":5320},{"Length":88,"Height":94,"Demand":1,"DemandMax":null,"Value":8272},{"Length":75,"Height":62,"Demand":1,"DemandMax":null,"Value":4650}]}