{"Name":"CLASS10_020_04","Objects":[{"Length":100,"Height":100,"Stock":null,"Cost":10000}],"Items":[{"Length":11,"Height":20,"Demand":1,"DemandMax":null,"Value":220},{"Length":84,"Height":31,"Demand":1,"DemandMax":null,"Value":2604},{"Length":18,"Height":91,"Demand":1,"DemandMax":null,"Value":1638},{"Length":28,"Height":6,"Demand":1,"DemandMax":null,"Value":168},{"Length":27,"Height":31,"Demand":1,"DemandMax":null,"Value":837},{"Length":57,"Height":83,"Demand":1,"DemandMax":null,"Value":4731},{"Length":90,"Height":53,"Demand":1,"DemandMax":null,"Value":4770},{"Length":65,"Height":62,"Demand":1,"DemandMax":null,"Value":4030},{"Length":5,"Height":4,"Demand":1,"DemandMax":null,"Value":20},{"Length":2,"Height":46,"Demand":1,"DemandMax":null,"Value":92},{"Length":24,"Height":33,"Demand":1,"DemandMax":null,"Value":792},{"Length":15,"Height":32,"Demand":1,"DemandMax":null,"Value":480},{"Length":95,"Height":89,"Demand":1,"DemandMax":null,"Value":8455},{"Length":7,"Height":21,"Demand":1,"DemandMax":null,"Value":147},{"Length":79,"Height":23,"Demand":1,"DemandMax":null,"Value":1817},{"Length":26,"Height":13,"Demand":1,"DemandMax":null,"Value":338},{"Length":47,"Height":35,"Demand":1,"DemandMax":null,"Value":1645},{"Length":24,"Height":8,"Demand":1,"DemandMax":null,"Value":192},{"Length":27,"Height":25,"Demand":1,"DemandMax":null,"Value":675},{"Length":49,"Height":6,"Demand":1,"DemandMax":null,"Value":294}]}