{"Name":"CLASS09_020_02","Objects":[{"Length":100,"Height":100,"Stock":null,"Cost":10000}],"Items":[{"Length":36,"Height":72,"Demand":1,"DemandMax":null,"Value":2592},{"Length":98,"Height":55,"Demand":1,"DemandMax":null,"Value":5390},{"Length":66,"Height":53,"Demand":1,"DemandMax":null,"Value":3498},{"Length":60,"Height":95,"Demand":1,"DemandMax":null,"Value":5700},{"Length":74,"Height":50,"Demand":1,"DemandMax":null,"Value":3700},{"Length":84,"Height":13,"Demand":1,"DemandMax":null,"Value":1092},{"Length":72,"Height":1,"Demand":1,"DemandMax":null,"Value":72},{"Length":95,"Height":57,"Demand":1,"DemandMax":null,"Value":5415},{"Length":74,"Height":53,"Demand":1,"DemandMax":null,"Value":3922},{"Length":66,"Height":81,"Demand":1,"DemandMax":null,"Value":5346},{"Length":16,"Height":72,"Demand":1,"DemandMax":null,"Value":1152},{"Length":91,"Height":82,"Demand":1,"DemandMax":null,"Value":7462},{"Length":90,"Height":19,"Demand":1,"DemandMax":null,"Value":1710},{"Length":68,"Height":61,"Demand":1,"DemandMax":null,"Value":4148},{"Length":83,"Height":80,"Demand":1,"DemandMax":null,"Value":6640},{"Length":99,"Height":68,"Demand":1,"DemandMax":null,"Value":6732},{"Length":58,"Height":95,"Demand":1,"DemandMax":null,"Value":5510},{"Length":88,"Height":4,"Demand":1,"DemandMax":null,"Value":352},{"Length":74,"Height":13,"Demand":1,"DemandMax":null,"Value":962},{"Length":68,"Height":66,"Demand":1,"DemandMax":null,"Value":4488}]}