{"Name":"CLASS09_020_09","Objects":[{"Length":100,"Height":100,"Stock":null,"Cost":10000}],"Items":[{"Length":68,"Height":76,"Demand":1,"DemandMax":null,"Value":5168},{"Length":99,"Height":71,"Demand":1,"DemandMax":null,"Value":7029},{"Length":99,"Height":79,"Demand":1,"DemandMax":null,"Value":7821},{"Length":86,"Height":94,"Demand":1,"DemandMax":null,"Value":8084},{"Length":56,"Height":85,"Demand":1,"DemandMax":null,"Value":4760},{"Length":77,"Height":95,"Demand":1,"DemandMax":null,"Value":7315},{"Length":93,"Height":94,"Demand":1,"DemandMax":null,"Value":8742},{"Length":71,"Height":74,"Demand":1,"DemandMax":null,"Value":5254},{"Length":56,"Height":54,"Demand":1,"DemandMax":null,"Value":3024},{"Length":68,"Height":80,"Demand":1,"DemandMax":null,"Value":5440},{"Length":99,"Height":20,"Demand":1,"DemandMax":null,"Value":1980},{"Length":18,"Height":76,"Demand":1,"DemandMax":null,"Value":1368},{"Length":68,"Height":87,"Demand":1,"DemandMax":null,"Value":5916},{"Length":70,"Height":78,"Demand":1,"DemandMax":null,"Value":5460},{"Length":77,"Height":7,"Demand":1,"DemandMax":null,"Value":539},{"Length":26,"Height":18,"Demand":1,"DemandMax":null,"Value":468},{"Length":92,"Height":80,"Demand":1,"DemandMax":null,"Value":7360},{"Length":84,"Height":87,"Demand":1,"DemandMax":null,"Value":7308},{"Length":96,"Height":56,"Demand":1,"DemandMax":null,"Value":5376},{"Length":97,"Height":33,"Demand":1,"DemandMax":null,"Value":3201}]}