{"Name":"CLASS08_080_03","Objects":[{"Length":100,"Height":100,"Stock":null,"Cost":10000}],"Items":[{"Length":1,"Height":74,"Demand":1,"DemandMax":null,"Value":74},{"Length":24,"Height":88,"Demand":1,"DemandMax":null,"Value":2112},{"Length":16,"Height":77,"Demand":1,"DemandMax":null,"Value":1232},{"Length":98,"Height":7,"Demand":1,"DemandMax":null,"Value":686},{"Length":9,"Height":81,"Demand":1,"DemandMax":null,"Value":729},{"Length":22,"Height":71,"Demand":1,"DemandMax":null,"Value":1562},{"Length":29,"Height":88,"Demand":1,"DemandMax":null,"Value":2552},{"Length":100,"Height":39,"Demand":1,"DemandMax":null,"Value":3900},{"Length":85,"Height":45,"Demand":1,"DemandMax":null,"Value":3825},{"Length":31,"Height":98,"Demand":1,"DemandMax":null,"Value":3038},{"Length":68,"Height":11,"Demand":1,"DemandMax":null,"Value":748},{"Length":16,"Height":88,"Demand":1,"DemandMax":null,"Value":1408},{"Length":9,"Height":86,"Demand":1,"DemandMax":null,"Value":774},{"Length":67,"Height":46,"Demand":1,"DemandMax":null,"Value":3082},{"Length":41,"Height":66,"Demand":1,"DemandMax":null,"Value":2706},{"Length":92,"Height":87,"Demand":1,"DemandMax":null,"Value":8004},{"Length":1,"Height":83,"Demand":1,"DemandMax":null,"Value":83},{"Length":35,"Height":70,"Demand":1,"DemandMax":null,"Value":2450},{"Length":39,"Height":67,"Demand":1,"DemandMax":null,"Value":2613},{"Length":31,"Height":68,"Demand":1,"DemandMax":null,"Value":2108},{"Length":5,"Height":88,"Demand":1,"DemandMax":null,"Value":440},{"Length":30,"Height":86,"Demand":1,"DemandMax":null,"Value":2580},{"Length":99,"Height":65,"Demand":1,"DemandMax":null,"Value":6435},{"Length":32,"Height":88,"Demand":1,"DemandMax":null,"Value":2816},{"Length":21,"Height":66,"Demand":1,"DemandMax":null,"Value":1386},{"Length":36,"Height":75,"Demand":1,"DemandMax":null,"Value":2700},{"Length":21,"Height":93,"Demand":1,"DemandMax":null,"Value":1953},{"Length":44,"Height":81,"Demand":1,"DemandMax":null,"Value":3564},{"Length":48,"Height":87,"Demand":1,"DemandMax":null,"Value":4176},{"Length":4,"Height":10,"Demand":1,"DemandMax":null,"Value":40},{"Length":53,"Height":76,"Demand":1,"DemandMax":null,"Value":4028},{"Length":17,"Height":83,"Demand":1,"DemandMax":null,"Value":1411},{"Length":37,"Height":24,"Demand":1,"DemandMax":null,"Value":888},{"Length":33,"Height":78,"Demand":1,"DemandMax":null,"Value":2574},{"Length":49,"Height":82,"Demand":1,"DemandMax":null,"Value":4018},{"Length":52,"Height":88,"Demand":1,"DemandMax":null,"Value":4576},{"Length":38,"Height":28,"Demand":1,"DemandMax":null,"Value":1064},{"Length":25,"Height":91,"Demand":1,"DemandMax":null,"Value":2275},{"Length":5,"Height":89,"Demand":1,"DemandMax":null,"Value":445},{"Length":50,"Height":75,"Demand":1,"DemandMax":null,"Value":3750},{"Length":1,"Height":96,"Demand":1,"DemandMax":null,"Value":96},{"Length":27,"Height":78,"Demand":1,"DemandMax":null,"Value":2106},{"Length":82,"Height":6,"Demand":1,"DemandMax":null,"Value":492},{"Length":8,"Height":1,"Demand":1,"DemandMax":null,"Value":8},{"Length":25,"Height":80,"Demand":1,"DemandMax":null,"Value":2000},{"Length":42,"Height":73,"Demand":1,"DemandMax":null,"Value":3066},{"Length":4,"Height":92,"Demand":1,"DemandMax":null,"Value":368},{"Length":29,"Height":100,"Demand":1,"DemandMax":null,"Value":2900},{"Length":10,"Height":72,"Demand":1,"DemandMax":null,"Value":720},{"Length":78,"Height":15,"Demand":1,"DemandMax":null,"Value":1170},{"Length":45,"Height":89,"Demand":1,"DemandMax":null,"Value":4005},{"Length":60,"Height":58,"Demand":1,"DemandMax":null,"Value":3480},{"Length":8,"Height":73,"Demand":1,"DemandMax":null,"Value":584},{"Length":6,"Height":87,"Demand":1,"DemandMax":null,"Value":522},{"Length":48,"Height":93,"Demand":1,"DemandMax":null,"Value":4464},{"Length":4,"Height":87,"Demand":1,"DemandMax":null,"Value":348},{"Length":17,"Height":81,"Demand":1,"DemandMax":null,"Value":1377},{"Length":5,"Height":71,"Demand":1,"DemandMax":null,"Value":355},{"Length":13,"Height":71,"Demand":1,"DemandMax":null,"Value":923},{"Length":10,"Height":75,"Demand":1,"DemandMax":null,"Value":750},{"Length":38,"Height":98,"Demand":1,"DemandMax":null,"Value":3724},{"Length":66,"Height":98,"Demand":1,"DemandMax":null,"Value":6468},{"Length":40,"Height":92,"Demand":1,"DemandMax":null,"Value":3680},{"Length":84,"Height":10,"Demand":1,"DemandMax":null,"Value":840},{"Length":20,"Height":88,"Demand":1,"DemandMax":null,"Value":1760},{"Length":39,"Height":100,"Demand":1,"DemandMax":null,"Value":3900},{"Length":28,"Height":30,"Demand":1,"DemandMax":null,"Value":840},{"Length":5,"Height":77,"Demand":1,"DemandMax":null,"Value":385},{"Length":14,"Height":86,"Demand":1,"DemandMax":null,"Value":1204},{"Length":24,"Height":12,"Demand":1,"DemandMax":null,"Value":288},{"Length":28,"Height":33,"Demand":1,"DemandMax":null,"Value":924},{"Length":46,"Height":90,"Demand":1,"DemandMax":null,"Value":4140},{"Length":20,"Height":92,"Demand":1,"DemandMax":null,"Value":1840},{"Length":69,"Height":86,"Demand":1,"DemandMax":null,"Value":5934},{"Length":40,"Height":98,"Demand":1,"DemandMax":null,"Value":3920},{"Length":48,"Height":76,"Demand":1,"DemandMax":null,"Value":3648},{"Length":37,"Height":72,"Demand":1,"DemandMax":null,"Value":2664},{"Length":28,"Height":22,"Demand":1,"DemandMax":null,"Value":616},{"Length":13,"Height":82,"Demand":1,"DemandMax":null,"Value":1066},{"Length":11,"Height":70,"Demand":1,"DemandMax":null,"Value":770}]}