{"Name":"CLASS09_100_09","Objects":[{"Length":100,"Height":100,"Stock":null,"Cost":10000}],"Items":[{"Length":50,"Height":72,"Demand":1,"DemandMax":null,"Value":3600},{"Length":57,"Height":86,"Demand":1,"DemandMax":null,"Value":4902},{"Length":52,"Height":58,"Demand":2,"DemandMax":null,"Value":3016},{"Length":79,"Height":55,"Demand":1,"DemandMax":null,"Value":4345},{"Length":56,"Height":72,"Demand":1,"DemandMax":null,"Value":4032},{"Length":79,"Height":77,"Demand":1,"DemandMax":null,"Value":6083},{"Length":63,"Height":64,"Demand":1,"DemandMax":null,"Value":4032},{"Length":56,"Height":51,"Demand":1,"DemandMax":null,"Value":2856},{"Length":74,"Height":84,"Demand":1,"DemandMax":null,"Value":6216},{"Length":61,"Height":80,"Demand":1,"DemandMax":null,"Value":4880},{"Length":87,"Height":82,"Demand":1,"DemandMax":null,"Value":7134},{"Length":97,"Height":11,"Demand":1,"DemandMax":null,"Value":1067},{"Length":69,"Height":44,"Demand":1,"DemandMax":null,"Value":3036},{"Length":22,"Height":74,"Demand":1,"DemandMax":null,"Value":1628},{"Length":95,"Height":80,"Demand":1,"DemandMax":null,"Value":7600},{"Length":44,"Height":44,"Demand":1,"DemandMax":null,"Value":1936},{"Length":61,"Height":70,"Demand":1,"DemandMax":null,"Value":4270},{"Length":68,"Height":53,"Demand":1,"DemandMax":null,"Value":3604},{"Length":56,"Height":62,"Demand":1,"DemandMax":null,"Value":3472},{"Length":96,"Height":91,"Demand":1,"DemandMax":null,"Value":8736},{"Length":79,"Height":57,"Demand":1,"DemandMax":null,"Value":4503},{"Length":76,"Height":56,"Demand":1,"DemandMax":null,"Value":4256},{"Length":80,"Height":55,"Demand":1,"DemandMax":null,"Value":4400},{"Length":59,"Height":100,"Demand":1,"DemandMax":null,"Value":5900},{"Length":9,"Height":7,"Demand":1,"DemandMax":null,"Value":63},{"Length":96,"Height":71,"Demand":1,"DemandMax":null,"Value":6816},{"Length":16,"Height":11,"Demand":1,"DemandMax":null,"Value":176},{"Length":85,"Height":70,"Demand":1,"DemandMax":null,"Value":5950},{"Length":100,"Height":67,"Demand":1,"DemandMax":null,"Value":6700},{"Length":77,"Height":97,"Demand":1,"DemandMax":null,"Value":7469},{"Length":62,"Height":77,"Demand":1,"DemandMax":null,"Value":4774},{"Length":23,"Height":3,"Demand":1,"DemandMax":null,"Value":69},{"Length":3,"Height":93,"Demand":1,"DemandMax":null,"Value":279},{"Length":70,"Height":85,"Demand":1,"DemandMax":null,"Value":5950},{"Length":70,"Height":55,"Demand":1,"DemandMax":null,"Value":3850},{"Length":71,"Height":96,"Demand":1,"DemandMax":null,"Value":6816},{"Length":77,"Height":25,"Demand":1,"DemandMax":null,"Value":1925},{"Length":26,"Height":35,"Demand":1,"DemandMax":null,"Value":910},{"Length":91,"Height":96,"Demand":1,"DemandMax":null,"Value":8736},{"Length":82,"Height":51,"Demand":1,"DemandMax":null,"Value":4182},{"Length":43,"Height":80,"Demand":1,"DemandMax":null,"Value":3440},{"Length":42,"Height":46,"Demand":1,"DemandMax":null,"Value":1932},{"Length":73,"Height":98,"Demand":1,"DemandMax":null,"Value":7154},{"Length":54,"Height":68,"Demand":1,"DemandMax":null,"Value":3672},{"Length":81,"Height":78,"Demand":1,"DemandMax":null,"Value":6318},{"Length":20,"Height":79,"Demand":1,"DemandMax":null,"Value":1580},{"Length":77,"Height":11,"Demand":1,"DemandMax":null,"Value":847},{"Length":88,"Height":98,"Demand":1,"DemandMax":null,"Value":8624},{"Length":30,"Height":98,"Demand":1,"DemandMax":null,"Value":2940},{"Length":59,"Height":53,"Demand":1,"DemandMax":null,"Value":3127},{"Length":71,"Height":86,"Demand":1,"DemandMax":null,"Value":6106},{"Length":84,"Height":88,"Demand":1,"DemandMax":null,"Value":7392},{"Length":94,"Height":28,"Demand":1,"DemandMax":null,"Value":2632},{"Length":61,"Height":100,"Demand":1,"DemandMax":null,"Value":6100},{"Length":88,"Height":73,"Demand":1,"DemandMax":null,"Value":6424},{"Length":42,"Height":93,"Demand":1,"DemandMax":null,"Value":3906},{"Length":14,"Height":80,"Demand":1,"DemandMax":null,"Value":1120},{"Length":25,"Height":71,"Demand":1,"DemandMax":null,"Value":1775},{"Length":17,"Height":21,"Demand":1,"DemandMax":null,"Value":357},{"Length":11,"Height":68,"Demand":1,"DemandMax":null,"Value":748},{"Length":98,"Height":75,"Demand":1,"DemandMax":null,"Value":7350},{"Length":99,"Height":77,"Demand":1,"DemandMax":null,"Value":7623},{"Length":57,"Height":81,"Demand":1,"DemandMax":null,"Value":4617},{"Length":91,"Height":79,"Demand":1,"DemandMax":null,"Value":7189},{"Length":44,"Height":41,"Demand":1,"DemandMax":null,"Value":1804},{"Length":86,"Height":58,"Demand":1,"DemandMax":null,"Value":4988},{"Length":72,"Height":3,"Demand":1,"DemandMax":null,"Value":216},{"Length":83,"Height":66,"Demand":1,"DemandMax":null,"Value":5478},{"Length":51,"Height":68,"Demand":1,"DemandMax":null,"Value":3468},{"Length":34,"Height":67,"Demand":1,"DemandMax":null,"Value":2278},{"Length":23,"Height":37,"Demand":1,"DemandMax":null,"Value":851},{"Length":87,"Height":65,"Demand":1,"DemandMax":null,"Value":5655},{"Length":71,"Height":57,"Demand":1,"DemandMax":null,"Value":4047},{"Length":96,"Height":7,"Demand":1,"DemandMax":null,"Value":672},{"Length":48,"Height":87,"Demand":1,"DemandMax":null,"Value":4176},{"Length":52,"Height":76,"Demand":1,"DemandMax":null,"Value":3952},{"Length":67,"Height":9,"Demand":1,"DemandMax":null,"Value":603},{"Length":76,"Height":23,"Demand":1,"DemandMax":null,"Value":1748},{"Length":85,"Height":88,"Demand":1,"DemandMax":null,"Value":7480},{"Length":80,"Height":98,"Demand":1,"DemandMax":null,"Value":7840},{"Length":95,"Height":71,"Demand":1,"DemandMax":null,"Value":6745},{"Length":98,"Height":50,"Demand":1,"DemandMax":null,"Value":4900},{"Length":89,"Height":7,"Demand":1,"DemandMax":null,"Value":623},{"Length":79,"Height":32,"Demand":1,"DemandMax":null,"Value":2528},{"Length":99,"Height":95,"Demand":1,"DemandMax":null,"Value":9405},{"Length":93,"Height":91,"Demand":1,"DemandMax":null,"Value":8463},{"Length":44,"Height":37,"Demand":1,"DemandMax":null,"Value":1628},{"Length":69,"Height":77,"Demand":1,"DemandMax":null,"Value":5313},{"Length":16,"Height":87,"Demand":1,"DemandMax":null,"Value":1392},{"Length":99,"Height":92,"Demand":1,"DemandMax":null,"Value":9108},{"Length":15,"Height":29,"Demand":1,"DemandMax":null,"Value":435},{"Length":82,"Height":84,"Demand":1,"DemandMax":null,"Value":6888},{"Length":93,"Height":78,"Demand":1,"DemandMax":null,"Value":7254},{"Length":67,"Height":54,"Demand":1,"DemandMax":null,"Value":3618},{"Length":99,"Height":82,"Demand":1,"DemandMax":null,"Value":8118},{"Length":55,"Height":52,"Demand":1,"DemandMax":null,"Value":2860},{"Length":82,"Height":88,"Demand":1,"DemandMax":null,"Value":7216},{"Length":97,"Height":79,"Demand":1,"DemandMax":null,"Value":7663},{"Length":94,"Height":97,"Demand":1,"DemandMax":null,"Value":9118}]}