{"Name":"CLASS10_100_04","Objects":[{"Length":100,"Height":100,"Stock":null,"Cost":10000}],"Items":[{"Length":17,"Height":36,"Demand":1,"DemandMax":null,"Value":612},{"Length":18,"Height":26,"Demand":1,"DemandMax":null,"Value":468},{"Length":63,"Height":54,"Demand":1,"DemandMax":null,"Value":3402},{"Length":72,"Height":64,"Demand":1,"DemandMax":null,"Value":4608},{"Length":38,"Height":26,"Demand":1,"DemandMax":null,"Value":988},{"Length":29,"Height":32,"Demand":1,"DemandMax":null,"Value":928},{"Length":40,"Height":50,"Demand":1,"DemandMax":null,"Value":2000},{"Length":88,"Height":76,"Demand":1,"DemandMax":null,"Value":6688},{"Length":20,"Height":28,"Demand":1,"DemandMax":null,"Value":560},{"Length":1,"Height":49,"Demand":1,"DemandMax":null,"Value":49},{"Length":27,"Height":8,"Demand":1,"DemandMax":null,"Value":216},{"Length":17,"Height":49,"Demand":1,"DemandMax":null,"Value":833},{"Length":13,"Height":41,"Demand":1,"DemandMax":null,"Value":533},{"Length":90,"Height":27,"Demand":1,"DemandMax":null,"Value":2430},{"Length":27,"Height":27,"Demand":1,"DemandMax":null,"Value":729},{"Length":6,"Height":34,"Demand":1,"DemandMax":null,"Value":204},{"Length":78,"Height":16,"Demand":1,"DemandMax":null,"Value":1248},{"Length":31,"Height":18,"Demand":2,"DemandMax":null,"Value":558},{"Length":87,"Height":57,"Demand":1,"DemandMax":null,"Value":4959},{"Length":8,"Height":30,"Demand":1,"DemandMax":null,"Value":240},{"Length":90,"Height":3,"Demand":1,"DemandMax":null,"Value":270},{"Length":38,"Height":20,"Demand":1,"DemandMax":null,"Value":760},{"Length":10,"Height":1,"Demand":1,"DemandMax":null,"Value":10},{"Length":21,"Height":38,"Demand":1,"DemandMax":null,"Value":798},{"Length":63,"Height":50,"Demand":1,"DemandMax":null,"Value":3150},{"Length":7,"Height":34,"Demand":1,"DemandMax":null,"Value":238},{"Length":45,"Height":5,"Demand":1,"DemandMax":null,"Value":225},{"Length":46,"Height":8,"Demand":1,"DemandMax":null,"Value":368},{"Length":4,"Height":11,"Demand":1,"DemandMax":null,"Value":44},{"Length":38,"Height":9,"Demand":1,"DemandMax":null,"Value":342},{"Length":91,"Height":70,"Demand":1,"DemandMax":null,"Value":6370},{"Length":32,"Height":39,"Demand":1,"DemandMax":null,"Value":1248},{"Length":6,"Height":33,"Demand":1,"DemandMax":null,"Value":198},{"Length":30,"Height":98,"Demand":1,"DemandMax":null,"Value":2940},{"Length":99,"Height":48,"Demand":1,"DemandMax":null,"Value":4752},{"Length":30,"Height":32,"Demand":1,"DemandMax":null,"Value":960},{"Length":69,"Height":66,"Demand":1,"DemandMax":null,"Value":4554},{"Length":34,"Height":45,"Demand":1,"DemandMax":null,"Value":1530},{"Length":78,"Height":37,"Demand":1,"DemandMax":null,"Value":2886},{"Length":90,"Height":86,"Demand":1,"DemandMax":null,"Value":7740},{"Length":44,"Height":11,"Demand":1,"DemandMax":null,"Value":484},{"Length":49,"Height":6,"Demand":1,"DemandMax":null,"Value":294},{"Length":99,"Height":88,"Demand":1,"DemandMax":null,"Value":8712},{"Length":12,"Height":3,"Demand":1,"DemandMax":null,"Value":36},{"Length":27,"Height":28,"Demand":1,"DemandMax":null,"Value":756},{"Length":42,"Height":1,"Demand":1,"DemandMax":null,"Value":42},{"Length":45,"Height":31,"Demand":1,"DemandMax":null,"Value":1395},{"Length":30,"Height":37,"Demand":1,"DemandMax":null,"Value":1110},{"Length":16,"Height":12,"Demand":1,"DemandMax":null,"Value":192},{"Length":46,"Height":25,"Demand":1,"DemandMax":null,"Value":1150},{"Length":39,"Height":79,"Demand":1,"DemandMax":null,"Value":3081},{"Length":40,"Height":77,"Demand":1,"DemandMax":null,"Value":3080},{"Length":16,"Height":7,"Demand":1,"DemandMax":null,"Value":112},{"Length":12,"Height":11,"Demand":1,"DemandMax":null,"Value":132},{"Length":46,"Height":22,"Demand":1,"DemandMax":null,"Value":1012},{"Length":61,"Height":57,"Demand":1,"DemandMax":null,"Value":3477},{"Length":28,"Height":14,"Demand":1,"DemandMax":null,"Value":392},{"Length":40,"Height":9,"Demand":1,"DemandMax":null,"Value":360},{"Length":14,"Height":35,"Demand":1,"DemandMax":null,"Value":490},{"Length":45,"Height":12,"Demand":1,"DemandMax":null,"Value":540},{"Length":2,"Height":33,"Demand":1,"DemandMax":null,"Value":66},{"Length":85,"Height":18,"Demand":1,"DemandMax":null,"Value":1530},{"Length":44,"Height":72,"Demand":1,"DemandMax":null,"Value":3168},{"Length":94,"Height":27,"Demand":1,"DemandMax":null,"Value":2538},{"Length":38,"Height":14,"Demand":1,"DemandMax":null,"Value":532},{"Length":30,"Height":39,"Demand":1,"DemandMax":null,"Value":1170},{"Length":35,"Height":46,"Demand":1,"DemandMax":null,"Value":1610},{"Length":47,"Height":3,"Demand":1,"DemandMax":null,"Value":141},{"Length":35,"Height":6,"Demand":1,"DemandMax":null,"Value":210},{"Length":43,"Height":21,"Demand":1,"DemandMax":null,"Value":903},{"Length":88,"Height":93,"Demand":1,"DemandMax":null,"Value":8184},{"Length":16,"Height":42,"Demand":1,"DemandMax":null,"Value":672},{"Length":44,"Height":9,"Demand":1,"DemandMax":null,"Value":396},{"Length":17,"Height":15,"Demand":1,"DemandMax":null,"Value":255},{"Length":3,"Height":67,"Demand":1,"DemandMax":null,"Value":201},{"Length":97,"Height":42,"Demand":1,"DemandMax":null,"Value":4074},{"Length":15,"Height":25,"Demand":1,"DemandMax":null,"Value":375},{"Length":67,"Height":21,"Demand":1,"DemandMax":null,"Value":1407},{"Length":30,"Height":25,"Demand":1,"DemandMax":null,"Value":750},{"Length":38,"Height":4,"Demand":1,"DemandMax":null,"Value":152},{"Length":47,"Height":2,"Demand":1,"DemandMax":null,"Value":94},{"Length":1,"Height":39,"Demand":1,"DemandMax":null,"Value":39},{"Length":18,"Height":8,"Demand":1,"DemandMax":null,"Value":144},{"Length":91,"Height":77,"Demand":1,"DemandMax":null,"Value":7007},{"Length":41,"Height":41,"Demand":1,"DemandMax":null,"Value":1681},{"Length":10,"Height":18,"Demand":1,"DemandMax":null,"Value":180},{"Length":17,"Height":2,"Demand":1,"DemandMax":null,"Value":34},{"Length":7,"Height":74,"Demand":1,"DemandMax":null,"Value":518},{"Length":97,"Height":91,"Demand":1,"DemandMax":null,"Value":8827},{"Length":31,"Height":9,"Demand":1,"DemandMax":null,"Value":279},{"Length":29,"Height":71,"Demand":1,"DemandMax":null,"Value":2059},{"Length":34,"Height":9,"Demand":1,"DemandMax":null,"Value":306},{"Length":63,"Height":53,"Demand":1,"DemandMax":null,"Value":3339},{"Length":14,"Height":11,"Demand":1,"DemandMax":null,"Value":154},{"Length":51,"Height":76,"Demand":1,"DemandMax":null,"Value":3876},{"Length":22,"Height":17,"Demand":1,"DemandMax":null,"Value":374},{"Length":43,"Height":27,"Demand":1,"DemandMax":null,"Value":1161},{"Length":57,"Height":75,"Demand":1,"DemandMax":null,"Value":4275},{"Length":37,"Height":6,"Demand":1,"DemandMax":null,"Value":222}]}