{"Name":"CLASS09_100_06","Objects":[{"Length":100,"Height":100,"Stock":null,"Cost":10000}],"Items":[{"Length":87,"Height":85,"Demand":1,"DemandMax":null,"Value":7395},{"Length":74,"Height":74,"Demand":1,"DemandMax":null,"Value":5476},{"Length":18,"Height":75,"Demand":1,"DemandMax":null,"Value":1350},{"Length":88,"Height":98,"Demand":1,"DemandMax":null,"Value":8624},{"Length":27,"Height":97,"Demand":1,"DemandMax":null,"Value":2619},{"Length":53,"Height":99,"Demand":1,"DemandMax":null,"Value":5247},{"Length":63,"Height":78,"Demand":1,"DemandMax":null,"Value":4914},{"Length":24,"Height":85,"Demand":1,"DemandMax":null,"Value":2040},{"Length":78,"Height":65,"Demand":1,"DemandMax":null,"Value":5070},{"Length":46,"Height":35,"Demand":1,"DemandMax":null,"Value":1610},{"Length":70,"Height":55,"Demand":1,"DemandMax":null,"Value":3850},{"Length":70,"Height":70,"Demand":1,"DemandMax":null,"Value":4900},{"Length":90,"Height":98,"Demand":1,"DemandMax":null,"Value":8820},{"Length":99,"Height":83,"Demand":1,"DemandMax":null,"Value":8217},{"Length":89,"Height":94,"Demand":1,"DemandMax":null,"Value":8366},{"Length":79,"Height":74,"Demand":1,"DemandMax":null,"Value":5846},{"Length":64,"Height":92,"Demand":1,"DemandMax":null,"Value":5888},{"Length":63,"Height":93,"Demand":1,"DemandMax":null,"Value":5859},{"Length":68,"Height":94,"Demand":1,"DemandMax":null,"Value":6392},{"Length":100,"Height":89,"Demand":1,"DemandMax":null,"Value":8900},{"Length":1,"Height":99,"Demand":1,"DemandMax":null,"Value":99},{"Length":90,"Height":64,"Demand":1,"DemandMax":null,"Value":5760},{"Length":11,"Height":69,"Demand":1,"DemandMax":null,"Value":759},{"Length":82,"Height":66,"Demand":1,"DemandMax":null,"Value":5412},{"Length":99,"Height":65,"Demand":1,"DemandMax":null,"Value":6435},{"Length":85,"Height":47,"Demand":1,"DemandMax":null,"Value":3995},{"Length":64,"Height":79,"Demand":1,"DemandMax":null,"Value":5056},{"Length":76,"Height":55,"Demand":1,"DemandMax":null,"Value":4180},{"Length":57,"Height":95,"Demand":1,"DemandMax":null,"Value":5415},{"Length":77,"Height":92,"Demand":1,"DemandMax":null,"Value":7084},{"Length":79,"Height":63,"Demand":1,"DemandMax":null,"Value":4977},{"Length":32,"Height":69,"Demand":1,"DemandMax":null,"Value":2208},{"Length":79,"Height":86,"Demand":1,"DemandMax":null,"Value":6794},{"Length":89,"Height":98,"Demand":1,"DemandMax":null,"Value":8722},{"Length":7,"Height":11,"Demand":1,"DemandMax":null,"Value":77},{"Length":100,"Height":18,"Demand":1,"DemandMax":null,"Value":1800},{"Length":61,"Height":88,"Demand":1,"DemandMax":null,"Value":5368},{"Length":62,"Height":65,"Demand":1,"DemandMax":null,"Value":4030},{"Length":95,"Height":69,"Demand":1,"DemandMax":null,"Value":6555},{"Length":78,"Height":92,"Demand":1,"DemandMax":null,"Value":7176},{"Length":55,"Height":52,"Demand":1,"DemandMax":null,"Value":2860},{"Length":47,"Height":46,"Demand":1,"DemandMax":null,"Value":2162},{"Length":45,"Height":39,"Demand":1,"DemandMax":null,"Value":1755},{"Length":68,"Height":77,"Demand":1,"DemandMax":null,"Value":5236},{"Length":12,"Height":85,"Demand":1,"DemandMax":null,"Value":1020},{"Length":94,"Height":87,"Demand":1,"DemandMax":null,"Value":8178},{"Length":56,"Height":70,"Demand":1,"DemandMax":null,"Value":3920},{"Length":71,"Height":74,"Demand":1,"DemandMax":null,"Value":5254},{"Length":30,"Height":77,"Demand":1,"DemandMax":null,"Value":2310},{"Length":51,"Height":90,"Demand":1,"DemandMax":null,"Value":4590},{"Length":31,"Height":14,"Demand":1,"DemandMax":null,"Value":434},{"Length":85,"Height":83,"Demand":1,"DemandMax":null,"Value":7055},{"Length":58,"Height":65,"Demand":1,"DemandMax":null,"Value":3770},{"Length":71,"Height":54,"Demand":1,"DemandMax":null,"Value":3834},{"Length":65,"Height":69,"Demand":1,"DemandMax":null,"Value":4485},{"Length":60,"Height":53,"Demand":1,"DemandMax":null,"Value":3180},{"Length":100,"Height":76,"Demand":1,"DemandMax":null,"Value":7600},{"Length":52,"Height":81,"Demand":1,"DemandMax":null,"Value":4212},{"Length":62,"Height":86,"Demand":1,"DemandMax":null,"Value":5332},{"Length":98,"Height":86,"Demand":1,"DemandMax":null,"Value":8428},{"Length":52,"Height":99,"Demand":1,"DemandMax":null,"Value":5148},{"Length":46,"Height":78,"Demand":1,"DemandMax":null,"Value":3588},{"Length":71,"Height":64,"Demand":1,"DemandMax":null,"Value":4544},{"Length":97,"Height":79,"Demand":1,"DemandMax":null,"Value":7663},{"Length":67,"Height":83,"Demand":1,"DemandMax":null,"Value":5561},{"Length":50,"Height":68,"Demand":1,"DemandMax":null,"Value":3400},{"Length":91,"Height":54,"Demand":1,"DemandMax":null,"Value":4914},{"Length":57,"Height":85,"Demand":1,"DemandMax":null,"Value":4845},{"Length":93,"Height":79,"Demand":1,"DemandMax":null,"Value":7347},{"Length":67,"Height":79,"Demand":1,"DemandMax":null,"Value":5293},{"Length":23,"Height":6,"Demand":1,"DemandMax":null,"Value":138},{"Length":80,"Height":51,"Demand":1,"DemandMax":null,"Value":4080},{"Length":31,"Height":37,"Demand":1,"DemandMax":null,"Value":1147},{"Length":45,"Height":3,"Demand":1,"DemandMax":null,"Value":135},{"Length":66,"Height":69,"Demand":1,"DemandMax":null,"Value":4554},{"Length":63,"Height":81,"Demand":1,"DemandMax":null,"Value":5103},{"Length":80,"Height":55,"Demand":1,"DemandMax":null,"Value":4400},{"Length":85,"Height":87,"Demand":1,"DemandMax":null,"Value":7395},{"Length":22,"Height":97,"Demand":1,"DemandMax":null,"Value":2134},{"Length":9,"Height":80,"Demand":1,"DemandMax":null,"Value":720},{"Length":91,"Height":86,"Demand":1,"DemandMax":null,"Value":7826},{"Length":91,"Height":34,"Demand":1,"DemandMax":null,"Value":3094},{"Length":39,"Height":87,"Demand":1,"DemandMax":null,"Value":3393},{"Length":17,"Height":24,"Demand":1,"DemandMax":null,"Value":408},{"Length":63,"Height":79,"Demand":1,"DemandMax":null,"Value":4977},{"Length":50,"Height":42,"Demand":1,"DemandMax":null,"Value":2100},{"Length":67,"Height":80,"Demand":1,"DemandMax":null,"Value":5360},{"Length":36,"Height":38,"Demand":1,"DemandMax":null,"Value":1368},{"Length":98,"Height":83,"Demand":1,"DemandMax":null,"Value":8134},{"Length":82,"Height":11,"Demand":1,"DemandMax":null,"Value":902},{"Length":57,"Height":90,"Demand":1,"DemandMax":null,"Value":5130},{"Length":66,"Height":62,"Demand":1,"DemandMax":null,"Value":4092},{"Length":94,"Height":99,"Demand":1,"DemandMax":null,"Value":9306},{"Length":60,"Height":93,"Demand":1,"DemandMax":null,"Value":5580},{"Length":59,"Height":61,"Demand":1,"DemandMax":null,"Value":3599},{"Length":58,"Height":100,"Demand":1,"DemandMax":null,"Value":5800},{"Length":67,"Height":27,"Demand":1,"DemandMax":null,"Value":1809},{"Length":72,"Height":36,"Demand":1,"DemandMax":null,"Value":2592},{"Length":72,"Height":95,"Demand":1,"DemandMax":null,"Value":6840},{"Length":62,"Height":99,"Demand":1,"DemandMax":null,"Value":6138}]}