{"Name":"CLASS10_100_03","Objects":[{"Length":100,"Height":100,"Stock":null,"Cost":10000}],"Items":[{"Length":78,"Height":12,"Demand":1,"DemandMax":null,"Value":936},{"Length":29,"Height":44,"Demand":1,"DemandMax":null,"Value":1276},{"Length":40,"Height":45,"Demand":1,"DemandMax":null,"Value":1800},{"Length":47,"Height":34,"Demand":1,"DemandMax":null,"Value":1598},{"Length":16,"Height":5,"Demand":1,"DemandMax":null,"Value":80},{"Length":92,"Height":77,"Demand":1,"DemandMax":null,"Value":7084},{"Length":44,"Height":43,"Demand":1,"DemandMax":null,"Value":1892},{"Length":16,"Height":23,"Demand":1,"DemandMax":null,"Value":368},{"Length":26,"Height":10,"Demand":1,"DemandMax":null,"Value":260},{"Length":18,"Height":22,"Demand":2,"DemandMax":null,"Value":396},{"Length":10,"Height":4,"Demand":1,"DemandMax":null,"Value":40},{"Length":47,"Height":24,"Demand":1,"DemandMax":null,"Value":1128},{"Length":47,"Height":26,"Demand":1,"DemandMax":null,"Value":1222},{"Length":4,"Height":29,"Demand":1,"DemandMax":null,"Value":116},{"Length":37,"Height":26,"Demand":1,"DemandMax":null,"Value":962},{"Length":89,"Height":86,"Demand":1,"DemandMax":null,"Value":7654},{"Length":30,"Height":4,"Demand":1,"DemandMax":null,"Value":120},{"Length":3,"Height":47,"Demand":1,"DemandMax":null,"Value":141},{"Length":84,"Height":10,"Demand":1,"DemandMax":null,"Value":840},{"Length":44,"Height":11,"Demand":2,"DemandMax":null,"Value":484},{"Length":25,"Height":44,"Demand":1,"DemandMax":null,"Value":1100},{"Length":13,"Height":84,"Demand":1,"DemandMax":null,"Value":1092},{"Length":27,"Height":5,"Demand":1,"DemandMax":null,"Value":135},{"Length":10,"Height":47,"Demand":1,"DemandMax":null,"Value":470},{"Length":32,"Height":97,"Demand":1,"DemandMax":null,"Value":3104},{"Length":85,"Height":68,"Demand":1,"DemandMax":null,"Value":5780},{"Length":39,"Height":12,"Demand":1,"DemandMax":null,"Value":468},{"Length":92,"Height":44,"Demand":1,"DemandMax":null,"Value":4048},{"Length":100,"Height":8,"Demand":1,"DemandMax":null,"Value":800},{"Length":13,"Height":31,"Demand":1,"DemandMax":null,"Value":403},{"Length":27,"Height":3,"Demand":1,"DemandMax":null,"Value":81},{"Length":29,"Height":32,"Demand":1,"DemandMax":null,"Value":928},{"Length":75,"Height":37,"Demand":1,"DemandMax":null,"Value":2775},{"Length":99,"Height":12,"Demand":1,"DemandMax":null,"Value":1188},{"Length":28,"Height":82,"Demand":1,"DemandMax":null,"Value":2296},{"Length":21,"Height":19,"Demand":1,"DemandMax":null,"Value":399},{"Length":21,"Height":14,"Demand":1,"DemandMax":null,"Value":294},{"Length":46,"Height":4,"Demand":1,"DemandMax":null,"Value":184},{"Length":94,"Height":7,"Demand":1,"DemandMax":null,"Value":658},{"Length":24,"Height":17,"Demand":1,"DemandMax":null,"Value":408},{"Length":39,"Height":2,"Demand":1,"DemandMax":null,"Value":78},{"Length":5,"Height":8,"Demand":1,"DemandMax":null,"Value":40},{"Length":15,"Height":66,"Demand":1,"DemandMax":null,"Value":990},{"Length":39,"Height":26,"Demand":1,"DemandMax":null,"Value":1014},{"Length":79,"Height":3,"Demand":1,"DemandMax":null,"Value":237},{"Length":25,"Height":23,"Demand":1,"DemandMax":null,"Value":575},{"Length":1,"Height":7,"Demand":1,"DemandMax":null,"Value":7},{"Length":15,"Height":48,"Demand":1,"DemandMax":null,"Value":720},{"Length":11,"Height":14,"Demand":1,"DemandMax":null,"Value":154},{"Length":8,"Height":50,"Demand":1,"DemandMax":null,"Value":400},{"Length":99,"Height":24,"Demand":1,"DemandMax":null,"Value":2376},{"Length":3,"Height":31,"Demand":1,"DemandMax":null,"Value":93},{"Length":15,"Height":91,"Demand":1,"DemandMax":null,"Value":1365},{"Length":51,"Height":89,"Demand":1,"DemandMax":null,"Value":4539},{"Length":8,"Height":4,"Demand":1,"DemandMax":null,"Value":32},{"Length":3,"Height":25,"Demand":1,"DemandMax":null,"Value":75},{"Length":30,"Height":81,"Demand":1,"DemandMax":null,"Value":2430},{"Length":7,"Height":39,"Demand":1,"DemandMax":null,"Value":273},{"Length":29,"Height":45,"Demand":1,"DemandMax":null,"Value":1305},{"Length":14,"Height":32,"Demand":1,"DemandMax":null,"Value":448},{"Length":56,"Height":69,"Demand":1,"DemandMax":null,"Value":3864},{"Length":25,"Height":2,"Demand":1,"DemandMax":null,"Value":50},{"Length":61,"Height":97,"Demand":1,"DemandMax":null,"Value":5917},{"Length":38,"Height":50,"Demand":1,"DemandMax":null,"Value":1900},{"Length":45,"Height":28,"Demand":1,"DemandMax":null,"Value":1260},{"Length":4,"Height":83,"Demand":1,"DemandMax":null,"Value":332},{"Length":6,"Height":11,"Demand":1,"DemandMax":null,"Value":66},{"Length":22,"Height":29,"Demand":1,"DemandMax":null,"Value":638},{"Length":45,"Height":48,"Demand":1,"DemandMax":null,"Value":2160},{"Length":12,"Height":37,"Demand":1,"DemandMax":null,"Value":444},{"Length":19,"Height":21,"Demand":1,"DemandMax":null,"Value":399},{"Length":7,"Height":86,"Demand":1,"DemandMax":null,"Value":602},{"Length":96,"Height":57,"Demand":1,"DemandMax":null,"Value":5472},{"Length":30,"Height":25,"Demand":1,"DemandMax":null,"Value":750},{"Length":27,"Height":82,"Demand":1,"DemandMax":null,"Value":2214},{"Length":80,"Height":72,"Demand":1,"DemandMax":null,"Value":5760},{"Length":10,"Height":77,"Demand":1,"DemandMax":null,"Value":770},{"Length":9,"Height":24,"Demand":1,"DemandMax":null,"Value":216},{"Length":47,"Height":92,"Demand":1,"DemandMax":null,"Value":4324},{"Length":16,"Height":28,"Demand":1,"DemandMax":null,"Value":448},{"Length":86,"Height":87,"Demand":1,"DemandMax":null,"Value":7482},{"Length":50,"Height":90,"Demand":1,"DemandMax":null,"Value":4500},{"Length":28,"Height":14,"Demand":1,"DemandMax":null,"Value":392},{"Length":13,"Height":96,"Demand":1,"DemandMax":null,"Value":1248},{"Length":23,"Height":19,"Demand":1,"DemandMax":null,"Value":437},{"Length":3,"Height":7,"Demand":1,"DemandMax":null,"Value":21},{"Length":21,"Height":2,"Demand":1,"DemandMax":null,"Value":42},{"Length":21,"Height":23,"Demand":1,"DemandMax":null,"Value":483},{"Length":72,"Height":63,"Demand":1,"DemandMax":null,"Value":4536},{"Length":17,"Height":42,"Demand":1,"DemandMax":null,"Value":714},{"Length":26,"Height":2,"Demand":1,"DemandMax":null,"Value":52},{"Length":94,"Height":13,"Demand":1,"DemandMax":null,"Value":1222},{"Length":33,"Height":78,"Demand":1,"DemandMax":null,"Value":2574},{"Length":44,"Height":38,"Demand":1,"DemandMax":null,"Value":1672},{"Length":42,"Height":13,"Demand":1,"DemandMax":null,"Value":546},{"Length":73,"Height":64,"Demand":1,"DemandMax":null,"Value":4672},{"Length":5,"Height":90,"Demand":1,"DemandMax":null,"Value":450},{"Length":81,"Height":95,"Demand":1,"DemandMax":null,"Value":7695}]}