{"Name":"CLASS06_060_01","Objects":[{"Length":300,"Height":300,"Stock":null,"Cost":90000}],"Items":[{"Length":63,"Height":47,"Demand":1,"DemandMax":null,"Value":2961},{"Length":100,"Height":57,"Demand":1,"DemandMax":null,"Value":5700},{"Length":49,"Height":51,"Demand":1,"DemandMax":null,"Value":2499},{"Length":64,"Height":17,"Demand":1,"DemandMax":null,"Value":1088},{"Length":36,"Height":79,"Demand":1,"DemandMax":null,"Value":2844},{"Length":87,"Height":92,"Demand":1,"DemandMax":null,"Value":8004},{"Length":71,"Height":44,"Demand":1,"DemandMax":null,"Value":3124},{"Length":78,"Height":58,"Demand":1,"DemandMax":null,"Value":4524},{"Length":31,"Height":89,"Demand":1,"DemandMax":null,"Value":2759},{"Length":84,"Height":27,"Demand":1,"DemandMax":null,"Value":2268},{"Length":26,"Height":93,"Demand":1,"DemandMax":null,"Value":2418},{"Length":81,"Height":42,"Demand":1,"DemandMax":null,"Value":3402},{"Length":2,"Height":65,"Demand":1,"DemandMax":null,"Value":130},{"Length":80,"Height":83,"Demand":1,"DemandMax":null,"Value":6640},{"Length":37,"Height":51,"Demand":1,"DemandMax":null,"Value":1887},{"Length":27,"Height":59,"Demand":1,"DemandMax":null,"Value":1593},{"Length":40,"Height":29,"Demand":1,"DemandMax":null,"Value":1160},{"Length":98,"Height":16,"Demand":1,"DemandMax":null,"Value":1568},{"Length":57,"Height":9,"Demand":1,"DemandMax":null,"Value":513},{"Length":5,"Height":31,"Demand":1,"DemandMax":null,"Value":155},{"Length":66,"Height":37,"Demand":1,"DemandMax":null,"Value":2442},{"Length":93,"Height":15,"Demand":1,"DemandMax":null,"Value":1395},{"Length":77,"Height":89,"Demand":1,"DemandMax":null,"Value":6853},{"Length":39,"Height":13,"Demand":1,"DemandMax":null,"Value":507},{"Length":35,"Height":77,"Demand":1,"DemandMax":null,"Value":2695},{"Length":54,"Height":3,"Demand":1,"DemandMax":null,"Value":162},{"Length":18,"Height":45,"Demand":1,"DemandMax":null,"Value":810},{"Length":83,"Height":95,"Demand":1,"DemandMax":null,"Value":7885},{"Length":37,"Height":72,"Demand":1,"DemandMax":null,"Value":2664},{"Length":3,"Height":34,"Demand":1,"DemandMax":null,"Value":102},{"Length":36,"Height":68,"Demand":1,"DemandMax":null,"Value":2448},{"Length":26,"Height":97,"Demand":1,"DemandMax":null,"Value":2522},{"Length":94,"Height":78,"Demand":1,"DemandMax":null,"Value":7332},{"Length":95,"Height":97,"Demand":1,"DemandMax":null,"Value":9215},{"Length":20,"Height":79,"Demand":1,"DemandMax":null,"Value":1580},{"Length":90,"Height":77,"Demand":1,"DemandMax":null,"Value":6930},{"Length":61,"Height":82,"Demand":1,"DemandMax":null,"Value":5002},{"Length":21,"Height":16,"Demand":1,"DemandMax":null,"Value":336},{"Length":93,"Height":33,"Demand":1,"DemandMax":null,"Value":3069},{"Length":32,"Height":23,"Demand":1,"DemandMax":null,"Value":736},{"Length":27,"Height":8,"Demand":1,"DemandMax":null,"Value":216},{"Length":1,"Height":44,"Demand":1,"DemandMax":null,"Value":44},{"Length":9,"Height":20,"Demand":1,"DemandMax":null,"Value":180},{"Length":39,"Height":57,"Demand":1,"DemandMax":null,"Value":2223},{"Length":15,"Height":12,"Demand":1,"DemandMax":null,"Value":180},{"Length":91,"Height":72,"Demand":1,"DemandMax":null,"Value":6552},{"Length":57,"Height":62,"Demand":1,"DemandMax":null,"Value":3534},{"Length":35,"Height":35,"Demand":1,"DemandMax":null,"Value":1225},{"Length":80,"Height":81,"Demand":1,"DemandMax":null,"Value":6480},{"Length":81,"Height":22,"Demand":1,"DemandMax":null,"Value":1782},{"Length":61,"Height":14,"Demand":1,"DemandMax":null,"Value":854},{"Length":74,"Height":45,"Demand":1,"DemandMax":null,"Value":3330},{"Length":11,"Height":38,"Demand":1,"DemandMax":null,"Value":418},{"Length":92,"Height":48,"Demand":1,"DemandMax":null,"Value":4416},{"Length":74,"Height":65,"Demand":1,"DemandMax":null,"Value":4810},{"Length":46,"Height":10,"Demand":1,"DemandMax":null,"Value":460},{"Length":30,"Height":39,"Demand":1,"DemandMax":null,"Value":1170},{"Length":80,"Height":41,"Demand":1,"DemandMax":null,"Value":3280},{"Length":87,"Height":38,"Demand":1,"DemandMax":null,"Value":3306},{"Length":73,"Height":86,"Demand":1,"DemandMax":null,"Value":6278}]}