{"Name":"CLASS05_080_03","Objects":[{"Length":100,"Height":100,"Stock":null,"Cost":10000}],"Items":[{"Length":25,"Height":57,"Demand":1,"DemandMax":null,"Value":1425},{"Length":64,"Height":2,"Demand":1,"DemandMax":null,"Value":128},{"Length":48,"Height":65,"Demand":1,"DemandMax":null,"Value":3120},{"Length":32,"Height":34,"Demand":1,"DemandMax":null,"Value":1088},{"Length":7,"Height":32,"Demand":1,"DemandMax":null,"Value":224},{"Length":93,"Height":13,"Demand":1,"DemandMax":null,"Value":1209},{"Length":46,"Height":68,"Demand":1,"DemandMax":null,"Value":3128},{"Length":55,"Height":17,"Demand":1,"DemandMax":null,"Value":935},{"Length":43,"Height":17,"Demand":1,"DemandMax":null,"Value":731},{"Length":65,"Height":57,"Demand":1,"DemandMax":null,"Value":3705},{"Length":10,"Height":58,"Demand":1,"DemandMax":null,"Value":580},{"Length":100,"Height":77,"Demand":1,"DemandMax":null,"Value":7700},{"Length":90,"Height":2,"Demand":1,"DemandMax":null,"Value":180},{"Length":71,"Height":55,"Demand":1,"DemandMax":null,"Value":3905},{"Length":62,"Height":93,"Demand":1,"DemandMax":null,"Value":5766},{"Length":21,"Height":3,"Demand":1,"DemandMax":null,"Value":63},{"Length":37,"Height":8,"Demand":1,"DemandMax":null,"Value":296},{"Length":31,"Height":64,"Demand":1,"DemandMax":null,"Value":1984},{"Length":58,"Height":60,"Demand":1,"DemandMax":null,"Value":3480},{"Length":9,"Height":17,"Demand":1,"DemandMax":null,"Value":153},{"Length":5,"Height":91,"Demand":1,"DemandMax":null,"Value":455},{"Length":1,"Height":72,"Demand":1,"DemandMax":null,"Value":72},{"Length":87,"Height":81,"Demand":1,"DemandMax":null,"Value":7047},{"Length":85,"Height":75,"Demand":1,"DemandMax":null,"Value":6375},{"Length":50,"Height":41,"Demand":1,"DemandMax":null,"Value":2050},{"Length":71,"Height":2,"Demand":1,"DemandMax":null,"Value":142},{"Length":70,"Height":14,"Demand":1,"DemandMax":null,"Value":980},{"Length":4,"Height":65,"Demand":1,"DemandMax":null,"Value":260},{"Length":60,"Height":78,"Demand":1,"DemandMax":null,"Value":4680},{"Length":62,"Height":8,"Demand":1,"DemandMax":null,"Value":496},{"Length":64,"Height":45,"Demand":1,"DemandMax":null,"Value":2880},{"Length":56,"Height":10,"Demand":1,"DemandMax":null,"Value":560},{"Length":59,"Height":59,"Demand":1,"DemandMax":null,"Value":3481},{"Length":30,"Height":81,"Demand":1,"DemandMax":null,"Value":2430},{"Length":57,"Height":98,"Demand":2,"DemandMax":null,"Value":5586},{"Length":63,"Height":65,"Demand":1,"DemandMax":null,"Value":4095},{"Length":2,"Height":72,"Demand":1,"DemandMax":null,"Value":144},{"Length":64,"Height":41,"Demand":1,"DemandMax":null,"Value":2624},{"Length":72,"Height":28,"Demand":1,"DemandMax":null,"Value":2016},{"Length":80,"Height":20,"Demand":1,"DemandMax":null,"Value":1600},{"Length":77,"Height":41,"Demand":1,"DemandMax":null,"Value":3157},{"Length":87,"Height":46,"Demand":1,"DemandMax":null,"Value":4002},{"Length":63,"Height":23,"Demand":1,"DemandMax":null,"Value":1449},{"Length":96,"Height":96,"Demand":1,"DemandMax":null,"Value":9216},{"Length":7,"Height":20,"Demand":1,"DemandMax":null,"Value":140},{"Length":53,"Height":83,"Demand":1,"DemandMax":null,"Value":4399},{"Length":21,"Height":7,"Demand":1,"DemandMax":null,"Value":147},{"Length":34,"Height":49,"Demand":1,"DemandMax":null,"Value":1666},{"Length":48,"Height":98,"Demand":1,"DemandMax":null,"Value":4704},{"Length":51,"Height":74,"Demand":1,"DemandMax":null,"Value":3774},{"Length":66,"Height":35,"Demand":1,"DemandMax":null,"Value":2310},{"Length":49,"Height":69,"Demand":1,"DemandMax":null,"Value":3381},{"Length":87,"Height":97,"Demand":1,"DemandMax":null,"Value":8439},{"Length":5,"Height":76,"Demand":1,"DemandMax":null,"Value":380},{"Length":56,"Height":95,"Demand":1,"DemandMax":null,"Value":5320},{"Length":30,"Height":76,"Demand":1,"DemandMax":null,"Value":2280},{"Length":49,"Height":74,"Demand":1,"DemandMax":null,"Value":3626},{"Length":68,"Height":78,"Demand":1,"DemandMax":null,"Value":5304},{"Length":78,"Height":10,"Demand":1,"DemandMax":null,"Value":780},{"Length":99,"Height":27,"Demand":1,"DemandMax":null,"Value":2673},{"Length":87,"Height":16,"Demand":1,"DemandMax":null,"Value":1392},{"Length":31,"Height":1,"Demand":1,"DemandMax":null,"Value":31},{"Length":54,"Height":36,"Demand":1,"DemandMax":null,"Value":1944},{"Length":11,"Height":10,"Demand":1,"DemandMax":null,"Value":110},{"Length":91,"Height":47,"Demand":1,"DemandMax":null,"Value":4277},{"Length":16,"Height":1,"Demand":1,"DemandMax":null,"Value":16},{"Length":41,"Height":61,"Demand":1,"DemandMax":null,"Value":2501},{"Length":56,"Height":49,"Demand":1,"DemandMax":null,"Value":2744},{"Length":83,"Height":21,"Demand":1,"DemandMax":null,"Value":1743},{"Length":77,"Height":66,"Demand":1,"DemandMax":null,"Value":5082},{"Length":28,"Height":7,"Demand":1,"DemandMax":null,"Value":196},{"Length":19,"Height":28,"Demand":1,"DemandMax":null,"Value":532},{"Length":5,"Height":20,"Demand":1,"DemandMax":null,"Value":100},{"Length":36,"Height":30,"Demand":1,"DemandMax":null,"Value":1080},{"Length":67,"Height":46,"Demand":1,"DemandMax":null,"Value":3082},{"Length":88,"Height":90,"Demand":1,"DemandMax":null,"Value":7920},{"Length":21,"Height":18,"Demand":1,"DemandMax":null,"Value":378},{"Length":21,"Height":19,"Demand":1,"DemandMax":null,"Value":399},{"Length":77,"Height":15,"Demand":1,"DemandMax":null,"Value":1155}]}