{"Name":"CLASS03_020_03","Objects":[{"Length":40,"Height":40,"Stock":null,"Cost":1600}],"Items":[{"Length":22,"Height":17,"Demand":1,"DemandMax":null,"Value":374},{"Length":35,"Height":20,"Demand":1,"DemandMax":null,"Value":700},{"Length":17,"Height":18,"Demand":1,"DemandMax":null,"Value":306},{"Length":23,"Height":6,"Demand":1,"DemandMax":null,"Value":138},{"Length":13,"Height":28,"Demand":1,"DemandMax":null,"Value":364},{"Length":31,"Height":33,"Demand":1,"DemandMax":null,"Value":1023},{"Length":25,"Height":16,"Demand":1,"DemandMax":null,"Value":400},{"Length":28,"Height":21,"Demand":1,"DemandMax":null,"Value":588},{"Length":11,"Height":32,"Demand":1,"DemandMax":null,"Value":352},{"Length":30,"Height":10,"Demand":1,"DemandMax":null,"Value":300},{"Length":10,"Height":33,"Demand":1,"DemandMax":null,"Value":330},{"Length":29,"Height":15,"Demand":1,"DemandMax":null,"Value":435},{"Length":1,"Height":23,"Demand":1,"DemandMax":null,"Value":23},{"Length":28,"Height":29,"Demand":1,"DemandMax":null,"Value":812},{"Length":13,"Height":18,"Demand":1,"DemandMax":null,"Value":234},{"Length":10,"Height":21,"Demand":1,"DemandMax":null,"Value":210},{"Length":14,"Height":11,"Demand":1,"DemandMax":null,"Value":154},{"Length":35,"Height":6,"Demand":1,"DemandMax":null,"Value":210},{"Length":20,"Height":4,"Demand":1,"DemandMax":null,"Value":80},{"Length":2,"Height":11,"Demand":1,"DemandMax":null,"Value":22}]}