{"Name":"CLASS02_060_07","Objects":[{"Length":30,"Height":30,"Stock":null,"Cost":900}],"Items":[{"Length":5,"Height":8,"Demand":1,"DemandMax":null,"Value":40},{"Length":8,"Height":3,"Demand":1,"DemandMax":null,"Value":24},{"Length":5,"Height":4,"Demand":1,"DemandMax":null,"Value":20},{"Length":8,"Height":10,"Demand":1,"DemandMax":null,"Value":80},{"Length":3,"Height":7,"Demand":1,"DemandMax":null,"Value":21},{"Length":9,"Height":10,"Demand":2,"DemandMax":null,"Value":90},{"Length":7,"Height":2,"Demand":1,"DemandMax":null,"Value":14},{"Length":4,"Height":3,"Demand":3,"DemandMax":null,"Value":12},{"Length":9,"Height":5,"Demand":1,"DemandMax":null,"Value":45},{"Length":2,"Height":4,"Demand":1,"DemandMax":null,"Value":8},{"Length":1,"Height":9,"Demand":1,"DemandMax":null,"Value":9},{"Length":4,"Height":2,"Demand":1,"DemandMax":null,"Value":8},{"Length":3,"Height":8,"Demand":1,"DemandMax":null,"Value":24},{"Length":3,"Height":6,"Demand":1,"DemandMax":null,"Value":18},{"Length":4,"Height":9,"Demand":1,"DemandMax":null,"Value":36},{"Length":9,"Height":1,"Demand":1,"DemandMax":null,"Value":9},{"Length":1,"Height":3,"Demand":2,"DemandMax":null,"Value":3},{"Length":1,"Height":6,"Demand":2,"DemandMax":null,"Value":6},{"Length":10,"Height":6,"Demand":3,"DemandMax":null,"Value":60},{"Length":4,"Height":1,"Demand":1,"DemandMax":null,"Value":4},{"Length":3,"Height":4,"Demand":1,"DemandMax":null,"Value":12},{"Length":7,"Height":1,"Demand":1,"DemandMax":null,"Value":7},{"Length":3,"Height":10,"Demand":1,"DemandMax":null,"Value":30},{"Length":10,"Height":3,"Demand":1,"DemandMax":null,"Value":30},{"Length":8,"Height":9,"Demand":1,"DemandMax":null,"Value":72},{"Length":3,"Height":2,"Demand":2,"DemandMax":null,"Value":6},{"Length":8,"Height":2,"Demand":1,"DemandMax":null,"Value":16},{"Length":8,"Height":8,"Demand":1,"DemandMax":null,"Value":64},{"Length":2,"Height":2,"Demand":1,"DemandMax":null,"Value":4},{"Length":2,"Height":9,"Demand":1,"DemandMax":null,"Value":18},{"Length":4,"Height":8,"Demand":1,"DemandMax":null,"Value":32},{"Length":6,"Height":2,"Demand":2,"DemandMax":null,"Value":12},{"Length":5,"Height":9,"Demand":1,"DemandMax":null,"Value":45},{"Length":6,"Height":3,"Demand":1,"DemandMax":null,"Value":18},{"Length":7,"Height":4,"Demand":1,"DemandMax":null,"Value":28},{"Length":2,"Height":1,"Demand":3,"DemandMax":null,"Value":2},{"Length":1,"Height":5,"Demand":1,"DemandMax":null,"Value":5},{"Length":7,"Height":3,"Demand":1,"DemandMax":null,"Value":21},{"Length":2,"Height":7,"Demand":1,"DemandMax":null,"Value":14},{"Length":3,"Height":5,"Demand":1,"DemandMax":null,"Value":15},{"Length":5,"Height":1,"Demand":1,"DemandMax":null,"Value":5},{"Length":6,"Height":8,"Demand":1,"DemandMax":null,"Value":48},{"Length":5,"Height":2,"Demand":2,"DemandMax":null,"Value":10},{"Length":9,"Height":7,"Demand":1,"DemandMax":null,"Value":63},{"Length":1,"Height":1,"Demand":1,"DemandMax":null,"Value":1},{"Length":1,"Height":7,"Demand":1,"DemandMax":null,"Value":7},{"Length":8,"Height":5,"Demand":1,"DemandMax":null,"Value":40},{"Length":7,"Height":7,"Demand":1,"DemandMax":null,"Value":49}]}