{"Name":"CLASS09_100_10","Objects":[{"Length":100,"Height":100,"Stock":null,"Cost":10000}],"Items":[{"Length":61,"Height":94,"Demand":1,"DemandMax":null,"Value":5734},{"Length":96,"Height":54,"Demand":2,"DemandMax":null,"Value":5184},{"Length":61,"Height":91,"Demand":1,"DemandMax":null,"Value":5551},{"Length":28,"Height":98,"Demand":1,"DemandMax":null,"Value":2744},{"Length":39,"Height":42,"Demand":1,"DemandMax":null,"Value":1638},{"Length":63,"Height":67,"Demand":1,"DemandMax":null,"Value":4221},{"Length":95,"Height":95,"Demand":1,"DemandMax":null,"Value":9025},{"Length":51,"Height":65,"Demand":1,"DemandMax":null,"Value":3315},{"Length":78,"Height":50,"Demand":1,"DemandMax":null,"Value":3900},{"Length":93,"Height":92,"Demand":2,"DemandMax":null,"Value":8556},{"Length":90,"Height":59,"Demand":1,"DemandMax":null,"Value":5310},{"Length":88,"Height":97,"Demand":1,"DemandMax":null,"Value":8536},{"Length":86,"Height":22,"Demand":1,"DemandMax":null,"Value":1892},{"Length":85,"Height":78,"Demand":1,"DemandMax":null,"Value":6630},{"Length":47,"Height":91,"Demand":1,"DemandMax":null,"Value":4277},{"Length":85,"Height":89,"Demand":1,"DemandMax":null,"Value":7565},{"Length":92,"Height":53,"Demand":1,"DemandMax":null,"Value":4876},{"Length":88,"Height":76,"Demand":1,"DemandMax":null,"Value":6688},{"Length":16,"Height":83,"Demand":1,"DemandMax":null,"Value":1328},{"Length":96,"Height":43,"Demand":1,"DemandMax":null,"Value":4128},{"Length":17,"Height":48,"Demand":1,"DemandMax":null,"Value":816},{"Length":52,"Height":86,"Demand":1,"DemandMax":null,"Value":4472},{"Length":96,"Height":74,"Demand":2,"DemandMax":null,"Value":7104},{"Length":75,"Height":8,"Demand":1,"DemandMax":null,"Value":600},{"Length":52,"Height":53,"Demand":1,"DemandMax":null,"Value":2756},{"Length":79,"Height":57,"Demand":1,"DemandMax":null,"Value":4503},{"Length":87,"Height":86,"Demand":1,"DemandMax":null,"Value":7482},{"Length":97,"Height":85,"Demand":1,"DemandMax":null,"Value":8245},{"Length":50,"Height":22,"Demand":1,"DemandMax":null,"Value":1100},{"Length":77,"Height":41,"Demand":1,"DemandMax":null,"Value":3157},{"Length":91,"Height":59,"Demand":1,"DemandMax":null,"Value":5369},{"Length":91,"Height":73,"Demand":1,"DemandMax":null,"Value":6643},{"Length":59,"Height":50,"Demand":1,"DemandMax":null,"Value":2950},{"Length":66,"Height":85,"Demand":1,"DemandMax":null,"Value":5610},{"Length":56,"Height":95,"Demand":1,"DemandMax":null,"Value":5320},{"Length":80,"Height":92,"Demand":1,"DemandMax":null,"Value":7360},{"Length":78,"Height":91,"Demand":1,"DemandMax":null,"Value":7098},{"Length":83,"Height":92,"Demand":1,"DemandMax":null,"Value":7636},{"Length":63,"Height":86,"Demand":1,"DemandMax":null,"Value":5418},{"Length":75,"Height":45,"Demand":1,"DemandMax":null,"Value":3375},{"Length":51,"Height":59,"Demand":1,"DemandMax":null,"Value":3009},{"Length":80,"Height":50,"Demand":1,"DemandMax":null,"Value":4000},{"Length":92,"Height":60,"Demand":1,"DemandMax":null,"Value":5520},{"Length":57,"Height":58,"Demand":1,"DemandMax":null,"Value":3306},{"Length":36,"Height":39,"Demand":1,"DemandMax":null,"Value":1404},{"Length":71,"Height":70,"Demand":1,"DemandMax":null,"Value":4970},{"Length":33,"Height":97,"Demand":1,"DemandMax":null,"Value":3201},{"Length":63,"Height":84,"Demand":1,"DemandMax":null,"Value":5292},{"Length":83,"Height":80,"Demand":1,"DemandMax":null,"Value":6640},{"Length":84,"Height":51,"Demand":1,"DemandMax":null,"Value":4284},{"Length":85,"Height":93,"Demand":1,"DemandMax":null,"Value":7905},{"Length":81,"Height":72,"Demand":1,"DemandMax":null,"Value":5832},{"Length":91,"Height":83,"Demand":1,"DemandMax":null,"Value":7553},{"Length":57,"Height":95,"Demand":1,"DemandMax":null,"Value":5415},{"Length":99,"Height":51,"Demand":1,"DemandMax":null,"Value":5049},{"Length":60,"Height":71,"Demand":1,"DemandMax":null,"Value":4260},{"Length":60,"Height":98,"Demand":2,"DemandMax":null,"Value":5880},{"Length":43,"Height":50,"Demand":1,"DemandMax":null,"Value":2150},{"Length":25,"Height":22,"Demand":1,"DemandMax":null,"Value":550},{"Length":2,"Height":32,"Demand":1,"DemandMax":null,"Value":64},{"Length":92,"Height":74,"Demand":1,"DemandMax":null,"Value":6808},{"Length":89,"Height":66,"Demand":1,"DemandMax":null,"Value":5874},{"Length":62,"Height":53,"Demand":1,"DemandMax":null,"Value":3286},{"Length":54,"Height":54,"Demand":1,"DemandMax":null,"Value":2916},{"Length":90,"Height":12,"Demand":1,"DemandMax":null,"Value":1080},{"Length":98,"Height":95,"Demand":1,"DemandMax":null,"Value":9310},{"Length":68,"Height":89,"Demand":1,"DemandMax":null,"Value":6052},{"Length":90,"Height":61,"Demand":1,"DemandMax":null,"Value":5490},{"Length":67,"Height":85,"Demand":1,"DemandMax":null,"Value":5695},{"Length":71,"Height":53,"Demand":1,"DemandMax":null,"Value":3763},{"Length":95,"Height":85,"Demand":1,"DemandMax":null,"Value":8075},{"Length":56,"Height":73,"Demand":1,"DemandMax":null,"Value":4088},{"Length":100,"Height":87,"Demand":1,"DemandMax":null,"Value":8700},{"Length":94,"Height":70,"Demand":1,"DemandMax":null,"Value":6580},{"Length":33,"Height":95,"Demand":1,"DemandMax":null,"Value":3135},{"Length":35,"Height":46,"Demand":1,"DemandMax":null,"Value":1610},{"Length":44,"Height":66,"Demand":1,"DemandMax":null,"Value":2904},{"Length":28,"Height":100,"Demand":1,"DemandMax":null,"Value":2800},{"Length":82,"Height":61,"Demand":1,"DemandMax":null,"Value":5002},{"Length":74,"Height":80,"Demand":1,"DemandMax":null,"Value":5920},{"Length":99,"Height":75,"Demand":1,"DemandMax":null,"Value":7425},{"Length":73,"Height":90,"Demand":1,"DemandMax":null,"Value":6570},{"Length":83,"Height":27,"Demand":1,"DemandMax":null,"Value":2241},{"Length":65,"Height":62,"Demand":1,"DemandMax":null,"Value":4030},{"Length":81,"Height":92,"Demand":1,"DemandMax":null,"Value":7452},{"Length":65,"Height":85,"Demand":1,"DemandMax":null,"Value":5525},{"Length":89,"Height":85,"Demand":1,"DemandMax":null,"Value":7565},{"Length":96,"Height":11,"Demand":1,"DemandMax":null,"Value":1056},{"Length":100,"Height":55,"Demand":1,"DemandMax":null,"Value":5500},{"Length":50,"Height":39,"Demand":1,"DemandMax":null,"Value":1950},{"Length":75,"Height":5,"Demand":1,"DemandMax":null,"Value":375},{"Length":84,"Height":70,"Demand":1,"DemandMax":null,"Value":5880},{"Length":80,"Height":81,"Demand":1,"DemandMax":null,"Value":6480},{"Length":100,"Height":86,"Demand":1,"DemandMax":null,"Value":8600},{"Length":36,"Height":95,"Demand":1,"DemandMax":null,"Value":3420},{"Length":23,"Height":78,"Demand":1,"DemandMax":null,"Value":1794}]}