{"Name":"CLASS09_020_03","Objects":[{"Length":100,"Height":100,"Stock":null,"Cost":10000}],"Items":[{"Length":78,"Height":82,"Demand":1,"DemandMax":null,"Value":6396},{"Length":25,"Height":26,"Demand":1,"DemandMax":null,"Value":650},{"Length":40,"Height":88,"Demand":1,"DemandMax":null,"Value":3520},{"Length":94,"Height":96,"Demand":1,"DemandMax":null,"Value":9024},{"Length":79,"Height":86,"Demand":1,"DemandMax":null,"Value":6794},{"Length":65,"Height":95,"Demand":1,"DemandMax":null,"Value":6175},{"Length":96,"Height":92,"Demand":1,"DemandMax":null,"Value":8832},{"Length":90,"Height":71,"Demand":1,"DemandMax":null,"Value":6390},{"Length":92,"Height":50,"Demand":1,"DemandMax":null,"Value":4600},{"Length":68,"Height":75,"Demand":1,"DemandMax":null,"Value":5100},{"Length":64,"Height":63,"Demand":1,"DemandMax":null,"Value":4032},{"Length":99,"Height":57,"Demand":1,"DemandMax":null,"Value":5643},{"Length":76,"Height":29,"Demand":1,"DemandMax":null,"Value":2204},{"Length":88,"Height":19,"Demand":1,"DemandMax":null,"Value":1672},{"Length":45,"Height":98,"Demand":1,"DemandMax":null,"Value":4410},{"Length":69,"Height":56,"Demand":1,"DemandMax":null,"Value":3864},{"Length":51,"Height":67,"Demand":1,"DemandMax":null,"Value":3417},{"Length":58,"Height":72,"Demand":1,"DemandMax":null,"Value":4176},{"Length":36,"Height":42,"Demand":1,"DemandMax":null,"Value":1512},{"Length":51,"Height":66,"Demand":1,"DemandMax":null,"Value":3366}]}