{"Name":"CLASS04_020_01","Objects":[{"Length":100,"Height":100,"Stock":null,"Cost":10000}],"Items":[{"Length":18,"Height":30,"Demand":1,"DemandMax":null,"Value":540},{"Length":13,"Height":5,"Demand":1,"DemandMax":null,"Value":65},{"Length":33,"Height":19,"Demand":1,"DemandMax":null,"Value":627},{"Length":17,"Height":22,"Demand":1,"DemandMax":null,"Value":374},{"Length":18,"Height":9,"Demand":1,"DemandMax":null,"Value":162},{"Length":34,"Height":24,"Demand":1,"DemandMax":null,"Value":816},{"Length":1,"Height":16,"Demand":1,"DemandMax":null,"Value":16},{"Length":9,"Height":15,"Demand":1,"DemandMax":null,"Value":135},{"Length":19,"Height":31,"Demand":1,"DemandMax":null,"Value":589},{"Length":4,"Height":11,"Demand":1,"DemandMax":null,"Value":44},{"Length":19,"Height":23,"Demand":1,"DemandMax":null,"Value":437},{"Length":24,"Height":4,"Demand":1,"DemandMax":null,"Value":96},{"Length":27,"Height":9,"Demand":1,"DemandMax":null,"Value":243},{"Length":13,"Height":33,"Demand":1,"DemandMax":null,"Value":429},{"Length":13,"Height":15,"Demand":1,"DemandMax":null,"Value":195},{"Length":34,"Height":9,"Demand":1,"DemandMax":null,"Value":306},{"Length":27,"Height":10,"Demand":1,"DemandMax":null,"Value":270},{"Length":22,"Height":28,"Demand":1,"DemandMax":null,"Value":616},{"Length":26,"Height":11,"Demand":1,"DemandMax":null,"Value":286},{"Length":25,"Height":25,"Demand":1,"DemandMax":null,"Value":625}]}