{"Name":"CLASS10_020_08","Objects":[{"Length":100,"Height":100,"Stock":null,"Cost":10000}],"Items":[{"Length":5,"Height":43,"Demand":1,"DemandMax":null,"Value":215},{"Length":9,"Height":39,"Demand":1,"DemandMax":null,"Value":351},{"Length":2,"Height":42,"Demand":1,"DemandMax":null,"Value":84},{"Length":27,"Height":79,"Demand":1,"DemandMax":null,"Value":2133},{"Length":2,"Height":19,"Demand":1,"DemandMax":null,"Value":38},{"Length":22,"Height":5,"Demand":1,"DemandMax":null,"Value":110},{"Length":6,"Height":23,"Demand":1,"DemandMax":null,"Value":138},{"Length":46,"Height":43,"Demand":1,"DemandMax":null,"Value":1978},{"Length":12,"Height":6,"Demand":1,"DemandMax":null,"Value":72},{"Length":98,"Height":33,"Demand":1,"DemandMax":null,"Value":3234},{"Length":21,"Height":17,"Demand":1,"DemandMax":null,"Value":357},{"Length":27,"Height":84,"Demand":1,"DemandMax":null,"Value":2268},{"Length":33,"Height":6,"Demand":1,"DemandMax":null,"Value":198},{"Length":34,"Height":23,"Demand":1,"DemandMax":null,"Value":782},{"Length":48,"Height":81,"Demand":1,"DemandMax":null,"Value":3888},{"Length":19,"Height":22,"Demand":1,"DemandMax":null,"Value":418},{"Length":16,"Height":17,"Demand":1,"DemandMax":null,"Value":272},{"Length":32,"Height":24,"Demand":1,"DemandMax":null,"Value":768},{"Length":37,"Height":39,"Demand":1,"DemandMax":null,"Value":1443},{"Length":23,"Height":29,"Demand":1,"DemandMax":null,"Value":667}]}