{"Name":"CLASS10_080_08","Objects":[{"Length":100,"Height":100,"Stock":null,"Cost":10000}],"Items":[{"Length":76,"Height":28,"Demand":1,"DemandMax":null,"Value":2128},{"Length":90,"Height":20,"Demand":1,"DemandMax":null,"Value":1800},{"Length":100,"Height":50,"Demand":1,"DemandMax":null,"Value":5000},{"Length":27,"Height":14,"Demand":1,"DemandMax":null,"Value":378},{"Length":12,"Height":27,"Demand":1,"DemandMax":null,"Value":324},{"Length":22,"Height":35,"Demand":1,"DemandMax":null,"Value":770},{"Length":50,"Height":55,"Demand":1,"DemandMax":null,"Value":2750},{"Length":19,"Height":34,"Demand":1,"DemandMax":null,"Value":646},{"Length":78,"Height":37,"Demand":1,"DemandMax":null,"Value":2886},{"Length":19,"Height":11,"Demand":1,"DemandMax":null,"Value":209},{"Length":15,"Height":22,"Demand":1,"DemandMax":null,"Value":330},{"Length":23,"Height":16,"Demand":1,"DemandMax":null,"Value":368},{"Length":38,"Height":10,"Demand":1,"DemandMax":null,"Value":380},{"Length":29,"Height":48,"Demand":1,"DemandMax":null,"Value":1392},{"Length":39,"Height":50,"Demand":1,"DemandMax":null,"Value":1950},{"Length":38,"Height":9,"Demand":1,"DemandMax":null,"Value":342},{"Length":19,"Height":44,"Demand":1,"DemandMax":null,"Value":836},{"Length":100,"Height":98,"Demand":1,"DemandMax":null,"Value":9800},{"Length":26,"Height":40,"Demand":1,"DemandMax":null,"Value":1040},{"Length":15,"Height":14,"Demand":1,"DemandMax":null,"Value":210},{"Length":11,"Height":39,"Demand":1,"DemandMax":null,"Value":429},{"Length":33,"Height":9,"Demand":1,"DemandMax":null,"Value":297},{"Length":24,"Height":41,"Demand":1,"DemandMax":null,"Value":984},{"Length":53,"Height":81,"Demand":1,"DemandMax":null,"Value":4293},{"Length":15,"Height":47,"Demand":1,"DemandMax":null,"Value":705},{"Length":27,"Height":31,"Demand":1,"DemandMax":null,"Value":837},{"Length":34,"Height":5,"Demand":1,"DemandMax":null,"Value":170},{"Length":4,"Height":72,"Demand":1,"DemandMax":null,"Value":288},{"Length":87,"Height":15,"Demand":1,"DemandMax":null,"Value":1305},{"Length":34,"Height":16,"Demand":1,"DemandMax":null,"Value":544},{"Length":69,"Height":29,"Demand":1,"DemandMax":null,"Value":2001},{"Length":16,"Height":50,"Demand":1,"DemandMax":null,"Value":800},{"Length":8,"Height":46,"Demand":1,"DemandMax":null,"Value":368},{"Length":66,"Height":12,"Demand":1,"DemandMax":null,"Value":792},{"Length":39,"Height":16,"Demand":1,"DemandMax":null,"Value":624},{"Length":40,"Height":2,"Demand":1,"DemandMax":null,"Value":80},{"Length":48,"Height":38,"Demand":1,"DemandMax":null,"Value":1824},{"Length":31,"Height":20,"Demand":1,"DemandMax":null,"Value":620},{"Length":34,"Height":14,"Demand":1,"DemandMax":null,"Value":476},{"Length":25,"Height":15,"Demand":1,"DemandMax":null,"Value":375},{"Length":48,"Height":42,"Demand":1,"DemandMax":null,"Value":2016},{"Length":22,"Height":39,"Demand":1,"DemandMax":null,"Value":858},{"Length":41,"Height":24,"Demand":1,"DemandMax":null,"Value":984},{"Length":22,"Height":40,"Demand":1,"DemandMax":null,"Value":880},{"Length":11,"Height":8,"Demand":1,"DemandMax":null,"Value":88},{"Length":25,"Height":20,"Demand":1,"DemandMax":null,"Value":500},{"Length":9,"Height":45,"Demand":1,"DemandMax":null,"Value":405},{"Length":31,"Height":27,"Demand":1,"DemandMax":null,"Value":837},{"Length":35,"Height":35,"Demand":1,"DemandMax":null,"Value":1225},{"Length":39,"Height":13,"Demand":1,"DemandMax":null,"Value":507},{"Length":39,"Height":28,"Demand":1,"DemandMax":null,"Value":1092},{"Length":1,"Height":26,"Demand":1,"DemandMax":null,"Value":26},{"Length":21,"Height":24,"Demand":1,"DemandMax":null,"Value":504},{"Length":16,"Height":77,"Demand":1,"DemandMax":null,"Value":1232},{"Length":30,"Height":23,"Demand":1,"DemandMax":null,"Value":690},{"Length":33,"Height":36,"Demand":1,"DemandMax":null,"Value":1188},{"Length":18,"Height":25,"Demand":1,"DemandMax":null,"Value":450},{"Length":3,"Height":33,"Demand":1,"DemandMax":null,"Value":99},{"Length":34,"Height":29,"Demand":1,"DemandMax":null,"Value":986},{"Length":27,"Height":8,"Demand":1,"DemandMax":null,"Value":216},{"Length":27,"Height":37,"Demand":1,"DemandMax":null,"Value":999},{"Length":3,"Height":11,"Demand":1,"DemandMax":null,"Value":33},{"Length":48,"Height":48,"Demand":1,"DemandMax":null,"Value":2304},{"Length":32,"Height":41,"Demand":1,"DemandMax":null,"Value":1312},{"Length":99,"Height":11,"Demand":1,"DemandMax":null,"Value":1089},{"Length":75,"Height":50,"Demand":1,"DemandMax":null,"Value":3750},{"Length":83,"Height":27,"Demand":1,"DemandMax":null,"Value":2241},{"Length":49,"Height":37,"Demand":1,"DemandMax":null,"Value":1813},{"Length":30,"Height":47,"Demand":1,"DemandMax":null,"Value":1410},{"Length":37,"Height":1,"Demand":1,"DemandMax":null,"Value":37},{"Length":13,"Height":19,"Demand":1,"DemandMax":null,"Value":247},{"Length":77,"Height":93,"Demand":1,"DemandMax":null,"Value":7161},{"Length":24,"Height":44,"Demand":1,"DemandMax":null,"Value":1056},{"Length":80,"Height":14,"Demand":1,"DemandMax":null,"Value":1120},{"Length":13,"Height":22,"Demand":1,"DemandMax":null,"Value":286},{"Length":18,"Height":12,"Demand":1,"DemandMax":null,"Value":216},{"Length":30,"Height":3,"Demand":1,"DemandMax":null,"Value":90},{"Length":18,"Height":38,"Demand":1,"DemandMax":null,"Value":684},{"Length":25,"Height":37,"Demand":1,"DemandMax":null,"Value":925},{"Length":20,"Height":42,"Demand":1,"DemandMax":null,"Value":840}]}