{"Name":"CLASS08_040_06","Objects":[{"Length":100,"Height":100,"Stock":null,"Cost":10000}],"Items":[{"Length":1,"Height":74,"Demand":1,"DemandMax":null,"Value":74},{"Length":24,"Height":88,"Demand":1,"DemandMax":null,"Value":2112},{"Length":16,"Height":77,"Demand":1,"DemandMax":null,"Value":1232},{"Length":98,"Height":7,"Demand":1,"DemandMax":null,"Value":686},{"Length":9,"Height":81,"Demand":1,"DemandMax":null,"Value":729},{"Length":22,"Height":71,"Demand":1,"DemandMax":null,"Value":1562},{"Length":29,"Height":88,"Demand":1,"DemandMax":null,"Value":2552},{"Length":100,"Height":39,"Demand":1,"DemandMax":null,"Value":3900},{"Length":85,"Height":45,"Demand":1,"DemandMax":null,"Value":3825},{"Length":31,"Height":98,"Demand":1,"DemandMax":null,"Value":3038},{"Length":68,"Height":11,"Demand":1,"DemandMax":null,"Value":748},{"Length":16,"Height":88,"Demand":1,"DemandMax":null,"Value":1408},{"Length":9,"Height":86,"Demand":1,"DemandMax":null,"Value":774},{"Length":67,"Height":46,"Demand":1,"DemandMax":null,"Value":3082},{"Length":41,"Height":66,"Demand":1,"DemandMax":null,"Value":2706},{"Length":92,"Height":87,"Demand":1,"DemandMax":null,"Value":8004},{"Length":1,"Height":83,"Demand":1,"DemandMax":null,"Value":83},{"Length":35,"Height":70,"Demand":1,"DemandMax":null,"Value":2450},{"Length":39,"Height":67,"Demand":1,"DemandMax":null,"Value":2613},{"Length":31,"Height":68,"Demand":1,"DemandMax":null,"Value":2108},{"Length":5,"Height":88,"Demand":1,"DemandMax":null,"Value":440},{"Length":30,"Height":86,"Demand":1,"DemandMax":null,"Value":2580},{"Length":99,"Height":65,"Demand":1,"DemandMax":null,"Value":6435},{"Length":32,"Height":88,"Demand":1,"DemandMax":null,"Value":2816},{"Length":21,"Height":66,"Demand":1,"DemandMax":null,"Value":1386},{"Length":36,"Height":75,"Demand":1,"DemandMax":null,"Value":2700},{"Length":21,"Height":93,"Demand":1,"DemandMax":null,"Value":1953},{"Length":44,"Height":81,"Demand":1,"DemandMax":null,"Value":3564},{"Length":48,"Height":87,"Demand":1,"DemandMax":null,"Value":4176},{"Length":4,"Height":10,"Demand":1,"DemandMax":null,"Value":40},{"Length":53,"Height":76,"Demand":1,"DemandMax":null,"Value":4028},{"Length":17,"Height":83,"Demand":1,"DemandMax":null,"Value":1411},{"Length":37,"Height":24,"Demand":1,"DemandMax":null,"Value":888},{"Length":33,"Height":78,"Demand":1,"DemandMax":null,"Value":2574},{"Length":49,"Height":82,"Demand":1,"DemandMax":null,"Value":4018},{"Length":52,"Height":88,"Demand":1,"DemandMax":null,"Value":4576},{"Length":38,"Height":28,"Demand":1,"DemandMax":null,"Value":1064},{"Length":25,"Height":91,"Demand":1,"DemandMax":null,"Value":2275},{"Length":5,"Height":89,"Demand":1,"DemandMax":null,"Value":445},{"Length":50,"Height":75,"Demand":1,"DemandMax":null,"Value":3750}]}