{"Name":"CLASS06_040_07","Objects":[{"Length":300,"Height":300,"Stock":null,"Cost":90000}],"Items":[{"Length":6,"Height":28,"Demand":1,"DemandMax":null,"Value":168},{"Length":59,"Height":53,"Demand":1,"DemandMax":null,"Value":3127},{"Length":31,"Height":100,"Demand":1,"DemandMax":null,"Value":3100},{"Length":8,"Height":92,"Demand":1,"DemandMax":null,"Value":736},{"Length":14,"Height":85,"Demand":1,"DemandMax":null,"Value":1190},{"Length":4,"Height":68,"Demand":1,"DemandMax":null,"Value":272},{"Length":66,"Height":62,"Demand":1,"DemandMax":null,"Value":4092},{"Length":24,"Height":24,"Demand":1,"DemandMax":null,"Value":576},{"Length":33,"Height":42,"Demand":1,"DemandMax":null,"Value":1386},{"Length":81,"Height":38,"Demand":1,"DemandMax":null,"Value":3078},{"Length":90,"Height":68,"Demand":1,"DemandMax":null,"Value":6120},{"Length":17,"Height":21,"Demand":1,"DemandMax":null,"Value":357},{"Length":51,"Height":19,"Demand":1,"DemandMax":null,"Value":969},{"Length":12,"Height":18,"Demand":1,"DemandMax":null,"Value":216},{"Length":58,"Height":7,"Demand":1,"DemandMax":null,"Value":406},{"Length":77,"Height":7,"Demand":1,"DemandMax":null,"Value":539},{"Length":90,"Height":74,"Demand":1,"DemandMax":null,"Value":6660},{"Length":55,"Height":98,"Demand":1,"DemandMax":null,"Value":5390},{"Length":58,"Height":100,"Demand":1,"DemandMax":null,"Value":5800},{"Length":24,"Height":36,"Demand":1,"DemandMax":null,"Value":864},{"Length":7,"Height":95,"Demand":1,"DemandMax":null,"Value":665},{"Length":96,"Height":99,"Demand":1,"DemandMax":null,"Value":9504},{"Length":13,"Height":4,"Demand":1,"DemandMax":null,"Value":52},{"Length":15,"Height":98,"Demand":1,"DemandMax":null,"Value":1470},{"Length":89,"Height":4,"Demand":1,"DemandMax":null,"Value":356},{"Length":59,"Height":77,"Demand":1,"DemandMax":null,"Value":4543},{"Length":79,"Height":7,"Demand":1,"DemandMax":null,"Value":553},{"Length":39,"Height":15,"Demand":1,"DemandMax":null,"Value":585},{"Length":60,"Height":57,"Demand":1,"DemandMax":null,"Value":3420},{"Length":99,"Height":22,"Demand":1,"DemandMax":null,"Value":2178},{"Length":44,"Height":31,"Demand":1,"DemandMax":null,"Value":1364},{"Length":17,"Height":42,"Demand":1,"DemandMax":null,"Value":714},{"Length":74,"Height":42,"Demand":1,"DemandMax":null,"Value":3108},{"Length":4,"Height":54,"Demand":1,"DemandMax":null,"Value":216},{"Length":30,"Height":33,"Demand":1,"DemandMax":null,"Value":990},{"Length":6,"Height":68,"Demand":1,"DemandMax":null,"Value":408},{"Length":21,"Height":82,"Demand":1,"DemandMax":null,"Value":1722},{"Length":98,"Height":30,"Demand":1,"DemandMax":null,"Value":2940},{"Length":93,"Height":100,"Demand":1,"DemandMax":null,"Value":9300},{"Length":94,"Height":16,"Demand":1,"DemandMax":null,"Value":1504}]}