{"Name":"CLASS10_080_01","Objects":[{"Length":100,"Height":100,"Stock":null,"Cost":10000}],"Items":[{"Length":11,"Height":20,"Demand":1,"DemandMax":null,"Value":220},{"Length":84,"Height":31,"Demand":1,"DemandMax":null,"Value":2604},{"Length":18,"Height":91,"Demand":1,"DemandMax":null,"Value":1638},{"Length":28,"Height":6,"Demand":1,"DemandMax":null,"Value":168},{"Length":27,"Height":31,"Demand":1,"DemandMax":null,"Value":837},{"Length":57,"Height":83,"Demand":1,"DemandMax":null,"Value":4731},{"Length":90,"Height":53,"Demand":1,"DemandMax":null,"Value":4770},{"Length":65,"Height":62,"Demand":1,"DemandMax":null,"Value":4030},{"Length":5,"Height":4,"Demand":1,"DemandMax":null,"Value":20},{"Length":2,"Height":46,"Demand":1,"DemandMax":null,"Value":92},{"Length":24,"Height":33,"Demand":1,"DemandMax":null,"Value":792},{"Length":15,"Height":32,"Demand":1,"DemandMax":null,"Value":480},{"Length":95,"Height":89,"Demand":1,"DemandMax":null,"Value":8455},{"Length":7,"Height":21,"Demand":1,"DemandMax":null,"Value":147},{"Length":79,"Height":23,"Demand":1,"DemandMax":null,"Value":1817},{"Length":26,"Height":13,"Demand":1,"DemandMax":null,"Value":338},{"Length":47,"Height":35,"Demand":1,"DemandMax":null,"Value":1645},{"Length":24,"Height":8,"Demand":1,"DemandMax":null,"Value":192},{"Length":27,"Height":25,"Demand":1,"DemandMax":null,"Value":675},{"Length":49,"Height":6,"Demand":1,"DemandMax":null,"Value":294},{"Length":10,"Height":43,"Demand":1,"DemandMax":null,"Value":430},{"Length":2,"Height":6,"Demand":1,"DemandMax":null,"Value":12},{"Length":46,"Height":39,"Demand":1,"DemandMax":null,"Value":1794},{"Length":33,"Height":72,"Demand":1,"DemandMax":null,"Value":2376},{"Length":34,"Height":13,"Demand":1,"DemandMax":null,"Value":442},{"Length":42,"Height":77,"Demand":1,"DemandMax":null,"Value":3234},{"Length":83,"Height":15,"Demand":1,"DemandMax":null,"Value":1245},{"Length":29,"Height":26,"Demand":1,"DemandMax":null,"Value":754},{"Length":70,"Height":94,"Demand":1,"DemandMax":null,"Value":6580},{"Length":44,"Height":38,"Demand":1,"DemandMax":null,"Value":1672},{"Length":18,"Height":2,"Demand":1,"DemandMax":null,"Value":36},{"Length":37,"Height":3,"Demand":1,"DemandMax":null,"Value":111},{"Length":19,"Height":37,"Demand":1,"DemandMax":null,"Value":703},{"Length":8,"Height":22,"Demand":1,"DemandMax":null,"Value":176},{"Length":72,"Height":50,"Demand":1,"DemandMax":null,"Value":3600},{"Length":6,"Height":43,"Demand":1,"DemandMax":null,"Value":258},{"Length":29,"Height":42,"Demand":1,"DemandMax":null,"Value":1218},{"Length":33,"Height":17,"Demand":1,"DemandMax":null,"Value":561},{"Length":88,"Height":60,"Demand":1,"DemandMax":null,"Value":5280},{"Length":37,"Height":44,"Demand":1,"DemandMax":null,"Value":1628},{"Length":50,"Height":8,"Demand":1,"DemandMax":null,"Value":400},{"Length":20,"Height":82,"Demand":1,"DemandMax":null,"Value":1640},{"Length":15,"Height":33,"Demand":1,"DemandMax":null,"Value":495},{"Length":80,"Height":55,"Demand":1,"DemandMax":null,"Value":4400},{"Length":88,"Height":36,"Demand":1,"DemandMax":null,"Value":3168},{"Length":18,"Height":42,"Demand":1,"DemandMax":null,"Value":756},{"Length":4,"Height":17,"Demand":1,"DemandMax":null,"Value":68},{"Length":35,"Height":30,"Demand":1,"DemandMax":null,"Value":1050},{"Length":28,"Height":26,"Demand":1,"DemandMax":null,"Value":728},{"Length":29,"Height":22,"Demand":1,"DemandMax":null,"Value":638},{"Length":5,"Height":12,"Demand":1,"DemandMax":null,"Value":60},{"Length":1,"Height":16,"Demand":1,"DemandMax":null,"Value":16},{"Length":34,"Height":27,"Demand":1,"DemandMax":null,"Value":918},{"Length":50,"Height":14,"Demand":1,"DemandMax":null,"Value":700},{"Length":66,"Height":69,"Demand":1,"DemandMax":null,"Value":4554},{"Length":85,"Height":14,"Demand":1,"DemandMax":null,"Value":1190},{"Length":3,"Height":40,"Demand":1,"DemandMax":null,"Value":120},{"Length":34,"Height":17,"Demand":1,"DemandMax":null,"Value":578},{"Length":41,"Height":38,"Demand":1,"DemandMax":null,"Value":1558},{"Length":18,"Height":23,"Demand":1,"DemandMax":null,"Value":414},{"Length":32,"Height":15,"Demand":1,"DemandMax":null,"Value":480},{"Length":29,"Height":32,"Demand":1,"DemandMax":null,"Value":928},{"Length":27,"Height":19,"Demand":1,"DemandMax":null,"Value":513},{"Length":19,"Height":96,"Demand":1,"DemandMax":null,"Value":1824},{"Length":24,"Height":1,"Demand":1,"DemandMax":null,"Value":24},{"Length":86,"Height":58,"Demand":1,"DemandMax":null,"Value":4988},{"Length":24,"Height":11,"Demand":1,"DemandMax":null,"Value":264},{"Length":31,"Height":26,"Demand":1,"DemandMax":null,"Value":806},{"Length":27,"Height":49,"Demand":1,"DemandMax":null,"Value":1323},{"Length":54,"Height":97,"Demand":1,"DemandMax":null,"Value":5238},{"Length":33,"Height":75,"Demand":1,"DemandMax":null,"Value":2475},{"Length":6,"Height":80,"Demand":1,"DemandMax":null,"Value":480},{"Length":42,"Height":9,"Demand":1,"DemandMax":null,"Value":378},{"Length":35,"Height":47,"Demand":1,"DemandMax":null,"Value":1645},{"Length":3,"Height":86,"Demand":1,"DemandMax":null,"Value":258},{"Length":42,"Height":27,"Demand":1,"DemandMax":null,"Value":1134},{"Length":18,"Height":30,"Demand":1,"DemandMax":null,"Value":540},{"Length":27,"Height":9,"Demand":1,"DemandMax":null,"Value":243},{"Length":36,"Height":7,"Demand":1,"DemandMax":null,"Value":252},{"Length":93,"Height":44,"Demand":1,"DemandMax":null,"Value":4092}]}