{"Name":"CLASS04_080_09","Objects":[{"Length":100,"Height":100,"Stock":null,"Cost":10000}],"Items":[{"Length":29,"Height":14,"Demand":1,"DemandMax":null,"Value":406},{"Length":22,"Height":19,"Demand":1,"DemandMax":null,"Value":418},{"Length":11,"Height":34,"Demand":1,"DemandMax":null,"Value":374},{"Length":4,"Height":8,"Demand":1,"DemandMax":null,"Value":32},{"Length":20,"Height":7,"Demand":1,"DemandMax":null,"Value":140},{"Length":22,"Height":5,"Demand":1,"DemandMax":null,"Value":110},{"Length":15,"Height":20,"Demand":1,"DemandMax":null,"Value":300},{"Length":21,"Height":15,"Demand":1,"DemandMax":null,"Value":315},{"Length":35,"Height":31,"Demand":1,"DemandMax":null,"Value":1085},{"Length":29,"Height":18,"Demand":1,"DemandMax":null,"Value":522},{"Length":24,"Height":7,"Demand":1,"DemandMax":null,"Value":168},{"Length":15,"Height":6,"Demand":1,"DemandMax":null,"Value":90},{"Length":10,"Height":34,"Demand":1,"DemandMax":null,"Value":340},{"Length":28,"Height":19,"Demand":1,"DemandMax":null,"Value":532},{"Length":32,"Height":1,"Demand":1,"DemandMax":null,"Value":32},{"Length":27,"Height":1,"Demand":1,"DemandMax":null,"Value":27},{"Length":35,"Height":15,"Demand":1,"DemandMax":null,"Value":525},{"Length":16,"Height":15,"Demand":1,"DemandMax":null,"Value":240},{"Length":12,"Height":22,"Demand":1,"DemandMax":null,"Value":264},{"Length":9,"Height":31,"Demand":1,"DemandMax":null,"Value":279},{"Length":2,"Height":14,"Demand":1,"DemandMax":null,"Value":28},{"Length":34,"Height":27,"Demand":1,"DemandMax":null,"Value":918},{"Length":20,"Height":31,"Demand":1,"DemandMax":null,"Value":620},{"Length":25,"Height":33,"Demand":1,"DemandMax":null,"Value":825},{"Length":23,"Height":17,"Demand":1,"DemandMax":null,"Value":391},{"Length":33,"Height":16,"Demand":1,"DemandMax":null,"Value":528},{"Length":15,"Height":1,"Demand":1,"DemandMax":null,"Value":15},{"Length":14,"Height":27,"Demand":1,"DemandMax":null,"Value":378},{"Length":13,"Height":20,"Demand":2,"DemandMax":null,"Value":260},{"Length":8,"Height":23,"Demand":1,"DemandMax":null,"Value":184},{"Length":7,"Height":21,"Demand":1,"DemandMax":null,"Value":147},{"Length":30,"Height":9,"Demand":1,"DemandMax":null,"Value":270},{"Length":2,"Height":30,"Demand":1,"DemandMax":null,"Value":60},{"Length":2,"Height":35,"Demand":1,"DemandMax":null,"Value":70},{"Length":14,"Height":17,"Demand":1,"DemandMax":null,"Value":238},{"Length":33,"Height":22,"Demand":1,"DemandMax":null,"Value":726},{"Length":34,"Height":33,"Demand":1,"DemandMax":null,"Value":1122},{"Length":35,"Height":10,"Demand":1,"DemandMax":null,"Value":350},{"Length":32,"Height":33,"Demand":1,"DemandMax":null,"Value":1056},{"Length":33,"Height":15,"Demand":1,"DemandMax":null,"Value":495},{"Length":23,"Height":23,"Demand":1,"DemandMax":null,"Value":529},{"Length":32,"Height":29,"Demand":2,"DemandMax":null,"Value":928},{"Length":34,"Height":18,"Demand":1,"DemandMax":null,"Value":612},{"Length":35,"Height":9,"Demand":1,"DemandMax":null,"Value":315},{"Length":2,"Height":4,"Demand":1,"DemandMax":null,"Value":8},{"Length":5,"Height":2,"Demand":1,"DemandMax":null,"Value":10},{"Length":4,"Height":9,"Demand":1,"DemandMax":null,"Value":36},{"Length":8,"Height":11,"Demand":1,"DemandMax":null,"Value":88},{"Length":34,"Height":3,"Demand":1,"DemandMax":null,"Value":102},{"Length":11,"Height":28,"Demand":1,"DemandMax":null,"Value":308},{"Length":15,"Height":2,"Demand":1,"DemandMax":null,"Value":30},{"Length":31,"Height":24,"Demand":1,"DemandMax":null,"Value":744},{"Length":20,"Height":32,"Demand":1,"DemandMax":null,"Value":640},{"Length":24,"Height":12,"Demand":1,"DemandMax":null,"Value":288},{"Length":29,"Height":29,"Demand":1,"DemandMax":null,"Value":841},{"Length":30,"Height":21,"Demand":1,"DemandMax":null,"Value":630},{"Length":35,"Height":7,"Demand":1,"DemandMax":null,"Value":245},{"Length":29,"Height":19,"Demand":1,"DemandMax":null,"Value":551},{"Length":8,"Height":29,"Demand":1,"DemandMax":null,"Value":232},{"Length":14,"Height":22,"Demand":1,"DemandMax":null,"Value":308},{"Length":32,"Height":28,"Demand":1,"DemandMax":null,"Value":896},{"Length":23,"Height":21,"Demand":1,"DemandMax":null,"Value":483},{"Length":29,"Height":21,"Demand":1,"DemandMax":null,"Value":609},{"Length":1,"Height":22,"Demand":1,"DemandMax":null,"Value":22},{"Length":4,"Height":33,"Demand":1,"DemandMax":null,"Value":132},{"Length":12,"Height":4,"Demand":1,"DemandMax":null,"Value":48},{"Length":8,"Height":35,"Demand":1,"DemandMax":null,"Value":280},{"Length":23,"Height":30,"Demand":1,"DemandMax":null,"Value":690},{"Length":31,"Height":7,"Demand":1,"DemandMax":null,"Value":217},{"Length":16,"Height":33,"Demand":1,"DemandMax":null,"Value":528},{"Length":9,"Height":11,"Demand":1,"DemandMax":null,"Value":99},{"Length":18,"Height":30,"Demand":1,"DemandMax":null,"Value":540},{"Length":27,"Height":16,"Demand":1,"DemandMax":null,"Value":432},{"Length":32,"Height":12,"Demand":1,"DemandMax":null,"Value":384},{"Length":6,"Height":2,"Demand":1,"DemandMax":null,"Value":12},{"Length":4,"Height":18,"Demand":1,"DemandMax":null,"Value":72},{"Length":22,"Height":32,"Demand":1,"DemandMax":null,"Value":704},{"Length":19,"Height":5,"Demand":1,"DemandMax":null,"Value":95}]}