{"Name":"CLASS03_020_10","Objects":[{"Length":40,"Height":40,"Stock":null,"Cost":1600}],"Items":[{"Length":27,"Height":34,"Demand":1,"DemandMax":null,"Value":918},{"Length":19,"Height":18,"Demand":1,"DemandMax":null,"Value":342},{"Length":11,"Height":4,"Demand":2,"DemandMax":null,"Value":44},{"Length":34,"Height":35,"Demand":1,"DemandMax":null,"Value":1190},{"Length":26,"Height":26,"Demand":1,"DemandMax":null,"Value":676},{"Length":7,"Height":7,"Demand":1,"DemandMax":null,"Value":49},{"Length":7,"Height":21,"Demand":1,"DemandMax":null,"Value":147},{"Length":35,"Height":19,"Demand":1,"DemandMax":null,"Value":665},{"Length":5,"Height":29,"Demand":1,"DemandMax":null,"Value":145},{"Length":17,"Height":27,"Demand":1,"DemandMax":null,"Value":459},{"Length":11,"Height":31,"Demand":1,"DemandMax":null,"Value":341},{"Length":5,"Height":2,"Demand":1,"DemandMax":null,"Value":10},{"Length":30,"Height":17,"Demand":1,"DemandMax":null,"Value":510},{"Length":24,"Height":27,"Demand":1,"DemandMax":null,"Value":648},{"Length":7,"Height":28,"Demand":1,"DemandMax":null,"Value":196},{"Length":9,"Height":27,"Demand":1,"DemandMax":null,"Value":243},{"Length":4,"Height":9,"Demand":1,"DemandMax":null,"Value":36},{"Length":26,"Height":21,"Demand":1,"DemandMax":null,"Value":546},{"Length":21,"Height":9,"Demand":1,"DemandMax":null,"Value":189}]}