{"Name":"CLASS07_020_03","Objects":[{"Length":100,"Height":100,"Stock":null,"Cost":10000}],"Items":[{"Length":85,"Height":32,"Demand":1,"DemandMax":null,"Value":2720},{"Length":25,"Height":26,"Demand":1,"DemandMax":null,"Value":650},{"Length":93,"Height":32,"Demand":1,"DemandMax":null,"Value":2976},{"Length":96,"Height":46,"Demand":1,"DemandMax":null,"Value":4416},{"Length":86,"Height":36,"Demand":1,"DemandMax":null,"Value":3096},{"Length":16,"Height":97,"Demand":1,"DemandMax":null,"Value":1552},{"Length":98,"Height":42,"Demand":1,"DemandMax":null,"Value":4116},{"Length":94,"Height":21,"Demand":1,"DemandMax":null,"Value":1974},{"Length":94,"Height":1,"Demand":1,"DemandMax":null,"Value":94},{"Length":19,"Height":83,"Demand":1,"DemandMax":null,"Value":1577},{"Length":76,"Height":14,"Demand":1,"DemandMax":null,"Value":1064},{"Length":100,"Height":8,"Demand":1,"DemandMax":null,"Value":800},{"Length":76,"Height":29,"Demand":1,"DemandMax":null,"Value":2204},{"Length":88,"Height":19,"Demand":1,"DemandMax":null,"Value":1672},{"Length":96,"Height":47,"Demand":1,"DemandMax":null,"Value":4512},{"Length":20,"Height":70,"Demand":1,"DemandMax":null,"Value":1400},{"Length":2,"Height":78,"Demand":1,"DemandMax":null,"Value":156},{"Length":72,"Height":23,"Demand":1,"DemandMax":null,"Value":1656},{"Length":36,"Height":42,"Demand":1,"DemandMax":null,"Value":1512},{"Length":66,"Height":17,"Demand":1,"DemandMax":null,"Value":1122}]}