{"Name":"CLASS08_020_06","Objects":[{"Length":100,"Height":100,"Stock":null,"Cost":10000}],"Items":[{"Length":7,"Height":70,"Demand":1,"DemandMax":null,"Value":490},{"Length":12,"Height":95,"Demand":1,"DemandMax":null,"Value":1140},{"Length":36,"Height":95,"Demand":1,"DemandMax":null,"Value":3420},{"Length":49,"Height":99,"Demand":1,"DemandMax":null,"Value":4851},{"Length":43,"Height":86,"Demand":1,"DemandMax":null,"Value":3698},{"Length":39,"Height":87,"Demand":1,"DemandMax":null,"Value":3393},{"Length":28,"Height":80,"Demand":1,"DemandMax":null,"Value":2240},{"Length":87,"Height":42,"Demand":1,"DemandMax":null,"Value":3654},{"Length":41,"Height":15,"Demand":1,"DemandMax":null,"Value":615},{"Length":27,"Height":87,"Demand":1,"DemandMax":null,"Value":2349},{"Length":32,"Height":11,"Demand":1,"DemandMax":null,"Value":352},{"Length":25,"Height":99,"Demand":1,"DemandMax":null,"Value":2475},{"Length":1,"Height":73,"Demand":1,"DemandMax":null,"Value":73},{"Length":27,"Height":43,"Demand":1,"DemandMax":null,"Value":1161},{"Length":48,"Height":74,"Demand":1,"DemandMax":null,"Value":3552},{"Length":31,"Height":76,"Demand":1,"DemandMax":null,"Value":2356},{"Length":22,"Height":78,"Demand":1,"DemandMax":null,"Value":1716},{"Length":39,"Height":76,"Demand":1,"DemandMax":null,"Value":2964},{"Length":25,"Height":84,"Demand":1,"DemandMax":null,"Value":2100},{"Length":49,"Height":96,"Demand":1,"DemandMax":null,"Value":4704}]}