{"Name":"CLASS08_040_07","Objects":[{"Length":100,"Height":100,"Stock":null,"Cost":10000}],"Items":[{"Length":27,"Height":67,"Demand":1,"DemandMax":null,"Value":1809},{"Length":16,"Height":100,"Demand":1,"DemandMax":null,"Value":1600},{"Length":43,"Height":4,"Demand":1,"DemandMax":null,"Value":172},{"Length":2,"Height":89,"Demand":1,"DemandMax":null,"Value":178},{"Length":12,"Height":89,"Demand":1,"DemandMax":null,"Value":1068},{"Length":17,"Height":80,"Demand":1,"DemandMax":null,"Value":1360},{"Length":34,"Height":94,"Demand":1,"DemandMax":null,"Value":3196},{"Length":58,"Height":60,"Demand":1,"DemandMax":null,"Value":3480},{"Length":9,"Height":83,"Demand":1,"DemandMax":null,"Value":747},{"Length":29,"Height":68,"Demand":1,"DemandMax":null,"Value":1972},{"Length":91,"Height":39,"Demand":1,"DemandMax":null,"Value":3549},{"Length":77,"Height":99,"Demand":1,"DemandMax":null,"Value":7623},{"Length":18,"Height":29,"Demand":1,"DemandMax":null,"Value":522},{"Length":4,"Height":99,"Demand":1,"DemandMax":null,"Value":396},{"Length":2,"Height":48,"Demand":1,"DemandMax":null,"Value":96},{"Length":8,"Height":100,"Demand":1,"DemandMax":null,"Value":800},{"Length":92,"Height":45,"Demand":1,"DemandMax":null,"Value":4140},{"Length":40,"Height":68,"Demand":1,"DemandMax":null,"Value":2720},{"Length":29,"Height":79,"Demand":1,"DemandMax":null,"Value":2291},{"Length":50,"Height":73,"Demand":1,"DemandMax":null,"Value":3650},{"Length":21,"Height":81,"Demand":1,"DemandMax":null,"Value":1701},{"Length":37,"Height":80,"Demand":1,"DemandMax":null,"Value":2960},{"Length":17,"Height":67,"Demand":1,"DemandMax":null,"Value":1139},{"Length":3,"Height":89,"Demand":1,"DemandMax":null,"Value":267},{"Length":64,"Height":60,"Demand":1,"DemandMax":null,"Value":3840},{"Length":47,"Height":50,"Demand":1,"DemandMax":null,"Value":2350},{"Length":17,"Height":98,"Demand":2,"DemandMax":null,"Value":1666},{"Length":18,"Height":79,"Demand":1,"DemandMax":null,"Value":1422},{"Length":21,"Height":73,"Demand":1,"DemandMax":null,"Value":1533},{"Length":78,"Height":41,"Demand":1,"DemandMax":null,"Value":3198},{"Length":85,"Height":3,"Demand":1,"DemandMax":null,"Value":255},{"Length":45,"Height":76,"Demand":1,"DemandMax":null,"Value":3420},{"Length":38,"Height":82,"Demand":1,"DemandMax":null,"Value":3116},{"Length":50,"Height":96,"Demand":1,"DemandMax":null,"Value":4800},{"Length":1,"Height":80,"Demand":1,"DemandMax":null,"Value":80},{"Length":34,"Height":82,"Demand":1,"DemandMax":null,"Value":2788},{"Length":95,"Height":57,"Demand":1,"DemandMax":null,"Value":5415},{"Length":36,"Height":66,"Demand":1,"DemandMax":null,"Value":2376},{"Length":34,"Height":96,"Demand":1,"DemandMax":null,"Value":3264}]}