{"Name":"CLASS06_040_05","Objects":[{"Length":300,"Height":300,"Stock":null,"Cost":90000}],"Items":[{"Length":77,"Height":95,"Demand":1,"DemandMax":null,"Value":7315},{"Length":53,"Height":50,"Demand":1,"DemandMax":null,"Value":2650},{"Length":30,"Height":11,"Demand":1,"DemandMax":null,"Value":330},{"Length":95,"Height":100,"Demand":1,"DemandMax":null,"Value":9500},{"Length":73,"Height":73,"Demand":1,"DemandMax":null,"Value":5329},{"Length":18,"Height":19,"Demand":1,"DemandMax":null,"Value":342},{"Length":19,"Height":60,"Demand":1,"DemandMax":null,"Value":1140},{"Length":99,"Height":52,"Demand":1,"DemandMax":null,"Value":5148},{"Length":12,"Height":83,"Demand":1,"DemandMax":null,"Value":996},{"Length":49,"Height":76,"Demand":1,"DemandMax":null,"Value":3724},{"Length":30,"Height":87,"Demand":1,"DemandMax":null,"Value":2610},{"Length":13,"Height":3,"Demand":1,"DemandMax":null,"Value":39},{"Length":84,"Height":48,"Demand":1,"DemandMax":null,"Value":4032},{"Length":68,"Height":77,"Demand":1,"DemandMax":null,"Value":5236},{"Length":19,"Height":79,"Demand":1,"DemandMax":null,"Value":1501},{"Length":26,"Height":76,"Demand":1,"DemandMax":null,"Value":1976},{"Length":11,"Height":24,"Demand":1,"DemandMax":null,"Value":264},{"Length":31,"Height":11,"Demand":1,"DemandMax":null,"Value":341},{"Length":73,"Height":60,"Demand":1,"DemandMax":null,"Value":4380},{"Length":60,"Height":26,"Demand":1,"DemandMax":null,"Value":1560},{"Length":48,"Height":99,"Demand":1,"DemandMax":null,"Value":4752},{"Length":26,"Height":99,"Demand":1,"DemandMax":null,"Value":2574},{"Length":15,"Height":84,"Demand":1,"DemandMax":null,"Value":1260},{"Length":72,"Height":42,"Demand":1,"DemandMax":null,"Value":3024},{"Length":85,"Height":95,"Demand":1,"DemandMax":null,"Value":8075},{"Length":76,"Height":98,"Demand":1,"DemandMax":null,"Value":7448},{"Length":1,"Height":41,"Demand":1,"DemandMax":null,"Value":41},{"Length":49,"Height":46,"Demand":1,"DemandMax":null,"Value":2254},{"Length":42,"Height":68,"Demand":1,"DemandMax":null,"Value":2856},{"Length":36,"Height":96,"Demand":1,"DemandMax":null,"Value":3456},{"Length":20,"Height":53,"Demand":1,"DemandMax":null,"Value":1060},{"Length":15,"Height":94,"Demand":1,"DemandMax":null,"Value":1410},{"Length":77,"Height":7,"Demand":1,"DemandMax":null,"Value":539},{"Length":96,"Height":16,"Demand":1,"DemandMax":null,"Value":1536},{"Length":93,"Height":75,"Demand":1,"DemandMax":null,"Value":6975},{"Length":24,"Height":74,"Demand":1,"DemandMax":null,"Value":1776},{"Length":78,"Height":34,"Demand":1,"DemandMax":null,"Value":2652},{"Length":77,"Height":12,"Demand":1,"DemandMax":null,"Value":924},{"Length":77,"Height":96,"Demand":1,"DemandMax":null,"Value":7392},{"Length":66,"Height":9,"Demand":1,"DemandMax":null,"Value":594}]}