{"Name":"CLASS09_020_08","Objects":[{"Length":100,"Height":100,"Stock":null,"Cost":10000}],"Items":[{"Length":54,"Height":92,"Demand":1,"DemandMax":null,"Value":4968},{"Length":58,"Height":88,"Demand":1,"DemandMax":null,"Value":5104},{"Length":51,"Height":91,"Demand":1,"DemandMax":null,"Value":4641},{"Length":27,"Height":79,"Demand":1,"DemandMax":null,"Value":2133},{"Length":51,"Height":68,"Demand":1,"DemandMax":null,"Value":3468},{"Length":72,"Height":54,"Demand":1,"DemandMax":null,"Value":3888},{"Length":55,"Height":73,"Demand":1,"DemandMax":null,"Value":4015},{"Length":96,"Height":92,"Demand":1,"DemandMax":null,"Value":8832},{"Length":61,"Height":55,"Demand":1,"DemandMax":null,"Value":3355},{"Length":98,"Height":33,"Demand":1,"DemandMax":null,"Value":3234},{"Length":70,"Height":66,"Demand":1,"DemandMax":null,"Value":4620},{"Length":27,"Height":84,"Demand":1,"DemandMax":null,"Value":2268},{"Length":83,"Height":55,"Demand":1,"DemandMax":null,"Value":4565},{"Length":84,"Height":72,"Demand":1,"DemandMax":null,"Value":6048},{"Length":48,"Height":81,"Demand":1,"DemandMax":null,"Value":3888},{"Length":19,"Height":22,"Demand":1,"DemandMax":null,"Value":418},{"Length":65,"Height":66,"Demand":1,"DemandMax":null,"Value":4290},{"Length":82,"Height":74,"Demand":1,"DemandMax":null,"Value":6068},{"Length":86,"Height":89,"Demand":1,"DemandMax":null,"Value":7654},{"Length":23,"Height":29,"Demand":1,"DemandMax":null,"Value":667}]}