{"Name":"CLASS09_080_03","Objects":[{"Length":100,"Height":100,"Stock":null,"Cost":10000}],"Items":[{"Length":50,"Height":62,"Demand":1,"DemandMax":null,"Value":3100},{"Length":74,"Height":83,"Demand":1,"DemandMax":null,"Value":6142},{"Length":66,"Height":66,"Demand":1,"DemandMax":null,"Value":4356},{"Length":98,"Height":7,"Demand":1,"DemandMax":null,"Value":686},{"Length":58,"Height":73,"Demand":1,"DemandMax":null,"Value":4234},{"Length":71,"Height":58,"Demand":1,"DemandMax":null,"Value":4118},{"Length":79,"Height":83,"Demand":1,"DemandMax":null,"Value":6557},{"Length":100,"Height":39,"Demand":1,"DemandMax":null,"Value":3900},{"Length":85,"Height":45,"Demand":1,"DemandMax":null,"Value":3825},{"Length":81,"Height":97,"Demand":1,"DemandMax":null,"Value":7857},{"Length":68,"Height":11,"Demand":1,"DemandMax":null,"Value":748},{"Length":65,"Height":82,"Demand":1,"DemandMax":null,"Value":5330},{"Length":58,"Height":79,"Demand":1,"DemandMax":null,"Value":4582},{"Length":67,"Height":46,"Demand":1,"DemandMax":null,"Value":3082},{"Length":91,"Height":50,"Demand":1,"DemandMax":null,"Value":4550},{"Length":92,"Height":87,"Demand":1,"DemandMax":null,"Value":8004},{"Length":50,"Height":75,"Demand":1,"DemandMax":null,"Value":3750},{"Length":85,"Height":56,"Demand":1,"DemandMax":null,"Value":4760},{"Length":89,"Height":51,"Demand":1,"DemandMax":null,"Value":4539},{"Length":81,"Height":53,"Demand":1,"DemandMax":null,"Value":4293},{"Length":54,"Height":82,"Demand":1,"DemandMax":null,"Value":4428},{"Length":80,"Height":79,"Demand":1,"DemandMax":null,"Value":6320},{"Length":99,"Height":65,"Demand":1,"DemandMax":null,"Value":6435},{"Length":81,"Height":83,"Demand":1,"DemandMax":null,"Value":6723},{"Length":70,"Height":50,"Demand":1,"DemandMax":null,"Value":3500},{"Length":86,"Height":63,"Demand":1,"DemandMax":null,"Value":5418},{"Length":21,"Height":93,"Demand":1,"DemandMax":null,"Value":1953},{"Length":93,"Height":73,"Demand":1,"DemandMax":null,"Value":6789},{"Length":98,"Height":81,"Demand":1,"DemandMax":null,"Value":7938},{"Length":4,"Height":10,"Demand":1,"DemandMax":null,"Value":40},{"Length":53,"Height":76,"Demand":1,"DemandMax":null,"Value":4028},{"Length":67,"Height":74,"Demand":1,"DemandMax":null,"Value":4958},{"Length":37,"Height":24,"Demand":1,"DemandMax":null,"Value":888},{"Length":83,"Height":67,"Demand":1,"DemandMax":null,"Value":5561},{"Length":99,"Height":74,"Demand":1,"DemandMax":null,"Value":7326},{"Length":52,"Height":88,"Demand":1,"DemandMax":null,"Value":4576},{"Length":38,"Height":28,"Demand":1,"DemandMax":null,"Value":1064},{"Length":74,"Height":87,"Demand":1,"DemandMax":null,"Value":6438},{"Length":55,"Height":84,"Demand":1,"DemandMax":null,"Value":4620},{"Length":100,"Height":63,"Demand":1,"DemandMax":null,"Value":6300},{"Length":1,"Height":96,"Demand":1,"DemandMax":null,"Value":96},{"Length":77,"Height":68,"Demand":1,"DemandMax":null,"Value":5236},{"Length":82,"Height":6,"Demand":1,"DemandMax":null,"Value":492},{"Length":8,"Height":1,"Demand":1,"DemandMax":null,"Value":8},{"Length":74,"Height":70,"Demand":1,"DemandMax":null,"Value":5180},{"Length":92,"Height":60,"Demand":1,"DemandMax":null,"Value":5520},{"Length":53,"Height":89,"Demand":1,"DemandMax":null,"Value":4717},{"Length":78,"Height":99,"Demand":1,"DemandMax":null,"Value":7722},{"Length":60,"Height":59,"Demand":1,"DemandMax":null,"Value":3540},{"Length":78,"Height":15,"Demand":1,"DemandMax":null,"Value":1170},{"Length":95,"Height":83,"Demand":1,"DemandMax":null,"Value":7885},{"Length":60,"Height":58,"Demand":1,"DemandMax":null,"Value":3480},{"Length":8,"Height":73,"Demand":1,"DemandMax":null,"Value":584},{"Length":55,"Height":81,"Demand":1,"DemandMax":null,"Value":4455},{"Length":98,"Height":90,"Demand":1,"DemandMax":null,"Value":8820},{"Length":53,"Height":81,"Demand":1,"DemandMax":null,"Value":4293},{"Length":66,"Height":72,"Demand":1,"DemandMax":null,"Value":4752},{"Length":54,"Height":58,"Demand":1,"DemandMax":null,"Value":3132},{"Length":63,"Height":57,"Demand":1,"DemandMax":null,"Value":3591},{"Length":59,"Height":64,"Demand":1,"DemandMax":null,"Value":3776},{"Length":87,"Height":97,"Demand":1,"DemandMax":null,"Value":8439},{"Length":66,"Height":98,"Demand":1,"DemandMax":null,"Value":6468},{"Length":90,"Height":88,"Demand":1,"DemandMax":null,"Value":7920},{"Length":84,"Height":10,"Demand":1,"DemandMax":null,"Value":840},{"Length":69,"Height":82,"Demand":1,"DemandMax":null,"Value":5658},{"Length":89,"Height":99,"Demand":1,"DemandMax":null,"Value":8811},{"Length":28,"Height":30,"Demand":1,"DemandMax":null,"Value":840},{"Length":54,"Height":66,"Demand":1,"DemandMax":null,"Value":3564},{"Length":14,"Height":86,"Demand":1,"DemandMax":null,"Value":1204},{"Length":24,"Height":12,"Demand":1,"DemandMax":null,"Value":288},{"Length":28,"Height":33,"Demand":1,"DemandMax":null,"Value":924},{"Length":95,"Height":85,"Demand":1,"DemandMax":null,"Value":8075},{"Length":69,"Height":88,"Demand":1,"DemandMax":null,"Value":6072},{"Length":69,"Height":86,"Demand":1,"DemandMax":null,"Value":5934},{"Length":40,"Height":98,"Demand":1,"DemandMax":null,"Value":3920},{"Length":97,"Height":65,"Demand":1,"DemandMax":null,"Value":6305},{"Length":87,"Height":58,"Demand":1,"DemandMax":null,"Value":5046},{"Length":28,"Height":22,"Demand":1,"DemandMax":null,"Value":616},{"Length":62,"Height":73,"Demand":1,"DemandMax":null,"Value":4526},{"Length":60,"Height":56,"Demand":1,"DemandMax":null,"Value":3360}]}