{"Name":"CLASS04_060_05","Objects":[{"Length":100,"Height":100,"Stock":null,"Cost":10000}],"Items":[{"Length":9,"Height":3,"Demand":1,"DemandMax":null,"Value":27},{"Length":11,"Height":13,"Demand":1,"DemandMax":null,"Value":143},{"Length":20,"Height":31,"Demand":1,"DemandMax":null,"Value":620},{"Length":31,"Height":29,"Demand":1,"DemandMax":null,"Value":899},{"Length":17,"Height":28,"Demand":1,"DemandMax":null,"Value":476},{"Length":33,"Height":24,"Demand":1,"DemandMax":null,"Value":792},{"Length":4,"Height":23,"Demand":1,"DemandMax":null,"Value":92},{"Length":8,"Height":11,"Demand":1,"DemandMax":null,"Value":88},{"Length":30,"Height":19,"Demand":1,"DemandMax":null,"Value":570},{"Length":31,"Height":19,"Demand":1,"DemandMax":null,"Value":589},{"Length":18,"Height":31,"Demand":1,"DemandMax":null,"Value":558},{"Length":11,"Height":16,"Demand":1,"DemandMax":null,"Value":176},{"Length":7,"Height":17,"Demand":1,"DemandMax":null,"Value":119},{"Length":12,"Height":18,"Demand":1,"DemandMax":null,"Value":216},{"Length":12,"Height":16,"Demand":1,"DemandMax":null,"Value":192},{"Length":3,"Height":17,"Demand":1,"DemandMax":null,"Value":51},{"Length":27,"Height":7,"Demand":1,"DemandMax":null,"Value":189},{"Length":33,"Height":17,"Demand":1,"DemandMax":null,"Value":561},{"Length":18,"Height":19,"Demand":1,"DemandMax":null,"Value":342},{"Length":25,"Height":33,"Demand":1,"DemandMax":null,"Value":825},{"Length":3,"Height":20,"Demand":1,"DemandMax":null,"Value":60},{"Length":18,"Height":23,"Demand":1,"DemandMax":null,"Value":414},{"Length":8,"Height":26,"Demand":1,"DemandMax":null,"Value":208},{"Length":28,"Height":26,"Demand":1,"DemandMax":null,"Value":728},{"Length":3,"Height":29,"Demand":1,"DemandMax":null,"Value":87},{"Length":11,"Height":21,"Demand":1,"DemandMax":null,"Value":231},{"Length":2,"Height":33,"Demand":1,"DemandMax":null,"Value":66},{"Length":7,"Height":2,"Demand":1,"DemandMax":null,"Value":14},{"Length":33,"Height":19,"Demand":1,"DemandMax":null,"Value":627},{"Length":31,"Height":8,"Demand":1,"DemandMax":null,"Value":248},{"Length":31,"Height":13,"Demand":1,"DemandMax":null,"Value":403},{"Length":5,"Height":18,"Demand":1,"DemandMax":null,"Value":90},{"Length":9,"Height":19,"Demand":1,"DemandMax":null,"Value":171},{"Length":4,"Height":25,"Demand":1,"DemandMax":null,"Value":100},{"Length":32,"Height":19,"Demand":1,"DemandMax":null,"Value":608},{"Length":7,"Height":33,"Demand":1,"DemandMax":null,"Value":231},{"Length":32,"Height":4,"Demand":1,"DemandMax":null,"Value":128},{"Length":8,"Height":22,"Demand":1,"DemandMax":null,"Value":176},{"Length":25,"Height":13,"Demand":1,"DemandMax":null,"Value":325},{"Length":9,"Height":20,"Demand":1,"DemandMax":null,"Value":180},{"Length":3,"Height":28,"Demand":1,"DemandMax":null,"Value":84},{"Length":27,"Height":31,"Demand":1,"DemandMax":null,"Value":837},{"Length":6,"Height":4,"Demand":1,"DemandMax":null,"Value":24},{"Length":18,"Height":35,"Demand":1,"DemandMax":null,"Value":630},{"Length":13,"Height":16,"Demand":1,"DemandMax":null,"Value":208},{"Length":22,"Height":24,"Demand":1,"DemandMax":null,"Value":528},{"Length":18,"Height":9,"Demand":1,"DemandMax":null,"Value":162},{"Length":19,"Height":3,"Demand":1,"DemandMax":null,"Value":57},{"Length":23,"Height":12,"Demand":1,"DemandMax":null,"Value":276},{"Length":2,"Height":21,"Demand":1,"DemandMax":null,"Value":42},{"Length":10,"Height":26,"Demand":1,"DemandMax":null,"Value":260},{"Length":8,"Height":1,"Demand":1,"DemandMax":null,"Value":8},{"Length":5,"Height":34,"Demand":1,"DemandMax":null,"Value":170},{"Length":20,"Height":17,"Demand":1,"DemandMax":null,"Value":340},{"Length":13,"Height":27,"Demand":1,"DemandMax":null,"Value":351},{"Length":28,"Height":15,"Demand":1,"DemandMax":null,"Value":420},{"Length":15,"Height":10,"Demand":1,"DemandMax":null,"Value":150},{"Length":3,"Height":21,"Demand":1,"DemandMax":null,"Value":63},{"Length":1,"Height":32,"Demand":1,"DemandMax":null,"Value":32},{"Length":29,"Height":5,"Demand":1,"DemandMax":null,"Value":145}]}