{"Name":"CLASS10_020_03","Objects":[{"Length":100,"Height":100,"Stock":null,"Cost":10000}],"Items":[{"Length":29,"Height":32,"Demand":1,"DemandMax":null,"Value":928},{"Length":25,"Height":26,"Demand":1,"DemandMax":null,"Value":650},{"Length":40,"Height":88,"Demand":1,"DemandMax":null,"Value":3520},{"Length":44,"Height":46,"Demand":1,"DemandMax":null,"Value":2024},{"Length":29,"Height":36,"Demand":1,"DemandMax":null,"Value":1044},{"Length":16,"Height":45,"Demand":1,"DemandMax":null,"Value":720},{"Length":96,"Height":92,"Demand":1,"DemandMax":null,"Value":8832},{"Length":90,"Height":71,"Demand":1,"DemandMax":null,"Value":6390},{"Length":42,"Height":1,"Demand":1,"DemandMax":null,"Value":42},{"Length":19,"Height":26,"Demand":1,"DemandMax":null,"Value":494},{"Length":15,"Height":14,"Demand":1,"DemandMax":null,"Value":210},{"Length":49,"Height":8,"Demand":1,"DemandMax":null,"Value":392},{"Length":76,"Height":29,"Demand":1,"DemandMax":null,"Value":2204},{"Length":88,"Height":19,"Demand":1,"DemandMax":null,"Value":1672},{"Length":45,"Height":98,"Demand":1,"DemandMax":null,"Value":4410},{"Length":20,"Height":7,"Demand":1,"DemandMax":null,"Value":140},{"Length":2,"Height":18,"Demand":1,"DemandMax":null,"Value":36},{"Length":9,"Height":23,"Demand":1,"DemandMax":null,"Value":207},{"Length":36,"Height":42,"Demand":1,"DemandMax":null,"Value":1512},{"Length":2,"Height":17,"Demand":1,"DemandMax":null,"Value":34}]}