{"Name":"CLASS07_100_05","Objects":[{"Length":100,"Height":100,"Stock":null,"Cost":10000}],"Items":[{"Length":93,"Height":53,"Demand":1,"DemandMax":null,"Value":4929},{"Length":84,"Height":22,"Demand":2,"DemandMax":null,"Value":1848},{"Length":25,"Height":80,"Demand":1,"DemandMax":null,"Value":2000},{"Length":30,"Height":22,"Demand":1,"DemandMax":null,"Value":660},{"Length":59,"Height":66,"Demand":1,"DemandMax":null,"Value":3894},{"Length":72,"Height":24,"Demand":1,"DemandMax":null,"Value":1728},{"Length":98,"Height":89,"Demand":1,"DemandMax":null,"Value":8722},{"Length":78,"Height":30,"Demand":1,"DemandMax":null,"Value":2340},{"Length":92,"Height":40,"Demand":1,"DemandMax":null,"Value":3680},{"Length":53,"Height":88,"Demand":1,"DemandMax":null,"Value":4664},{"Length":88,"Height":19,"Demand":1,"DemandMax":null,"Value":1672},{"Length":18,"Height":50,"Demand":1,"DemandMax":null,"Value":900},{"Length":86,"Height":26,"Demand":1,"DemandMax":null,"Value":2236},{"Length":72,"Height":14,"Demand":1,"DemandMax":null,"Value":1008},{"Length":29,"Height":72,"Demand":1,"DemandMax":null,"Value":2088},{"Length":80,"Height":81,"Demand":1,"DemandMax":null,"Value":6480},{"Length":87,"Height":23,"Demand":1,"DemandMax":null,"Value":2001},{"Length":85,"Height":2,"Demand":1,"DemandMax":null,"Value":170},{"Length":91,"Height":13,"Demand":1,"DemandMax":null,"Value":1183},{"Length":4,"Height":25,"Demand":1,"DemandMax":null,"Value":100},{"Length":97,"Height":32,"Demand":1,"DemandMax":null,"Value":3104},{"Length":7,"Height":66,"Demand":1,"DemandMax":null,"Value":462},{"Length":70,"Height":28,"Demand":1,"DemandMax":null,"Value":1960},{"Length":92,"Height":30,"Demand":1,"DemandMax":null,"Value":2760},{"Length":80,"Height":2,"Demand":1,"DemandMax":null,"Value":160},{"Length":99,"Height":12,"Demand":1,"DemandMax":null,"Value":1188},{"Length":88,"Height":53,"Demand":1,"DemandMax":null,"Value":4664},{"Length":86,"Height":97,"Demand":1,"DemandMax":null,"Value":8342},{"Length":71,"Height":34,"Demand":1,"DemandMax":null,"Value":2414},{"Length":1,"Height":35,"Demand":1,"DemandMax":null,"Value":35},{"Length":87,"Height":42,"Demand":1,"DemandMax":null,"Value":3654},{"Length":96,"Height":25,"Demand":1,"DemandMax":null,"Value":2400},{"Length":71,"Height":28,"Demand":1,"DemandMax":null,"Value":1988},{"Length":65,"Height":68,"Demand":1,"DemandMax":null,"Value":4420},{"Length":91,"Height":42,"Demand":1,"DemandMax":null,"Value":3822},{"Length":75,"Height":15,"Demand":1,"DemandMax":null,"Value":1125},{"Length":18,"Height":33,"Demand":1,"DemandMax":null,"Value":594},{"Length":42,"Height":15,"Demand":1,"DemandMax":null,"Value":630},{"Length":3,"Height":3,"Demand":1,"DemandMax":null,"Value":9},{"Length":96,"Height":66,"Demand":1,"DemandMax":null,"Value":6336},{"Length":94,"Height":1,"Demand":1,"DemandMax":null,"Value":94},{"Length":86,"Height":22,"Demand":1,"DemandMax":null,"Value":1892},{"Length":87,"Height":26,"Demand":1,"DemandMax":null,"Value":2262},{"Length":93,"Height":30,"Demand":1,"DemandMax":null,"Value":2790},{"Length":82,"Height":29,"Demand":1,"DemandMax":null,"Value":2378},{"Length":29,"Height":41,"Demand":1,"DemandMax":null,"Value":1189},{"Length":80,"Height":11,"Demand":1,"DemandMax":null,"Value":880},{"Length":97,"Height":5,"Demand":1,"DemandMax":null,"Value":485},{"Length":20,"Height":20,"Demand":1,"DemandMax":null,"Value":400},{"Length":89,"Height":72,"Demand":1,"DemandMax":null,"Value":6408},{"Length":81,"Height":7,"Demand":1,"DemandMax":null,"Value":567},{"Length":74,"Height":42,"Demand":1,"DemandMax":null,"Value":3108},{"Length":12,"Height":15,"Demand":1,"DemandMax":null,"Value":180},{"Length":90,"Height":15,"Demand":1,"DemandMax":null,"Value":1350},{"Length":93,"Height":41,"Demand":1,"DemandMax":null,"Value":3813},{"Length":98,"Height":36,"Demand":1,"DemandMax":null,"Value":3528},{"Length":98,"Height":19,"Demand":1,"DemandMax":null,"Value":1862},{"Length":72,"Height":35,"Demand":1,"DemandMax":null,"Value":2520},{"Length":31,"Height":66,"Demand":1,"DemandMax":null,"Value":2046},{"Length":27,"Height":11,"Demand":1,"DemandMax":null,"Value":297},{"Length":43,"Height":90,"Demand":1,"DemandMax":null,"Value":3870},{"Length":98,"Height":16,"Demand":1,"DemandMax":null,"Value":1568},{"Length":88,"Height":22,"Demand":1,"DemandMax":null,"Value":1936},{"Length":79,"Height":48,"Demand":1,"DemandMax":null,"Value":3792},{"Length":100,"Height":13,"Demand":1,"DemandMax":null,"Value":1300},{"Length":96,"Height":9,"Demand":1,"DemandMax":null,"Value":864},{"Length":97,"Height":6,"Demand":1,"DemandMax":null,"Value":582},{"Length":81,"Height":47,"Demand":1,"DemandMax":null,"Value":3807},{"Length":79,"Height":2,"Demand":1,"DemandMax":null,"Value":158},{"Length":68,"Height":13,"Demand":1,"DemandMax":null,"Value":884},{"Length":80,"Height":1,"Demand":1,"DemandMax":null,"Value":80},{"Length":92,"Height":8,"Demand":1,"DemandMax":null,"Value":736},{"Length":50,"Height":52,"Demand":1,"DemandMax":null,"Value":2600},{"Length":83,"Height":30,"Demand":1,"DemandMax":null,"Value":2490},{"Length":8,"Height":70,"Demand":1,"DemandMax":null,"Value":560},{"Length":76,"Height":30,"Demand":1,"DemandMax":null,"Value":2280},{"Length":96,"Height":15,"Demand":1,"DemandMax":null,"Value":1440},{"Length":71,"Height":8,"Demand":1,"DemandMax":null,"Value":568},{"Length":70,"Height":26,"Demand":1,"DemandMax":null,"Value":1820},{"Length":69,"Height":14,"Demand":1,"DemandMax":null,"Value":966},{"Length":99,"Height":39,"Demand":1,"DemandMax":null,"Value":3861},{"Length":4,"Height":47,"Demand":1,"DemandMax":null,"Value":188},{"Length":77,"Height":6,"Demand":1,"DemandMax":null,"Value":462},{"Length":69,"Height":9,"Demand":1,"DemandMax":null,"Value":621},{"Length":14,"Height":25,"Demand":1,"DemandMax":null,"Value":350},{"Length":72,"Height":49,"Demand":1,"DemandMax":null,"Value":3528},{"Length":92,"Height":48,"Demand":1,"DemandMax":null,"Value":4416},{"Length":78,"Height":16,"Demand":1,"DemandMax":null,"Value":1248},{"Length":94,"Height":23,"Demand":1,"DemandMax":null,"Value":2162},{"Length":85,"Height":12,"Demand":1,"DemandMax":null,"Value":1020},{"Length":81,"Height":1,"Demand":1,"DemandMax":null,"Value":81},{"Length":94,"Height":35,"Demand":1,"DemandMax":null,"Value":3290},{"Length":87,"Height":32,"Demand":1,"DemandMax":null,"Value":2784},{"Length":57,"Height":86,"Demand":1,"DemandMax":null,"Value":4902},{"Length":77,"Height":16,"Demand":1,"DemandMax":null,"Value":1232},{"Length":84,"Height":15,"Demand":1,"DemandMax":null,"Value":1260},{"Length":87,"Height":3,"Demand":1,"DemandMax":null,"Value":261},{"Length":100,"Height":23,"Demand":1,"DemandMax":null,"Value":2300},{"Length":74,"Height":93,"Demand":1,"DemandMax":null,"Value":6882}]}