{"Name":"CLASS03_040_07","Objects":[{"Length":40,"Height":40,"Stock":null,"Cost":1600}],"Items":[{"Length":2,"Height":10,"Demand":1,"DemandMax":null,"Value":20},{"Length":21,"Height":19,"Demand":1,"DemandMax":null,"Value":399},{"Length":11,"Height":35,"Demand":1,"DemandMax":null,"Value":385},{"Length":3,"Height":33,"Demand":1,"DemandMax":null,"Value":99},{"Length":5,"Height":30,"Demand":1,"DemandMax":null,"Value":150},{"Length":2,"Height":24,"Demand":2,"DemandMax":null,"Value":48},{"Length":24,"Height":22,"Demand":1,"DemandMax":null,"Value":528},{"Length":9,"Height":9,"Demand":1,"DemandMax":null,"Value":81},{"Length":12,"Height":15,"Demand":1,"DemandMax":null,"Value":180},{"Length":29,"Height":14,"Demand":1,"DemandMax":null,"Value":406},{"Length":32,"Height":24,"Demand":1,"DemandMax":null,"Value":768},{"Length":6,"Height":8,"Demand":1,"DemandMax":null,"Value":48},{"Length":18,"Height":7,"Demand":1,"DemandMax":null,"Value":126},{"Length":5,"Height":7,"Demand":1,"DemandMax":null,"Value":35},{"Length":21,"Height":3,"Demand":1,"DemandMax":null,"Value":63},{"Length":27,"Height":3,"Demand":1,"DemandMax":null,"Value":81},{"Length":32,"Height":26,"Demand":1,"DemandMax":null,"Value":832},{"Length":19,"Height":35,"Demand":1,"DemandMax":null,"Value":665},{"Length":21,"Height":35,"Demand":1,"DemandMax":null,"Value":735},{"Length":9,"Height":13,"Demand":1,"DemandMax":null,"Value":117},{"Length":3,"Height":34,"Demand":1,"DemandMax":null,"Value":102},{"Length":34,"Height":35,"Demand":1,"DemandMax":null,"Value":1190},{"Length":5,"Height":2,"Demand":1,"DemandMax":null,"Value":10},{"Length":6,"Height":35,"Demand":1,"DemandMax":null,"Value":210},{"Length":32,"Height":2,"Demand":1,"DemandMax":null,"Value":64},{"Length":21,"Height":27,"Demand":1,"DemandMax":null,"Value":567},{"Length":28,"Height":3,"Demand":1,"DemandMax":null,"Value":84},{"Length":14,"Height":6,"Demand":1,"DemandMax":null,"Value":84},{"Length":21,"Height":20,"Demand":1,"DemandMax":null,"Value":420},{"Length":35,"Height":8,"Demand":1,"DemandMax":null,"Value":280},{"Length":16,"Height":11,"Demand":1,"DemandMax":null,"Value":176},{"Length":6,"Height":15,"Demand":1,"DemandMax":null,"Value":90},{"Length":26,"Height":15,"Demand":1,"DemandMax":null,"Value":390},{"Length":2,"Height":19,"Demand":1,"DemandMax":null,"Value":38},{"Length":11,"Height":12,"Demand":1,"DemandMax":null,"Value":132},{"Length":8,"Height":29,"Demand":1,"DemandMax":null,"Value":232},{"Length":35,"Height":11,"Demand":1,"DemandMax":null,"Value":385},{"Length":33,"Height":35,"Demand":1,"DemandMax":null,"Value":1155},{"Length":33,"Height":6,"Demand":1,"DemandMax":null,"Value":198}]}