{"Name":"CLASS09_080_01","Objects":[{"Length":100,"Height":100,"Stock":null,"Cost":10000}],"Items":[{"Length":60,"Height":69,"Demand":1,"DemandMax":null,"Value":4140},{"Length":84,"Height":31,"Demand":1,"DemandMax":null,"Value":2604},{"Length":18,"Height":91,"Demand":1,"DemandMax":null,"Value":1638},{"Length":78,"Height":55,"Demand":1,"DemandMax":null,"Value":4290},{"Length":77,"Height":81,"Demand":1,"DemandMax":null,"Value":6237},{"Length":57,"Height":83,"Demand":1,"DemandMax":null,"Value":4731},{"Length":90,"Height":53,"Demand":1,"DemandMax":null,"Value":4770},{"Length":65,"Height":62,"Demand":1,"DemandMax":null,"Value":4030},{"Length":54,"Height":53,"Demand":1,"DemandMax":null,"Value":2862},{"Length":51,"Height":96,"Demand":1,"DemandMax":null,"Value":4896},{"Length":73,"Height":82,"Demand":1,"DemandMax":null,"Value":5986},{"Length":65,"Height":82,"Demand":1,"DemandMax":null,"Value":5330},{"Length":95,"Height":89,"Demand":2,"DemandMax":null,"Value":8455},{"Length":56,"Height":71,"Demand":1,"DemandMax":null,"Value":3976},{"Length":79,"Height":23,"Demand":1,"DemandMax":null,"Value":1817},{"Length":76,"Height":63,"Demand":1,"DemandMax":null,"Value":4788},{"Length":47,"Height":35,"Demand":1,"DemandMax":null,"Value":1645},{"Length":73,"Height":57,"Demand":1,"DemandMax":null,"Value":4161},{"Length":76,"Height":75,"Demand":1,"DemandMax":null,"Value":5700},{"Length":99,"Height":55,"Demand":1,"DemandMax":null,"Value":5445},{"Length":59,"Height":93,"Demand":1,"DemandMax":null,"Value":5487},{"Length":51,"Height":56,"Demand":1,"DemandMax":null,"Value":2856},{"Length":33,"Height":72,"Demand":1,"DemandMax":null,"Value":2376},{"Length":34,"Height":13,"Demand":1,"DemandMax":null,"Value":442},{"Length":42,"Height":77,"Demand":1,"DemandMax":null,"Value":3234},{"Length":83,"Height":15,"Demand":1,"DemandMax":null,"Value":1245},{"Length":79,"Height":75,"Demand":1,"DemandMax":null,"Value":5925},{"Length":70,"Height":94,"Demand":1,"DemandMax":null,"Value":6580},{"Length":94,"Height":88,"Demand":1,"DemandMax":null,"Value":8272},{"Length":68,"Height":51,"Demand":1,"DemandMax":null,"Value":3468},{"Length":87,"Height":53,"Demand":1,"DemandMax":null,"Value":4611},{"Length":68,"Height":87,"Demand":1,"DemandMax":null,"Value":5916},{"Length":57,"Height":71,"Demand":1,"DemandMax":null,"Value":4047},{"Length":72,"Height":50,"Demand":1,"DemandMax":null,"Value":3600},{"Length":56,"Height":93,"Demand":1,"DemandMax":null,"Value":5208},{"Length":78,"Height":92,"Demand":1,"DemandMax":null,"Value":7176},{"Length":83,"Height":66,"Demand":1,"DemandMax":null,"Value":5478},{"Length":88,"Height":60,"Demand":1,"DemandMax":null,"Value":5280},{"Length":87,"Height":93,"Demand":1,"DemandMax":null,"Value":8091},{"Length":100,"Height":57,"Demand":1,"DemandMax":null,"Value":5700},{"Length":20,"Height":82,"Demand":1,"DemandMax":null,"Value":1640},{"Length":65,"Height":83,"Demand":1,"DemandMax":null,"Value":5395},{"Length":80,"Height":55,"Demand":1,"DemandMax":null,"Value":4400},{"Length":88,"Height":36,"Demand":1,"DemandMax":null,"Value":3168},{"Length":68,"Height":92,"Demand":1,"DemandMax":null,"Value":6256},{"Length":53,"Height":66,"Demand":1,"DemandMax":null,"Value":3498},{"Length":35,"Height":30,"Demand":1,"DemandMax":null,"Value":1050},{"Length":78,"Height":75,"Demand":1,"DemandMax":null,"Value":5850},{"Length":78,"Height":71,"Demand":1,"DemandMax":null,"Value":5538},{"Length":54,"Height":62,"Demand":1,"DemandMax":null,"Value":3348},{"Length":50,"Height":66,"Demand":1,"DemandMax":null,"Value":3300},{"Length":84,"Height":77,"Demand":1,"DemandMax":null,"Value":6468},{"Length":100,"Height":63,"Demand":1,"DemandMax":null,"Value":6300},{"Length":66,"Height":69,"Demand":1,"DemandMax":null,"Value":4554},{"Length":85,"Height":14,"Demand":1,"DemandMax":null,"Value":1190},{"Length":52,"Height":90,"Demand":1,"DemandMax":null,"Value":4680},{"Length":34,"Height":17,"Demand":1,"DemandMax":null,"Value":578},{"Length":91,"Height":88,"Demand":1,"DemandMax":null,"Value":8008},{"Length":67,"Height":72,"Demand":1,"DemandMax":null,"Value":4824},{"Length":82,"Height":64,"Demand":1,"DemandMax":null,"Value":5248},{"Length":79,"Height":82,"Demand":1,"DemandMax":null,"Value":6478},{"Length":76,"Height":68,"Demand":1,"DemandMax":null,"Value":5168},{"Length":19,"Height":96,"Demand":1,"DemandMax":null,"Value":1824},{"Length":24,"Height":1,"Demand":1,"DemandMax":null,"Value":24},{"Length":86,"Height":58,"Demand":1,"DemandMax":null,"Value":4988},{"Length":73,"Height":60,"Demand":1,"DemandMax":null,"Value":4380},{"Length":31,"Height":26,"Demand":1,"DemandMax":null,"Value":806},{"Length":76,"Height":99,"Demand":1,"DemandMax":null,"Value":7524},{"Length":54,"Height":97,"Demand":1,"DemandMax":null,"Value":5238},{"Length":33,"Height":75,"Demand":1,"DemandMax":null,"Value":2475},{"Length":6,"Height":80,"Demand":1,"DemandMax":null,"Value":480},{"Length":92,"Height":58,"Demand":1,"DemandMax":null,"Value":5336},{"Length":84,"Height":97,"Demand":1,"DemandMax":null,"Value":8148},{"Length":3,"Height":86,"Demand":1,"DemandMax":null,"Value":258},{"Length":92,"Height":76,"Demand":1,"DemandMax":null,"Value":6992},{"Length":68,"Height":79,"Demand":1,"DemandMax":null,"Value":5372},{"Length":27,"Height":9,"Demand":1,"DemandMax":null,"Value":243},{"Length":85,"Height":57,"Demand":1,"DemandMax":null,"Value":4845},{"Length":93,"Height":44,"Demand":1,"DemandMax":null,"Value":4092}]}