{"Name":"CLASS10_060_01","Objects":[{"Length":100,"Height":100,"Stock":null,"Cost":10000}],"Items":[{"Length":29,"Height":32,"Demand":1,"DemandMax":null,"Value":928},{"Length":25,"Height":26,"Demand":1,"DemandMax":null,"Value":650},{"Length":40,"Height":88,"Demand":1,"DemandMax":null,"Value":3520},{"Length":44,"Height":46,"Demand":1,"DemandMax":null,"Value":2024},{"Length":29,"Height":36,"Demand":1,"DemandMax":null,"Value":1044},{"Length":16,"Height":45,"Demand":1,"DemandMax":null,"Value":720},{"Length":96,"Height":92,"Demand":1,"DemandMax":null,"Value":8832},{"Length":90,"Height":71,"Demand":1,"DemandMax":null,"Value":6390},{"Length":42,"Height":1,"Demand":1,"DemandMax":null,"Value":42},{"Length":19,"Height":26,"Demand":1,"DemandMax":null,"Value":494},{"Length":15,"Height":14,"Demand":1,"DemandMax":null,"Value":210},{"Length":49,"Height":8,"Demand":1,"DemandMax":null,"Value":392},{"Length":76,"Height":29,"Demand":1,"DemandMax":null,"Value":2204},{"Length":88,"Height":19,"Demand":1,"DemandMax":null,"Value":1672},{"Length":45,"Height":98,"Demand":1,"DemandMax":null,"Value":4410},{"Length":20,"Height":7,"Demand":1,"DemandMax":null,"Value":140},{"Length":2,"Height":18,"Demand":1,"DemandMax":null,"Value":36},{"Length":9,"Height":23,"Demand":1,"DemandMax":null,"Value":207},{"Length":36,"Height":42,"Demand":1,"DemandMax":null,"Value":1512},{"Length":2,"Height":17,"Demand":1,"DemandMax":null,"Value":34},{"Length":49,"Height":18,"Demand":1,"DemandMax":null,"Value":882},{"Length":97,"Height":89,"Demand":1,"DemandMax":null,"Value":8633},{"Length":40,"Height":48,"Demand":1,"DemandMax":null,"Value":1920},{"Length":45,"Height":92,"Demand":1,"DemandMax":null,"Value":4140},{"Length":8,"Height":31,"Demand":1,"DemandMax":null,"Value":248},{"Length":96,"Height":66,"Demand":1,"DemandMax":null,"Value":6336},{"Length":54,"Height":65,"Demand":1,"DemandMax":null,"Value":3510},{"Length":50,"Height":72,"Demand":1,"DemandMax":null,"Value":3600},{"Length":29,"Height":68,"Demand":1,"DemandMax":null,"Value":1972},{"Length":8,"Height":6,"Demand":1,"DemandMax":null,"Value":48},{"Length":31,"Height":46,"Demand":1,"DemandMax":null,"Value":1426},{"Length":18,"Height":18,"Demand":1,"DemandMax":null,"Value":324},{"Length":11,"Height":40,"Demand":1,"DemandMax":null,"Value":440},{"Length":31,"Height":7,"Demand":1,"DemandMax":null,"Value":217},{"Length":19,"Height":37,"Demand":1,"DemandMax":null,"Value":703},{"Length":46,"Height":82,"Demand":1,"DemandMax":null,"Value":3772},{"Length":5,"Height":37,"Demand":1,"DemandMax":null,"Value":185},{"Length":15,"Height":20,"Demand":1,"DemandMax":null,"Value":300},{"Length":19,"Height":40,"Demand":1,"DemandMax":null,"Value":760},{"Length":37,"Height":43,"Demand":1,"DemandMax":null,"Value":1591},{"Length":11,"Height":46,"Demand":1,"DemandMax":null,"Value":506},{"Length":11,"Height":44,"Demand":1,"DemandMax":null,"Value":484},{"Length":31,"Height":5,"Demand":1,"DemandMax":null,"Value":155},{"Length":39,"Height":23,"Demand":1,"DemandMax":null,"Value":897},{"Length":85,"Height":17,"Demand":1,"DemandMax":null,"Value":1445},{"Length":19,"Height":30,"Demand":1,"DemandMax":null,"Value":570},{"Length":68,"Height":32,"Demand":1,"DemandMax":null,"Value":2176},{"Length":2,"Height":76,"Demand":1,"DemandMax":null,"Value":152},{"Length":8,"Height":49,"Demand":1,"DemandMax":null,"Value":392},{"Length":38,"Height":28,"Demand":1,"DemandMax":null,"Value":1064},{"Length":39,"Height":20,"Demand":1,"DemandMax":null,"Value":780},{"Length":28,"Height":19,"Demand":1,"DemandMax":null,"Value":532},{"Length":48,"Height":43,"Demand":1,"DemandMax":null,"Value":2064},{"Length":20,"Height":37,"Demand":1,"DemandMax":null,"Value":740},{"Length":36,"Height":20,"Demand":1,"DemandMax":null,"Value":720},{"Length":64,"Height":83,"Demand":1,"DemandMax":null,"Value":5312},{"Length":1,"Height":49,"Demand":1,"DemandMax":null,"Value":49},{"Length":62,"Height":57,"Demand":1,"DemandMax":null,"Value":3534},{"Length":44,"Height":31,"Demand":1,"DemandMax":null,"Value":1364},{"Length":63,"Height":60,"Demand":1,"DemandMax":null,"Value":3780}]}