{"Name":"CLASS07_060_05","Objects":[{"Length":100,"Height":100,"Stock":null,"Cost":10000}],"Items":[{"Length":78,"Height":12,"Demand":1,"DemandMax":null,"Value":936},{"Length":85,"Height":44,"Demand":1,"DemandMax":null,"Value":3740},{"Length":90,"Height":94,"Demand":1,"DemandMax":null,"Value":8460},{"Length":98,"Height":34,"Demand":1,"DemandMax":null,"Value":3332},{"Length":76,"Height":5,"Demand":1,"DemandMax":null,"Value":380},{"Length":95,"Height":27,"Demand":1,"DemandMax":null,"Value":2565},{"Length":96,"Height":43,"Demand":1,"DemandMax":null,"Value":4128},{"Length":76,"Height":23,"Demand":1,"DemandMax":null,"Value":1748},{"Length":83,"Height":10,"Demand":1,"DemandMax":null,"Value":830},{"Length":77,"Height":22,"Demand":1,"DemandMax":null,"Value":1694},{"Length":72,"Height":4,"Demand":1,"DemandMax":null,"Value":288},{"Length":47,"Height":82,"Demand":1,"DemandMax":null,"Value":3854},{"Length":98,"Height":26,"Demand":1,"DemandMax":null,"Value":2548},{"Length":4,"Height":85,"Demand":1,"DemandMax":null,"Value":340},{"Length":91,"Height":26,"Demand":1,"DemandMax":null,"Value":2366},{"Length":93,"Height":36,"Demand":1,"DemandMax":null,"Value":3348},{"Length":80,"Height":53,"Demand":1,"DemandMax":null,"Value":4240},{"Length":67,"Height":47,"Demand":1,"DemandMax":null,"Value":3149},{"Length":84,"Height":10,"Demand":1,"DemandMax":null,"Value":840},{"Length":44,"Height":11,"Demand":1,"DemandMax":null,"Value":484},{"Length":83,"Height":44,"Demand":1,"DemandMax":null,"Value":3652},{"Length":74,"Height":27,"Demand":1,"DemandMax":null,"Value":1998},{"Length":84,"Height":5,"Demand":1,"DemandMax":null,"Value":420},{"Length":59,"Height":97,"Demand":1,"DemandMax":null,"Value":5723},{"Length":87,"Height":45,"Demand":1,"DemandMax":null,"Value":3915},{"Length":90,"Height":19,"Demand":1,"DemandMax":null,"Value":1710},{"Length":93,"Height":12,"Demand":1,"DemandMax":null,"Value":1116},{"Length":92,"Height":44,"Demand":1,"DemandMax":null,"Value":4048},{"Length":100,"Height":8,"Demand":1,"DemandMax":null,"Value":800},{"Length":78,"Height":22,"Demand":1,"DemandMax":null,"Value":1716},{"Length":74,"Height":31,"Demand":1,"DemandMax":null,"Value":2294},{"Length":84,"Height":3,"Demand":1,"DemandMax":null,"Value":252},{"Length":86,"Height":32,"Demand":1,"DemandMax":null,"Value":2752},{"Length":75,"Height":37,"Demand":1,"DemandMax":null,"Value":2775},{"Length":99,"Height":12,"Demand":1,"DemandMax":null,"Value":1188},{"Length":85,"Height":24,"Demand":1,"DemandMax":null,"Value":2040},{"Length":21,"Height":78,"Demand":1,"DemandMax":null,"Value":1638},{"Length":21,"Height":75,"Demand":1,"DemandMax":null,"Value":1575},{"Length":97,"Height":4,"Demand":1,"DemandMax":null,"Value":388},{"Length":94,"Height":7,"Demand":1,"DemandMax":null,"Value":658},{"Length":82,"Height":17,"Demand":1,"DemandMax":null,"Value":1394},{"Length":39,"Height":67,"Demand":1,"DemandMax":null,"Value":2613},{"Length":69,"Height":8,"Demand":1,"DemandMax":null,"Value":552},{"Length":76,"Height":1,"Demand":1,"DemandMax":null,"Value":76},{"Length":92,"Height":26,"Demand":1,"DemandMax":null,"Value":2392},{"Length":79,"Height":3,"Demand":1,"DemandMax":null,"Value":237},{"Length":83,"Height":23,"Demand":1,"DemandMax":null,"Value":1909},{"Length":66,"Height":7,"Demand":1,"DemandMax":null,"Value":462},{"Length":76,"Height":48,"Demand":1,"DemandMax":null,"Value":3648},{"Length":73,"Height":14,"Demand":1,"DemandMax":null,"Value":1022},{"Length":8,"Height":100,"Demand":1,"DemandMax":null,"Value":800},{"Length":99,"Height":24,"Demand":1,"DemandMax":null,"Value":2376},{"Length":3,"Height":31,"Demand":1,"DemandMax":null,"Value":93},{"Length":75,"Height":38,"Demand":1,"DemandMax":null,"Value":2850},{"Length":66,"Height":39,"Demand":1,"DemandMax":null,"Value":2574},{"Length":57,"Height":53,"Demand":1,"DemandMax":null,"Value":3021},{"Length":67,"Height":25,"Demand":1,"DemandMax":null,"Value":1675},{"Length":86,"Height":23,"Demand":1,"DemandMax":null,"Value":1978},{"Length":7,"Height":39,"Demand":1,"DemandMax":null,"Value":273},{"Length":29,"Height":45,"Demand":1,"DemandMax":null,"Value":1305}]}