{"Name":"CLASS05_080_08","Objects":[{"Length":100,"Height":100,"Stock":null,"Cost":10000}],"Items":[{"Length":55,"Height":6,"Demand":1,"DemandMax":null,"Value":330},{"Length":7,"Height":31,"Demand":1,"DemandMax":null,"Value":217},{"Length":71,"Height":40,"Demand":1,"DemandMax":null,"Value":2840},{"Length":1,"Height":22,"Demand":1,"DemandMax":null,"Value":22},{"Length":88,"Height":99,"Demand":1,"DemandMax":null,"Value":8712},{"Length":54,"Height":27,"Demand":1,"DemandMax":null,"Value":1458},{"Length":53,"Height":94,"Demand":1,"DemandMax":null,"Value":4982},{"Length":75,"Height":23,"Demand":1,"DemandMax":null,"Value":1725},{"Length":43,"Height":69,"Demand":1,"DemandMax":null,"Value":2967},{"Length":11,"Height":21,"Demand":1,"DemandMax":null,"Value":231},{"Length":68,"Height":2,"Demand":1,"DemandMax":null,"Value":136},{"Length":38,"Height":67,"Demand":1,"DemandMax":null,"Value":2546},{"Length":74,"Height":5,"Demand":1,"DemandMax":null,"Value":370},{"Length":67,"Height":37,"Demand":1,"DemandMax":null,"Value":2479},{"Length":38,"Height":21,"Demand":1,"DemandMax":null,"Value":798},{"Length":44,"Height":44,"Demand":1,"DemandMax":null,"Value":1936},{"Length":72,"Height":29,"Demand":1,"DemandMax":null,"Value":2088},{"Length":45,"Height":31,"Demand":1,"DemandMax":null,"Value":1395},{"Length":19,"Height":39,"Demand":1,"DemandMax":null,"Value":741},{"Length":82,"Height":76,"Demand":1,"DemandMax":null,"Value":6232},{"Length":57,"Height":96,"Demand":1,"DemandMax":null,"Value":5472},{"Length":100,"Height":90,"Demand":1,"DemandMax":null,"Value":9000},{"Length":99,"Height":78,"Demand":1,"DemandMax":null,"Value":7722},{"Length":76,"Height":18,"Demand":1,"DemandMax":null,"Value":1368},{"Length":87,"Height":96,"Demand":1,"DemandMax":null,"Value":8352},{"Length":21,"Height":37,"Demand":1,"DemandMax":null,"Value":777},{"Length":100,"Height":95,"Demand":1,"DemandMax":null,"Value":9500},{"Length":80,"Height":59,"Demand":1,"DemandMax":null,"Value":4720},{"Length":49,"Height":52,"Demand":1,"DemandMax":null,"Value":2548},{"Length":30,"Height":28,"Demand":1,"DemandMax":null,"Value":840},{"Length":78,"Height":77,"Demand":1,"DemandMax":null,"Value":6006},{"Length":83,"Height":22,"Demand":1,"DemandMax":null,"Value":1826},{"Length":65,"Height":17,"Demand":1,"DemandMax":null,"Value":1105},{"Length":82,"Height":52,"Demand":1,"DemandMax":null,"Value":4264},{"Length":22,"Height":48,"Demand":1,"DemandMax":null,"Value":1056},{"Length":7,"Height":62,"Demand":1,"DemandMax":null,"Value":434},{"Length":93,"Height":82,"Demand":1,"DemandMax":null,"Value":7626},{"Length":68,"Height":30,"Demand":1,"DemandMax":null,"Value":2040},{"Length":54,"Height":62,"Demand":1,"DemandMax":null,"Value":3348},{"Length":9,"Height":68,"Demand":1,"DemandMax":null,"Value":612},{"Length":19,"Height":68,"Demand":1,"DemandMax":null,"Value":1292},{"Length":8,"Height":19,"Demand":1,"DemandMax":null,"Value":152},{"Length":30,"Height":9,"Demand":1,"DemandMax":null,"Value":270},{"Length":76,"Height":62,"Demand":1,"DemandMax":null,"Value":4712},{"Length":67,"Height":31,"Demand":1,"DemandMax":null,"Value":2077},{"Length":58,"Height":7,"Demand":1,"DemandMax":null,"Value":406},{"Length":39,"Height":11,"Demand":1,"DemandMax":null,"Value":429},{"Length":32,"Height":99,"Demand":1,"DemandMax":null,"Value":3168},{"Length":92,"Height":60,"Demand":1,"DemandMax":null,"Value":5520},{"Length":8,"Height":16,"Demand":1,"DemandMax":null,"Value":128},{"Length":2,"Height":23,"Demand":1,"DemandMax":null,"Value":46},{"Length":31,"Height":69,"Demand":1,"DemandMax":null,"Value":2139},{"Length":83,"Height":78,"Demand":1,"DemandMax":null,"Value":6474},{"Length":79,"Height":3,"Demand":1,"DemandMax":null,"Value":237},{"Length":76,"Height":35,"Demand":1,"DemandMax":null,"Value":2660},{"Length":63,"Height":95,"Demand":1,"DemandMax":null,"Value":5985},{"Length":61,"Height":39,"Demand":1,"DemandMax":null,"Value":2379},{"Length":27,"Height":55,"Demand":1,"DemandMax":null,"Value":1485},{"Length":49,"Height":67,"Demand":1,"DemandMax":null,"Value":3283},{"Length":50,"Height":30,"Demand":1,"DemandMax":null,"Value":1500},{"Length":84,"Height":32,"Demand":1,"DemandMax":null,"Value":2688},{"Length":41,"Height":96,"Demand":1,"DemandMax":null,"Value":3936},{"Length":44,"Height":77,"Demand":1,"DemandMax":null,"Value":3388},{"Length":47,"Height":65,"Demand":1,"DemandMax":null,"Value":3055},{"Length":39,"Height":81,"Demand":1,"DemandMax":null,"Value":3159},{"Length":44,"Height":80,"Demand":1,"DemandMax":null,"Value":3520},{"Length":15,"Height":53,"Demand":1,"DemandMax":null,"Value":795},{"Length":43,"Height":21,"Demand":1,"DemandMax":null,"Value":903},{"Length":49,"Height":39,"Demand":1,"DemandMax":null,"Value":1911},{"Length":90,"Height":97,"Demand":1,"DemandMax":null,"Value":8730},{"Length":53,"Height":17,"Demand":1,"DemandMax":null,"Value":901},{"Length":61,"Height":54,"Demand":1,"DemandMax":null,"Value":3294},{"Length":70,"Height":97,"Demand":1,"DemandMax":null,"Value":6790},{"Length":68,"Height":69,"Demand":1,"DemandMax":null,"Value":4692},{"Length":78,"Height":25,"Demand":1,"DemandMax":null,"Value":1950},{"Length":56,"Height":53,"Demand":1,"DemandMax":null,"Value":2968},{"Length":90,"Height":77,"Demand":1,"DemandMax":null,"Value":6930},{"Length":2,"Height":51,"Demand":1,"DemandMax":null,"Value":102},{"Length":48,"Height":65,"Demand":1,"DemandMax":null,"Value":3120},{"Length":17,"Height":41,"Demand":1,"DemandMax":null,"Value":697}]}