{"Name":"CLASS06_040_10","Objects":[{"Length":300,"Height":300,"Stock":null,"Cost":90000}],"Items":[{"Length":71,"Height":57,"Demand":1,"DemandMax":null,"Value":4047},{"Length":87,"Height":34,"Demand":1,"DemandMax":null,"Value":2958},{"Length":36,"Height":52,"Demand":1,"DemandMax":null,"Value":1872},{"Length":8,"Height":30,"Demand":1,"DemandMax":null,"Value":240},{"Length":26,"Height":27,"Demand":1,"DemandMax":null,"Value":702},{"Length":44,"Height":29,"Demand":1,"DemandMax":null,"Value":1276},{"Length":51,"Height":60,"Demand":1,"DemandMax":null,"Value":3060},{"Length":71,"Height":75,"Demand":1,"DemandMax":null,"Value":5325},{"Length":57,"Height":63,"Demand":1,"DemandMax":null,"Value":3591},{"Length":100,"Height":45,"Demand":1,"DemandMax":null,"Value":4500},{"Length":21,"Height":79,"Demand":1,"DemandMax":null,"Value":1659},{"Length":77,"Height":52,"Demand":1,"DemandMax":null,"Value":4004},{"Length":55,"Height":86,"Demand":1,"DemandMax":null,"Value":4730},{"Length":78,"Height":39,"Demand":1,"DemandMax":null,"Value":3042},{"Length":2,"Height":97,"Demand":1,"DemandMax":null,"Value":194},{"Length":15,"Height":83,"Demand":1,"DemandMax":null,"Value":1245},{"Length":40,"Height":54,"Demand":1,"DemandMax":null,"Value":2160},{"Length":33,"Height":98,"Demand":1,"DemandMax":null,"Value":3234},{"Length":82,"Height":36,"Demand":1,"DemandMax":null,"Value":2952},{"Length":9,"Height":26,"Demand":1,"DemandMax":null,"Value":234},{"Length":70,"Height":54,"Demand":1,"DemandMax":null,"Value":3780},{"Length":54,"Height":45,"Demand":1,"DemandMax":null,"Value":2430},{"Length":83,"Height":53,"Demand":1,"DemandMax":null,"Value":4399},{"Length":12,"Height":67,"Demand":1,"DemandMax":null,"Value":804},{"Length":32,"Height":9,"Demand":1,"DemandMax":null,"Value":288},{"Length":63,"Height":36,"Demand":1,"DemandMax":null,"Value":2268},{"Length":61,"Height":35,"Demand":1,"DemandMax":null,"Value":2135},{"Length":15,"Height":30,"Demand":1,"DemandMax":null,"Value":450},{"Length":48,"Height":75,"Demand":1,"DemandMax":null,"Value":3600},{"Length":15,"Height":60,"Demand":1,"DemandMax":null,"Value":900},{"Length":5,"Height":6,"Demand":1,"DemandMax":null,"Value":30},{"Length":40,"Height":70,"Demand":1,"DemandMax":null,"Value":2800},{"Length":76,"Height":40,"Demand":1,"DemandMax":null,"Value":3040},{"Length":1,"Height":38,"Demand":1,"DemandMax":null,"Value":38},{"Length":37,"Height":20,"Demand":1,"DemandMax":null,"Value":740},{"Length":42,"Height":75,"Demand":1,"DemandMax":null,"Value":3150},{"Length":2,"Height":26,"Demand":1,"DemandMax":null,"Value":52},{"Length":41,"Height":27,"Demand":1,"DemandMax":null,"Value":1107},{"Length":13,"Height":67,"Demand":1,"DemandMax":null,"Value":871},{"Length":9,"Height":69,"Demand":1,"DemandMax":null,"Value":621}]}