{"Name":"CLASS02_060_10","Objects":[{"Length":30,"Height":30,"Stock":null,"Cost":900}],"Items":[{"Length":8,"Height":8,"Demand":1,"DemandMax":null,"Value":64},{"Length":3,"Height":8,"Demand":2,"DemandMax":null,"Value":24},{"Length":5,"Height":5,"Demand":1,"DemandMax":null,"Value":25},{"Length":3,"Height":2,"Demand":1,"DemandMax":null,"Value":6},{"Length":9,"Height":4,"Demand":1,"DemandMax":null,"Value":36},{"Length":8,"Height":10,"Demand":2,"DemandMax":null,"Value":80},{"Length":9,"Height":2,"Demand":1,"DemandMax":null,"Value":18},{"Length":5,"Height":6,"Demand":2,"DemandMax":null,"Value":30},{"Length":1,"Height":10,"Demand":2,"DemandMax":null,"Value":10},{"Length":6,"Height":7,"Demand":1,"DemandMax":null,"Value":42},{"Length":2,"Height":3,"Demand":1,"DemandMax":null,"Value":6},{"Length":4,"Height":8,"Demand":2,"DemandMax":null,"Value":32},{"Length":10,"Height":6,"Demand":1,"DemandMax":null,"Value":60},{"Length":10,"Height":7,"Demand":3,"DemandMax":null,"Value":70},{"Length":2,"Height":5,"Demand":1,"DemandMax":null,"Value":10},{"Length":8,"Height":4,"Demand":1,"DemandMax":null,"Value":32},{"Length":5,"Height":4,"Demand":1,"DemandMax":null,"Value":20},{"Length":7,"Height":9,"Demand":1,"DemandMax":null,"Value":63},{"Length":9,"Height":5,"Demand":1,"DemandMax":null,"Value":45},{"Length":6,"Height":8,"Demand":1,"DemandMax":null,"Value":48},{"Length":6,"Height":5,"Demand":1,"DemandMax":null,"Value":30},{"Length":9,"Height":8,"Demand":1,"DemandMax":null,"Value":72},{"Length":6,"Height":3,"Demand":1,"DemandMax":null,"Value":18},{"Length":3,"Height":9,"Demand":2,"DemandMax":null,"Value":27},{"Length":9,"Height":7,"Demand":1,"DemandMax":null,"Value":63},{"Length":6,"Height":4,"Demand":1,"DemandMax":null,"Value":24},{"Length":10,"Height":8,"Demand":1,"DemandMax":null,"Value":80},{"Length":10,"Height":2,"Demand":1,"DemandMax":null,"Value":20},{"Length":8,"Height":1,"Demand":1,"DemandMax":null,"Value":8},{"Length":8,"Height":3,"Demand":1,"DemandMax":null,"Value":24},{"Length":2,"Height":2,"Demand":1,"DemandMax":null,"Value":4},{"Length":9,"Height":3,"Demand":1,"DemandMax":null,"Value":27},{"Length":7,"Height":4,"Demand":1,"DemandMax":null,"Value":28},{"Length":6,"Height":10,"Demand":1,"DemandMax":null,"Value":60},{"Length":6,"Height":9,"Demand":3,"DemandMax":null,"Value":54},{"Length":4,"Height":3,"Demand":1,"DemandMax":null,"Value":12},{"Length":6,"Height":2,"Demand":1,"DemandMax":null,"Value":12},{"Length":9,"Height":6,"Demand":1,"DemandMax":null,"Value":54},{"Length":8,"Height":2,"Demand":1,"DemandMax":null,"Value":16},{"Length":2,"Height":6,"Demand":1,"DemandMax":null,"Value":12},{"Length":7,"Height":2,"Demand":1,"DemandMax":null,"Value":14},{"Length":8,"Height":6,"Demand":1,"DemandMax":null,"Value":48},{"Length":6,"Height":6,"Demand":1,"DemandMax":null,"Value":36},{"Length":3,"Height":10,"Demand":1,"DemandMax":null,"Value":30},{"Length":1,"Height":2,"Demand":1,"DemandMax":null,"Value":2},{"Length":10,"Height":4,"Demand":1,"DemandMax":null,"Value":40},{"Length":8,"Height":9,"Demand":1,"DemandMax":null,"Value":72},{"Length":7,"Height":3,"Demand":1,"DemandMax":null,"Value":21},{"Length":3,"Height":4,"Demand":1,"DemandMax":null,"Value":12},{"Length":4,"Height":4,"Demand":1,"DemandMax":null,"Value":16}]}