{"Name":"CLASS07_100_10","Objects":[{"Length":100,"Height":100,"Stock":null,"Cost":10000}],"Items":[{"Length":12,"Height":96,"Demand":1,"DemandMax":null,"Value":1152},{"Length":97,"Height":5,"Demand":1,"DemandMax":null,"Value":485},{"Length":73,"Height":41,"Demand":1,"DemandMax":null,"Value":2993},{"Length":85,"Height":47,"Demand":1,"DemandMax":null,"Value":3995},{"Length":39,"Height":42,"Demand":1,"DemandMax":null,"Value":1638},{"Length":75,"Height":18,"Demand":1,"DemandMax":null,"Value":1350},{"Length":95,"Height":95,"Demand":1,"DemandMax":null,"Value":9025},{"Length":67,"Height":16,"Demand":1,"DemandMax":null,"Value":1072},{"Length":85,"Height":1,"Demand":1,"DemandMax":null,"Value":85},{"Length":96,"Height":42,"Demand":1,"DemandMax":null,"Value":4032},{"Length":93,"Height":10,"Demand":1,"DemandMax":null,"Value":930},{"Length":92,"Height":47,"Demand":1,"DemandMax":null,"Value":4324},{"Length":86,"Height":22,"Demand":1,"DemandMax":null,"Value":1892},{"Length":85,"Height":78,"Demand":1,"DemandMax":null,"Value":6630},{"Length":98,"Height":36,"Demand":1,"DemandMax":null,"Value":3528},{"Length":90,"Height":39,"Demand":1,"DemandMax":null,"Value":3510},{"Length":92,"Height":53,"Demand":1,"DemandMax":null,"Value":4876},{"Length":92,"Height":27,"Demand":1,"DemandMax":null,"Value":2484},{"Length":76,"Height":25,"Demand":1,"DemandMax":null,"Value":1900},{"Length":96,"Height":43,"Demand":1,"DemandMax":null,"Value":4128},{"Length":17,"Height":48,"Demand":1,"DemandMax":null,"Value":816},{"Length":67,"Height":36,"Demand":1,"DemandMax":null,"Value":2412},{"Length":97,"Height":25,"Demand":1,"DemandMax":null,"Value":2425},{"Length":75,"Height":8,"Demand":1,"DemandMax":null,"Value":600},{"Length":67,"Height":4,"Demand":1,"DemandMax":null,"Value":268},{"Length":86,"Height":8,"Demand":1,"DemandMax":null,"Value":688},{"Length":87,"Height":86,"Demand":1,"DemandMax":null,"Value":7482},{"Length":98,"Height":35,"Demand":1,"DemandMax":null,"Value":3430},{"Length":50,"Height":22,"Demand":1,"DemandMax":null,"Value":1100},{"Length":77,"Height":41,"Demand":1,"DemandMax":null,"Value":3157},{"Length":94,"Height":10,"Demand":1,"DemandMax":null,"Value":940},{"Length":91,"Height":73,"Demand":1,"DemandMax":null,"Value":6643},{"Length":10,"Height":66,"Demand":1,"DemandMax":null,"Value":660},{"Length":77,"Height":35,"Demand":1,"DemandMax":null,"Value":2695},{"Length":70,"Height":45,"Demand":2,"DemandMax":null,"Value":3150},{"Length":98,"Height":24,"Demand":1,"DemandMax":null,"Value":2352},{"Length":31,"Height":95,"Demand":1,"DemandMax":null,"Value":2945},{"Length":85,"Height":42,"Demand":1,"DemandMax":null,"Value":3570},{"Length":88,"Height":42,"Demand":1,"DemandMax":null,"Value":3696},{"Length":75,"Height":37,"Demand":1,"DemandMax":null,"Value":2775},{"Length":75,"Height":45,"Demand":1,"DemandMax":null,"Value":3375},{"Length":66,"Height":10,"Demand":1,"DemandMax":null,"Value":660},{"Length":80,"Height":50,"Demand":1,"DemandMax":null,"Value":4000},{"Length":43,"Height":72,"Demand":1,"DemandMax":null,"Value":3096},{"Length":71,"Height":9,"Demand":1,"DemandMax":null,"Value":639},{"Length":36,"Height":39,"Demand":1,"DemandMax":null,"Value":1404},{"Length":81,"Height":20,"Demand":1,"DemandMax":null,"Value":1620},{"Length":88,"Height":46,"Demand":1,"DemandMax":null,"Value":4048},{"Length":75,"Height":35,"Demand":1,"DemandMax":null,"Value":2625},{"Length":88,"Height":30,"Demand":1,"DemandMax":null,"Value":2640},{"Length":89,"Height":2,"Demand":1,"DemandMax":null,"Value":178},{"Length":85,"Height":93,"Demand":1,"DemandMax":null,"Value":7905},{"Length":87,"Height":22,"Demand":1,"DemandMax":null,"Value":1914},{"Length":94,"Height":33,"Demand":1,"DemandMax":null,"Value":3102},{"Length":49,"Height":66,"Demand":1,"DemandMax":null,"Value":3234},{"Length":73,"Height":21,"Demand":1,"DemandMax":null,"Value":1533},{"Length":73,"Height":48,"Demand":1,"DemandMax":null,"Value":3504},{"Length":43,"Height":50,"Demand":1,"DemandMax":null,"Value":2150},{"Length":25,"Height":22,"Demand":1,"DemandMax":null,"Value":550},{"Length":2,"Height":32,"Demand":1,"DemandMax":null,"Value":64},{"Length":95,"Height":24,"Demand":1,"DemandMax":null,"Value":2280},{"Length":93,"Height":17,"Demand":1,"DemandMax":null,"Value":1581},{"Length":74,"Height":4,"Demand":1,"DemandMax":null,"Value":296},{"Length":68,"Height":5,"Demand":1,"DemandMax":null,"Value":340},{"Length":90,"Height":12,"Demand":1,"DemandMax":null,"Value":1080},{"Length":99,"Height":46,"Demand":1,"DemandMax":null,"Value":4554},{"Length":60,"Height":98,"Demand":1,"DemandMax":null,"Value":5880},{"Length":79,"Height":39,"Demand":1,"DemandMax":null,"Value":3081},{"Length":40,"Height":74,"Demand":1,"DemandMax":null,"Value":2960},{"Length":78,"Height":36,"Demand":1,"DemandMax":null,"Value":2808},{"Length":22,"Height":68,"Demand":1,"DemandMax":null,"Value":1496},{"Length":45,"Height":90,"Demand":1,"DemandMax":null,"Value":4050},{"Length":7,"Height":81,"Demand":1,"DemandMax":null,"Value":567},{"Length":100,"Height":37,"Demand":1,"DemandMax":null,"Value":3700},{"Length":94,"Height":70,"Demand":1,"DemandMax":null,"Value":6580},{"Length":88,"Height":43,"Demand":1,"DemandMax":null,"Value":3784},{"Length":35,"Height":46,"Demand":1,"DemandMax":null,"Value":1610},{"Length":96,"Height":1,"Demand":1,"DemandMax":null,"Value":96},{"Length":85,"Height":50,"Demand":1,"DemandMax":null,"Value":4250},{"Length":32,"Height":73,"Demand":1,"DemandMax":null,"Value":2336},{"Length":82,"Height":31,"Demand":1,"DemandMax":null,"Value":2542},{"Length":99,"Height":75,"Demand":1,"DemandMax":null,"Value":7425},{"Length":82,"Height":40,"Demand":1,"DemandMax":null,"Value":3280},{"Length":95,"Height":43,"Demand":1,"DemandMax":null,"Value":4085},{"Length":83,"Height":27,"Demand":1,"DemandMax":null,"Value":2241},{"Length":65,"Height":62,"Demand":1,"DemandMax":null,"Value":4030},{"Length":87,"Height":42,"Demand":1,"DemandMax":null,"Value":3654},{"Length":76,"Height":35,"Demand":1,"DemandMax":null,"Value":2660},{"Length":89,"Height":85,"Demand":1,"DemandMax":null,"Value":7565},{"Length":96,"Height":11,"Demand":1,"DemandMax":null,"Value":1056},{"Length":100,"Height":6,"Demand":1,"DemandMax":null,"Value":600},{"Length":50,"Height":39,"Demand":1,"DemandMax":null,"Value":1950},{"Length":75,"Height":5,"Demand":1,"DemandMax":null,"Value":375},{"Length":89,"Height":21,"Demand":1,"DemandMax":null,"Value":1869},{"Length":87,"Height":31,"Demand":1,"DemandMax":null,"Value":2697},{"Length":98,"Height":5,"Demand":1,"DemandMax":null,"Value":490},{"Length":100,"Height":36,"Demand":1,"DemandMax":null,"Value":3600},{"Length":90,"Height":43,"Demand":1,"DemandMax":null,"Value":3870},{"Length":81,"Height":19,"Demand":1,"DemandMax":null,"Value":1539}]}