{"Name":"CLASS10_040_08","Objects":[{"Length":100,"Height":100,"Stock":null,"Cost":10000}],"Items":[{"Length":67,"Height":49,"Demand":1,"DemandMax":null,"Value":3283},{"Length":93,"Height":83,"Demand":1,"DemandMax":null,"Value":7719},{"Length":16,"Height":44,"Demand":1,"DemandMax":null,"Value":704},{"Length":40,"Height":23,"Demand":2,"DemandMax":null,"Value":920},{"Length":8,"Height":41,"Demand":1,"DemandMax":null,"Value":328},{"Length":39,"Height":41,"Demand":1,"DemandMax":null,"Value":1599},{"Length":27,"Height":41,"Demand":1,"DemandMax":null,"Value":1107},{"Length":91,"Height":86,"Demand":1,"DemandMax":null,"Value":7826},{"Length":83,"Height":45,"Demand":1,"DemandMax":null,"Value":3735},{"Length":47,"Height":10,"Demand":1,"DemandMax":null,"Value":470},{"Length":50,"Height":1,"Demand":1,"DemandMax":null,"Value":50},{"Length":5,"Height":11,"Demand":1,"DemandMax":null,"Value":55},{"Length":4,"Height":10,"Demand":1,"DemandMax":null,"Value":40},{"Length":16,"Height":41,"Demand":1,"DemandMax":null,"Value":656},{"Length":35,"Height":22,"Demand":1,"DemandMax":null,"Value":770},{"Length":30,"Height":48,"Demand":1,"DemandMax":null,"Value":1440},{"Length":96,"Height":37,"Demand":1,"DemandMax":null,"Value":3552},{"Length":47,"Height":33,"Demand":1,"DemandMax":null,"Value":1551},{"Length":31,"Height":5,"Demand":1,"DemandMax":null,"Value":155},{"Length":17,"Height":46,"Demand":1,"DemandMax":null,"Value":782},{"Length":46,"Height":26,"Demand":1,"DemandMax":null,"Value":1196},{"Length":39,"Height":37,"Demand":1,"DemandMax":null,"Value":1443},{"Length":39,"Height":49,"Demand":1,"DemandMax":null,"Value":1911},{"Length":15,"Height":6,"Demand":1,"DemandMax":null,"Value":90},{"Length":10,"Height":26,"Demand":1,"DemandMax":null,"Value":260},{"Length":96,"Height":3,"Demand":1,"DemandMax":null,"Value":288},{"Length":71,"Height":6,"Demand":1,"DemandMax":null,"Value":426},{"Length":25,"Height":28,"Demand":1,"DemandMax":null,"Value":700},{"Length":36,"Height":38,"Demand":1,"DemandMax":null,"Value":1368},{"Length":9,"Height":30,"Demand":1,"DemandMax":null,"Value":270},{"Length":98,"Height":11,"Demand":1,"DemandMax":null,"Value":1078},{"Length":23,"Height":12,"Demand":1,"DemandMax":null,"Value":276},{"Length":37,"Height":19,"Demand":1,"DemandMax":null,"Value":703},{"Length":33,"Height":67,"Demand":1,"DemandMax":null,"Value":2211},{"Length":86,"Height":6,"Demand":1,"DemandMax":null,"Value":516},{"Length":80,"Height":47,"Demand":1,"DemandMax":null,"Value":3760},{"Length":26,"Height":20,"Demand":1,"DemandMax":null,"Value":520},{"Length":38,"Height":44,"Demand":1,"DemandMax":null,"Value":1672},{"Length":75,"Height":62,"Demand":1,"DemandMax":null,"Value":4650}]}