{"Name":"CLASS06_100_01","Objects":[{"Length":300,"Height":300,"Stock":null,"Cost":90000}],"Items":[{"Length":95,"Height":36,"Demand":1,"DemandMax":null,"Value":3420},{"Length":14,"Height":91,"Demand":1,"DemandMax":null,"Value":1274},{"Length":16,"Height":36,"Demand":1,"DemandMax":null,"Value":576},{"Length":91,"Height":93,"Demand":1,"DemandMax":null,"Value":8463},{"Length":61,"Height":17,"Demand":1,"DemandMax":null,"Value":1037},{"Length":82,"Height":98,"Demand":1,"DemandMax":null,"Value":8036},{"Length":43,"Height":56,"Demand":1,"DemandMax":null,"Value":2408},{"Length":65,"Height":49,"Demand":1,"DemandMax":null,"Value":3185},{"Length":5,"Height":65,"Demand":1,"DemandMax":null,"Value":325},{"Length":50,"Height":25,"Demand":1,"DemandMax":null,"Value":1250},{"Length":25,"Height":87,"Demand":1,"DemandMax":null,"Value":2175},{"Length":83,"Height":38,"Demand":1,"DemandMax":null,"Value":3154},{"Length":14,"Height":100,"Demand":1,"DemandMax":null,"Value":1400},{"Length":40,"Height":30,"Demand":1,"DemandMax":null,"Value":1200},{"Length":17,"Height":16,"Demand":1,"DemandMax":null,"Value":272},{"Length":33,"Height":81,"Demand":1,"DemandMax":null,"Value":2673},{"Length":11,"Height":80,"Demand":1,"DemandMax":null,"Value":880},{"Length":7,"Height":1,"Demand":1,"DemandMax":null,"Value":7},{"Length":8,"Height":68,"Demand":1,"DemandMax":null,"Value":544},{"Length":38,"Height":35,"Demand":1,"DemandMax":null,"Value":1330},{"Length":52,"Height":92,"Demand":1,"DemandMax":null,"Value":4784},{"Length":39,"Height":60,"Demand":1,"DemandMax":null,"Value":2340},{"Length":21,"Height":96,"Demand":1,"DemandMax":null,"Value":2016},{"Length":54,"Height":88,"Demand":1,"DemandMax":null,"Value":4752},{"Length":26,"Height":58,"Demand":1,"DemandMax":null,"Value":1508},{"Length":60,"Height":63,"Demand":1,"DemandMax":null,"Value":3780},{"Length":11,"Height":90,"Demand":1,"DemandMax":null,"Value":990},{"Length":68,"Height":62,"Demand":1,"DemandMax":null,"Value":4216},{"Length":54,"Height":35,"Demand":1,"DemandMax":null,"Value":1890},{"Length":24,"Height":98,"Demand":1,"DemandMax":null,"Value":2352},{"Length":67,"Height":72,"Demand":1,"DemandMax":null,"Value":4824},{"Length":4,"Height":14,"Demand":1,"DemandMax":null,"Value":56},{"Length":93,"Height":12,"Demand":1,"DemandMax":null,"Value":1116},{"Length":21,"Height":88,"Demand":1,"DemandMax":null,"Value":1848},{"Length":11,"Height":98,"Demand":1,"DemandMax":null,"Value":1078},{"Length":18,"Height":31,"Demand":1,"DemandMax":null,"Value":558},{"Length":31,"Height":10,"Demand":1,"DemandMax":null,"Value":310},{"Length":73,"Height":88,"Demand":1,"DemandMax":null,"Value":6424},{"Length":98,"Height":57,"Demand":1,"DemandMax":null,"Value":5586},{"Length":97,"Height":37,"Demand":1,"DemandMax":null,"Value":3589},{"Length":90,"Height":85,"Demand":1,"DemandMax":null,"Value":7650},{"Length":35,"Height":88,"Demand":1,"DemandMax":null,"Value":3080},{"Length":19,"Height":70,"Demand":1,"DemandMax":null,"Value":1330},{"Length":64,"Height":86,"Demand":1,"DemandMax":null,"Value":5504},{"Length":27,"Height":25,"Demand":1,"DemandMax":null,"Value":675},{"Length":96,"Height":9,"Demand":1,"DemandMax":null,"Value":864},{"Length":94,"Height":94,"Demand":1,"DemandMax":null,"Value":8836},{"Length":75,"Height":68,"Demand":1,"DemandMax":null,"Value":5100},{"Length":29,"Height":54,"Demand":1,"DemandMax":null,"Value":1566},{"Length":79,"Height":8,"Demand":1,"DemandMax":null,"Value":632},{"Length":79,"Height":17,"Demand":1,"DemandMax":null,"Value":1343},{"Length":19,"Height":5,"Demand":1,"DemandMax":null,"Value":95},{"Length":20,"Height":27,"Demand":1,"DemandMax":null,"Value":540},{"Length":39,"Height":72,"Demand":1,"DemandMax":null,"Value":2808},{"Length":64,"Height":62,"Demand":1,"DemandMax":null,"Value":3968},{"Length":17,"Height":52,"Demand":1,"DemandMax":null,"Value":884},{"Length":54,"Height":32,"Demand":1,"DemandMax":null,"Value":1728},{"Length":65,"Height":24,"Demand":1,"DemandMax":null,"Value":1560},{"Length":70,"Height":83,"Demand":1,"DemandMax":null,"Value":5810},{"Length":26,"Height":98,"Demand":1,"DemandMax":null,"Value":2548},{"Length":21,"Height":92,"Demand":1,"DemandMax":null,"Value":1932},{"Length":79,"Height":20,"Demand":1,"DemandMax":null,"Value":1580},{"Length":53,"Height":71,"Demand":1,"DemandMax":null,"Value":3763},{"Length":34,"Height":66,"Demand":1,"DemandMax":null,"Value":2244},{"Length":43,"Height":63,"Demand":1,"DemandMax":null,"Value":2709},{"Length":36,"Height":49,"Demand":1,"DemandMax":null,"Value":1764},{"Length":2,"Height":46,"Demand":1,"DemandMax":null,"Value":92},{"Length":63,"Height":11,"Demand":1,"DemandMax":null,"Value":693},{"Length":75,"Height":32,"Demand":1,"DemandMax":null,"Value":2400},{"Length":26,"Height":32,"Demand":1,"DemandMax":null,"Value":832},{"Length":40,"Height":66,"Demand":1,"DemandMax":null,"Value":2640},{"Length":70,"Height":22,"Demand":1,"DemandMax":null,"Value":1540},{"Length":7,"Height":24,"Demand":1,"DemandMax":null,"Value":168},{"Length":72,"Height":26,"Demand":1,"DemandMax":null,"Value":1872},{"Length":21,"Height":18,"Demand":1,"DemandMax":null,"Value":378},{"Length":42,"Height":21,"Demand":1,"DemandMax":null,"Value":882},{"Length":59,"Height":92,"Demand":1,"DemandMax":null,"Value":5428},{"Length":27,"Height":19,"Demand":1,"DemandMax":null,"Value":513},{"Length":34,"Height":24,"Demand":1,"DemandMax":null,"Value":816},{"Length":3,"Height":64,"Demand":1,"DemandMax":null,"Value":192},{"Length":89,"Height":26,"Demand":1,"DemandMax":null,"Value":2314},{"Length":82,"Height":33,"Demand":1,"DemandMax":null,"Value":2706},{"Length":3,"Height":41,"Demand":1,"DemandMax":null,"Value":123},{"Length":7,"Height":39,"Demand":1,"DemandMax":null,"Value":273},{"Length":85,"Height":48,"Demand":1,"DemandMax":null,"Value":4080},{"Length":58,"Height":25,"Demand":1,"DemandMax":null,"Value":1450},{"Length":81,"Height":58,"Demand":1,"DemandMax":null,"Value":4698},{"Length":44,"Height":69,"Demand":1,"DemandMax":null,"Value":3036},{"Length":69,"Height":14,"Demand":1,"DemandMax":null,"Value":966},{"Length":11,"Height":82,"Demand":1,"DemandMax":null,"Value":902},{"Length":59,"Height":96,"Demand":1,"DemandMax":null,"Value":5664},{"Length":36,"Height":9,"Demand":1,"DemandMax":null,"Value":324},{"Length":97,"Height":13,"Demand":1,"DemandMax":null,"Value":1261},{"Length":30,"Height":28,"Demand":1,"DemandMax":null,"Value":840},{"Length":59,"Height":10,"Demand":1,"DemandMax":null,"Value":590},{"Length":38,"Height":49,"Demand":1,"DemandMax":null,"Value":1862},{"Length":57,"Height":66,"Demand":1,"DemandMax":null,"Value":3762},{"Length":38,"Height":17,"Demand":1,"DemandMax":null,"Value":646},{"Length":35,"Height":91,"Demand":1,"DemandMax":null,"Value":3185},{"Length":40,"Height":10,"Demand":1,"DemandMax":null,"Value":400}]}