{"Name":"CLASS09_100_01","Objects":[{"Length":100,"Height":100,"Stock":null,"Cost":10000}],"Items":[{"Length":96,"Height":98,"Demand":1,"DemandMax":null,"Value":9408},{"Length":8,"Height":78,"Demand":1,"DemandMax":null,"Value":624},{"Length":9,"Height":46,"Demand":1,"DemandMax":null,"Value":414},{"Length":91,"Height":99,"Demand":1,"DemandMax":null,"Value":9009},{"Length":74,"Height":71,"Demand":1,"DemandMax":null,"Value":5254},{"Length":52,"Height":82,"Demand":1,"DemandMax":null,"Value":4264},{"Length":93,"Height":75,"Demand":1,"DemandMax":null,"Value":6975},{"Length":91,"Height":68,"Demand":1,"DemandMax":null,"Value":6188},{"Length":15,"Height":7,"Demand":1,"DemandMax":null,"Value":105},{"Length":58,"Height":58,"Demand":1,"DemandMax":null,"Value":3364},{"Length":90,"Height":66,"Demand":1,"DemandMax":null,"Value":5940},{"Length":4,"Height":66,"Demand":1,"DemandMax":null,"Value":264},{"Length":67,"Height":53,"Demand":1,"DemandMax":null,"Value":3551},{"Length":76,"Height":96,"Demand":1,"DemandMax":null,"Value":7296},{"Length":98,"Height":69,"Demand":1,"DemandMax":null,"Value":6762},{"Length":77,"Height":94,"Demand":1,"DemandMax":null,"Value":7238},{"Length":81,"Height":62,"Demand":1,"DemandMax":null,"Value":5022},{"Length":55,"Height":95,"Demand":1,"DemandMax":null,"Value":5225},{"Length":67,"Height":84,"Demand":1,"DemandMax":null,"Value":5628},{"Length":61,"Height":99,"Demand":1,"DemandMax":null,"Value":6039},{"Length":56,"Height":83,"Demand":1,"DemandMax":null,"Value":4648},{"Length":98,"Height":6,"Demand":1,"DemandMax":null,"Value":588},{"Length":99,"Height":60,"Demand":1,"DemandMax":null,"Value":5940},{"Length":9,"Height":76,"Demand":1,"DemandMax":null,"Value":684},{"Length":96,"Height":16,"Demand":1,"DemandMax":null,"Value":1536},{"Length":99,"Height":78,"Demand":1,"DemandMax":null,"Value":7722},{"Length":92,"Height":99,"Demand":1,"DemandMax":null,"Value":9108},{"Length":67,"Height":94,"Demand":1,"DemandMax":null,"Value":6298},{"Length":93,"Height":59,"Demand":1,"DemandMax":null,"Value":5487},{"Length":63,"Height":62,"Demand":1,"DemandMax":null,"Value":3906},{"Length":98,"Height":48,"Demand":1,"DemandMax":null,"Value":4704},{"Length":38,"Height":34,"Demand":1,"DemandMax":null,"Value":1292},{"Length":53,"Height":64,"Demand":1,"DemandMax":null,"Value":3392},{"Length":90,"Height":58,"Demand":1,"DemandMax":null,"Value":5220},{"Length":75,"Height":10,"Demand":1,"DemandMax":null,"Value":750},{"Length":20,"Height":90,"Demand":1,"DemandMax":null,"Value":1800},{"Length":76,"Height":82,"Demand":1,"DemandMax":null,"Value":6232},{"Length":27,"Height":77,"Demand":1,"DemandMax":null,"Value":2079},{"Length":92,"Height":82,"Demand":1,"DemandMax":null,"Value":7544},{"Length":62,"Height":99,"Demand":1,"DemandMax":null,"Value":6138},{"Length":10,"Height":11,"Demand":1,"DemandMax":null,"Value":110},{"Length":76,"Height":85,"Demand":1,"DemandMax":null,"Value":6460},{"Length":81,"Height":67,"Demand":1,"DemandMax":null,"Value":5427},{"Length":68,"Height":74,"Demand":1,"DemandMax":null,"Value":5032},{"Length":55,"Height":50,"Demand":1,"DemandMax":null,"Value":2750},{"Length":88,"Height":66,"Demand":1,"DemandMax":null,"Value":5808},{"Length":83,"Height":63,"Demand":1,"DemandMax":null,"Value":5229},{"Length":85,"Height":60,"Demand":1,"DemandMax":null,"Value":5100},{"Length":62,"Height":53,"Demand":1,"DemandMax":null,"Value":3286},{"Length":60,"Height":58,"Demand":1,"DemandMax":null,"Value":3480},{"Length":96,"Height":71,"Demand":1,"DemandMax":null,"Value":6816},{"Length":63,"Height":59,"Demand":1,"DemandMax":null,"Value":3717},{"Length":82,"Height":67,"Demand":1,"DemandMax":null,"Value":5494},{"Length":97,"Height":13,"Demand":1,"DemandMax":null,"Value":1261},{"Length":70,"Height":91,"Demand":1,"DemandMax":null,"Value":6370},{"Length":68,"Height":20,"Demand":1,"DemandMax":null,"Value":1360},{"Length":62,"Height":93,"Demand":1,"DemandMax":null,"Value":5766},{"Length":91,"Height":79,"Demand":1,"DemandMax":null,"Value":7189},{"Length":57,"Height":72,"Demand":1,"DemandMax":null,"Value":4104},{"Length":55,"Height":91,"Demand":1,"DemandMax":null,"Value":5005},{"Length":5,"Height":30,"Demand":1,"DemandMax":null,"Value":150},{"Length":99,"Height":56,"Demand":1,"DemandMax":null,"Value":5544},{"Length":55,"Height":65,"Demand":1,"DemandMax":null,"Value":3575},{"Length":69,"Height":74,"Demand":1,"DemandMax":null,"Value":5106},{"Length":58,"Height":78,"Demand":1,"DemandMax":null,"Value":4524},{"Length":67,"Height":96,"Demand":1,"DemandMax":null,"Value":6432},{"Length":76,"Height":20,"Demand":1,"DemandMax":null,"Value":1520},{"Length":94,"Height":69,"Demand":1,"DemandMax":null,"Value":6486},{"Length":74,"Height":89,"Demand":1,"DemandMax":null,"Value":6586},{"Length":99,"Height":97,"Demand":1,"DemandMax":null,"Value":9603},{"Length":37,"Height":91,"Demand":1,"DemandMax":null,"Value":3367},{"Length":87,"Height":27,"Demand":1,"DemandMax":null,"Value":2349},{"Length":51,"Height":61,"Demand":1,"DemandMax":null,"Value":3111},{"Length":42,"Height":72,"Demand":1,"DemandMax":null,"Value":3024},{"Length":69,"Height":64,"Demand":1,"DemandMax":null,"Value":4416},{"Length":79,"Height":95,"Demand":1,"DemandMax":null,"Value":7505},{"Length":41,"Height":97,"Demand":1,"DemandMax":null,"Value":3977},{"Length":96,"Height":83,"Demand":1,"DemandMax":null,"Value":7968},{"Length":15,"Height":4,"Demand":1,"DemandMax":null,"Value":60},{"Length":90,"Height":75,"Demand":1,"DemandMax":null,"Value":6750},{"Length":91,"Height":90,"Demand":1,"DemandMax":null,"Value":8190},{"Length":61,"Height":69,"Demand":1,"DemandMax":null,"Value":4209},{"Length":70,"Height":54,"Demand":1,"DemandMax":null,"Value":3780},{"Length":61,"Height":66,"Demand":1,"DemandMax":null,"Value":4026},{"Length":53,"Height":98,"Demand":1,"DemandMax":null,"Value":5194},{"Length":40,"Height":17,"Demand":1,"DemandMax":null,"Value":680},{"Length":89,"Height":68,"Demand":1,"DemandMax":null,"Value":6052},{"Length":95,"Height":70,"Demand":1,"DemandMax":null,"Value":6650},{"Length":77,"Height":66,"Demand":1,"DemandMax":null,"Value":5082},{"Length":79,"Height":76,"Demand":1,"DemandMax":null,"Value":6004},{"Length":19,"Height":43,"Demand":1,"DemandMax":null,"Value":817},{"Length":90,"Height":85,"Demand":1,"DemandMax":null,"Value":7650},{"Length":13,"Height":98,"Demand":1,"DemandMax":null,"Value":1274},{"Length":86,"Height":47,"Demand":1,"DemandMax":null,"Value":4042},{"Length":60,"Height":79,"Demand":1,"DemandMax":null,"Value":4740},{"Length":48,"Height":73,"Demand":1,"DemandMax":null,"Value":3504},{"Length":60,"Height":89,"Demand":1,"DemandMax":null,"Value":5340},{"Length":93,"Height":79,"Demand":1,"DemandMax":null,"Value":7347},{"Length":75,"Height":27,"Demand":1,"DemandMax":null,"Value":2025},{"Length":16,"Height":100,"Demand":1,"DemandMax":null,"Value":1600}]}