{"Name":"CLASS08_080_02","Objects":[{"Length":100,"Height":100,"Stock":null,"Cost":10000}],"Items":[{"Length":5,"Height":95,"Demand":1,"DemandMax":null,"Value":475},{"Length":9,"Height":92,"Demand":1,"DemandMax":null,"Value":828},{"Length":2,"Height":94,"Demand":1,"DemandMax":null,"Value":188},{"Length":27,"Height":79,"Demand":1,"DemandMax":null,"Value":2133},{"Length":2,"Height":78,"Demand":1,"DemandMax":null,"Value":156},{"Length":22,"Height":69,"Demand":1,"DemandMax":null,"Value":1518},{"Length":6,"Height":82,"Demand":1,"DemandMax":null,"Value":492},{"Length":46,"Height":95,"Demand":1,"DemandMax":null,"Value":4370},{"Length":12,"Height":70,"Demand":1,"DemandMax":null,"Value":840},{"Length":98,"Height":33,"Demand":1,"DemandMax":null,"Value":3234},{"Length":21,"Height":77,"Demand":1,"DemandMax":null,"Value":1617},{"Length":27,"Height":84,"Demand":1,"DemandMax":null,"Value":2268},{"Length":83,"Height":55,"Demand":1,"DemandMax":null,"Value":4565},{"Length":34,"Height":81,"Demand":1,"DemandMax":null,"Value":2754},{"Length":48,"Height":81,"Demand":1,"DemandMax":null,"Value":3888},{"Length":19,"Height":22,"Demand":1,"DemandMax":null,"Value":418},{"Length":16,"Height":77,"Demand":1,"DemandMax":null,"Value":1232},{"Length":32,"Height":82,"Demand":1,"DemandMax":null,"Value":2624},{"Length":86,"Height":89,"Demand":1,"DemandMax":null,"Value":7654},{"Length":23,"Height":29,"Demand":1,"DemandMax":null,"Value":667},{"Length":10,"Height":93,"Demand":1,"DemandMax":null,"Value":930},{"Length":92,"Height":87,"Demand":1,"DemandMax":null,"Value":8004},{"Length":87,"Height":67,"Demand":1,"DemandMax":null,"Value":5829},{"Length":39,"Height":99,"Demand":1,"DemandMax":null,"Value":3861},{"Length":17,"Height":82,"Demand":1,"DemandMax":null,"Value":1394},{"Length":14,"Height":74,"Demand":1,"DemandMax":null,"Value":1036},{"Length":99,"Height":8,"Demand":1,"DemandMax":null,"Value":792},{"Length":16,"Height":85,"Demand":1,"DemandMax":null,"Value":1360},{"Length":34,"Height":79,"Demand":1,"DemandMax":null,"Value":2686},{"Length":97,"Height":99,"Demand":1,"DemandMax":null,"Value":9603},{"Length":23,"Height":72,"Demand":1,"DemandMax":null,"Value":1656},{"Length":5,"Height":80,"Demand":1,"DemandMax":null,"Value":400},{"Length":14,"Height":84,"Demand":1,"DemandMax":null,"Value":1176},{"Length":42,"Height":98,"Demand":1,"DemandMax":null,"Value":4116},{"Length":8,"Height":81,"Demand":1,"DemandMax":null,"Value":648},{"Length":6,"Height":83,"Demand":1,"DemandMax":null,"Value":498},{"Length":69,"Height":47,"Demand":1,"DemandMax":null,"Value":3243},{"Length":98,"Height":56,"Demand":1,"DemandMax":null,"Value":5488},{"Length":69,"Height":48,"Demand":1,"DemandMax":null,"Value":3312},{"Length":19,"Height":94,"Demand":1,"DemandMax":null,"Value":1786},{"Length":71,"Height":28,"Demand":1,"DemandMax":null,"Value":1988},{"Length":17,"Height":85,"Demand":1,"DemandMax":null,"Value":1445},{"Length":14,"Height":90,"Demand":1,"DemandMax":null,"Value":1260},{"Length":43,"Height":78,"Demand":1,"DemandMax":null,"Value":3354},{"Length":22,"Height":80,"Demand":1,"DemandMax":null,"Value":1760},{"Length":47,"Height":73,"Demand":1,"DemandMax":null,"Value":3431},{"Length":34,"Height":89,"Demand":1,"DemandMax":null,"Value":3026},{"Length":78,"Height":56,"Demand":1,"DemandMax":null,"Value":4368},{"Length":99,"Height":74,"Demand":1,"DemandMax":null,"Value":7326},{"Length":38,"Height":69,"Demand":1,"DemandMax":null,"Value":2622},{"Length":16,"Height":96,"Demand":1,"DemandMax":null,"Value":1536},{"Length":26,"Height":71,"Demand":1,"DemandMax":null,"Value":1846},{"Length":36,"Height":94,"Demand":1,"DemandMax":null,"Value":3384},{"Length":41,"Height":74,"Demand":1,"DemandMax":null,"Value":3034},{"Length":10,"Height":16,"Demand":1,"DemandMax":null,"Value":160},{"Length":85,"Height":69,"Demand":1,"DemandMax":null,"Value":5865},{"Length":36,"Height":78,"Demand":1,"DemandMax":null,"Value":2808},{"Length":6,"Height":86,"Demand":1,"DemandMax":null,"Value":516},{"Length":76,"Height":49,"Demand":1,"DemandMax":null,"Value":3724},{"Length":6,"Height":96,"Demand":1,"DemandMax":null,"Value":576},{"Length":47,"Height":71,"Demand":1,"DemandMax":null,"Value":3337},{"Length":33,"Height":72,"Demand":1,"DemandMax":null,"Value":2376},{"Length":32,"Height":96,"Demand":1,"DemandMax":null,"Value":3072},{"Length":88,"Height":79,"Demand":1,"DemandMax":null,"Value":6952},{"Length":79,"Height":9,"Demand":1,"DemandMax":null,"Value":711},{"Length":21,"Height":2,"Demand":1,"DemandMax":null,"Value":42},{"Length":60,"Height":50,"Demand":1,"DemandMax":null,"Value":3000},{"Length":32,"Height":84,"Demand":1,"DemandMax":null,"Value":2688},{"Length":4,"Height":80,"Demand":1,"DemandMax":null,"Value":320},{"Length":21,"Height":5,"Demand":1,"DemandMax":null,"Value":105},{"Length":1,"Height":79,"Demand":1,"DemandMax":null,"Value":79},{"Length":38,"Height":90,"Demand":1,"DemandMax":null,"Value":3420},{"Length":1,"Height":97,"Demand":1,"DemandMax":null,"Value":97},{"Length":33,"Height":79,"Demand":1,"DemandMax":null,"Value":2607},{"Length":3,"Height":100,"Demand":1,"DemandMax":null,"Value":300},{"Length":69,"Height":6,"Demand":1,"DemandMax":null,"Value":414},{"Length":8,"Height":88,"Demand":1,"DemandMax":null,"Value":704},{"Length":6,"Height":97,"Demand":1,"DemandMax":null,"Value":582},{"Length":66,"Height":92,"Demand":1,"DemandMax":null,"Value":6072},{"Length":34,"Height":92,"Demand":1,"DemandMax":null,"Value":3128}]}