{"Name":"CLASS03_100_01","Objects":[{"Length":40,"Height":40,"Stock":null,"Cost":1600}],"Items":[{"Length":34,"Height":13,"Demand":2,"DemandMax":null,"Value":442},{"Length":5,"Height":32,"Demand":1,"DemandMax":null,"Value":160},{"Length":6,"Height":13,"Demand":1,"DemandMax":null,"Value":78},{"Length":32,"Height":33,"Demand":1,"DemandMax":null,"Value":1056},{"Length":22,"Height":6,"Demand":1,"DemandMax":null,"Value":132},{"Length":29,"Height":34,"Demand":1,"DemandMax":null,"Value":986},{"Length":15,"Height":20,"Demand":1,"DemandMax":null,"Value":300},{"Length":23,"Height":17,"Demand":1,"DemandMax":null,"Value":391},{"Length":2,"Height":23,"Demand":1,"DemandMax":null,"Value":46},{"Length":18,"Height":9,"Demand":1,"DemandMax":null,"Value":162},{"Length":9,"Height":31,"Demand":1,"DemandMax":null,"Value":279},{"Length":29,"Height":14,"Demand":1,"DemandMax":null,"Value":406},{"Length":5,"Height":35,"Demand":1,"DemandMax":null,"Value":175},{"Length":14,"Height":11,"Demand":1,"DemandMax":null,"Value":154},{"Length":6,"Height":6,"Demand":1,"DemandMax":null,"Value":36},{"Length":12,"Height":29,"Demand":1,"DemandMax":null,"Value":348},{"Length":4,"Height":28,"Demand":1,"DemandMax":null,"Value":112},{"Length":3,"Height":1,"Demand":1,"DemandMax":null,"Value":3},{"Length":3,"Height":24,"Demand":1,"DemandMax":null,"Value":72},{"Length":14,"Height":13,"Demand":1,"DemandMax":null,"Value":182},{"Length":19,"Height":32,"Demand":1,"DemandMax":null,"Value":608},{"Length":14,"Height":21,"Demand":1,"DemandMax":null,"Value":294},{"Length":8,"Height":34,"Demand":1,"DemandMax":null,"Value":272},{"Length":19,"Height":31,"Demand":1,"DemandMax":null,"Value":589},{"Length":9,"Height":21,"Demand":1,"DemandMax":null,"Value":189},{"Length":21,"Height":22,"Demand":1,"DemandMax":null,"Value":462},{"Length":4,"Height":32,"Demand":1,"DemandMax":null,"Value":128},{"Length":24,"Height":22,"Demand":1,"DemandMax":null,"Value":528},{"Length":19,"Height":13,"Demand":1,"DemandMax":null,"Value":247},{"Length":9,"Height":35,"Demand":2,"DemandMax":null,"Value":315},{"Length":24,"Height":26,"Demand":1,"DemandMax":null,"Value":624},{"Length":2,"Height":5,"Demand":1,"DemandMax":null,"Value":10},{"Length":33,"Height":4,"Demand":1,"DemandMax":null,"Value":132},{"Length":8,"Height":31,"Demand":1,"DemandMax":null,"Value":248},{"Length":4,"Height":35,"Demand":1,"DemandMax":null,"Value":140},{"Length":7,"Height":11,"Demand":1,"DemandMax":null,"Value":77},{"Length":11,"Height":4,"Demand":1,"DemandMax":null,"Value":44},{"Length":26,"Height":31,"Demand":1,"DemandMax":null,"Value":806},{"Length":35,"Height":20,"Demand":1,"DemandMax":null,"Value":700},{"Length":32,"Height":30,"Demand":1,"DemandMax":null,"Value":960},{"Length":12,"Height":31,"Demand":1,"DemandMax":null,"Value":372},{"Length":7,"Height":25,"Demand":1,"DemandMax":null,"Value":175},{"Length":23,"Height":31,"Demand":1,"DemandMax":null,"Value":713},{"Length":10,"Height":9,"Demand":1,"DemandMax":null,"Value":90},{"Length":34,"Height":4,"Demand":1,"DemandMax":null,"Value":136},{"Length":33,"Height":33,"Demand":1,"DemandMax":null,"Value":1089},{"Length":27,"Height":24,"Demand":1,"DemandMax":null,"Value":648},{"Length":11,"Height":19,"Demand":1,"DemandMax":null,"Value":209},{"Length":28,"Height":3,"Demand":1,"DemandMax":null,"Value":84},{"Length":28,"Height":6,"Demand":1,"DemandMax":null,"Value":168},{"Length":7,"Height":2,"Demand":1,"DemandMax":null,"Value":14},{"Length":7,"Height":10,"Demand":1,"DemandMax":null,"Value":70},{"Length":14,"Height":25,"Demand":1,"DemandMax":null,"Value":350},{"Length":23,"Height":22,"Demand":1,"DemandMax":null,"Value":506},{"Length":6,"Height":19,"Demand":1,"DemandMax":null,"Value":114},{"Length":19,"Height":12,"Demand":1,"DemandMax":null,"Value":228},{"Length":23,"Height":9,"Demand":1,"DemandMax":null,"Value":207},{"Length":25,"Height":29,"Demand":1,"DemandMax":null,"Value":725},{"Length":8,"Height":33,"Demand":1,"DemandMax":null,"Value":264},{"Length":28,"Height":7,"Demand":1,"DemandMax":null,"Value":196},{"Length":19,"Height":25,"Demand":1,"DemandMax":null,"Value":475},{"Length":12,"Height":24,"Demand":1,"DemandMax":null,"Value":288},{"Length":15,"Height":22,"Demand":1,"DemandMax":null,"Value":330},{"Length":13,"Height":17,"Demand":1,"DemandMax":null,"Value":221},{"Length":1,"Height":17,"Demand":1,"DemandMax":null,"Value":17},{"Length":23,"Height":4,"Demand":1,"DemandMax":null,"Value":92},{"Length":27,"Height":12,"Demand":1,"DemandMax":null,"Value":324},{"Length":10,"Height":12,"Demand":1,"DemandMax":null,"Value":120},{"Length":14,"Height":23,"Demand":1,"DemandMax":null,"Value":322},{"Length":25,"Height":8,"Demand":1,"DemandMax":null,"Value":200},{"Length":3,"Height":9,"Demand":1,"DemandMax":null,"Value":27},{"Length":25,"Height":9,"Demand":1,"DemandMax":null,"Value":225},{"Length":8,"Height":6,"Demand":1,"DemandMax":null,"Value":48},{"Length":15,"Height":8,"Demand":1,"DemandMax":null,"Value":120},{"Length":21,"Height":32,"Demand":1,"DemandMax":null,"Value":672},{"Length":10,"Height":7,"Demand":1,"DemandMax":null,"Value":70},{"Length":12,"Height":9,"Demand":1,"DemandMax":null,"Value":108},{"Length":1,"Height":23,"Demand":1,"DemandMax":null,"Value":23},{"Length":32,"Height":9,"Demand":1,"DemandMax":null,"Value":288},{"Length":29,"Height":12,"Demand":1,"DemandMax":null,"Value":348},{"Length":1,"Height":15,"Demand":1,"DemandMax":null,"Value":15},{"Length":3,"Height":14,"Demand":1,"DemandMax":null,"Value":42},{"Length":30,"Height":17,"Demand":1,"DemandMax":null,"Value":510},{"Length":21,"Height":9,"Demand":1,"DemandMax":null,"Value":189},{"Length":29,"Height":21,"Demand":1,"DemandMax":null,"Value":609},{"Length":16,"Height":24,"Demand":1,"DemandMax":null,"Value":384},{"Length":24,"Height":5,"Demand":1,"DemandMax":null,"Value":120},{"Length":4,"Height":29,"Demand":1,"DemandMax":null,"Value":116},{"Length":21,"Height":34,"Demand":1,"DemandMax":null,"Value":714},{"Length":13,"Height":4,"Demand":1,"DemandMax":null,"Value":52},{"Length":34,"Height":5,"Demand":1,"DemandMax":null,"Value":170},{"Length":11,"Height":10,"Demand":1,"DemandMax":null,"Value":110},{"Length":21,"Height":4,"Demand":1,"DemandMax":null,"Value":84},{"Length":14,"Height":18,"Demand":1,"DemandMax":null,"Value":252},{"Length":20,"Height":24,"Demand":1,"DemandMax":null,"Value":480},{"Length":13,"Height":6,"Demand":1,"DemandMax":null,"Value":78},{"Length":13,"Height":32,"Demand":1,"DemandMax":null,"Value":416},{"Length":14,"Height":4,"Demand":1,"DemandMax":null,"Value":56}]}