{"Name":"CLASS08_020_03","Objects":[{"Length":100,"Height":100,"Stock":null,"Cost":10000}],"Items":[{"Length":29,"Height":87,"Demand":1,"DemandMax":null,"Value":2523},{"Length":25,"Height":26,"Demand":1,"DemandMax":null,"Value":650},{"Length":40,"Height":88,"Demand":1,"DemandMax":null,"Value":3520},{"Length":44,"Height":98,"Demand":1,"DemandMax":null,"Value":4312},{"Length":29,"Height":90,"Demand":1,"DemandMax":null,"Value":2610},{"Length":16,"Height":97,"Demand":1,"DemandMax":null,"Value":1552},{"Length":47,"Height":95,"Demand":1,"DemandMax":null,"Value":4465},{"Length":41,"Height":80,"Demand":1,"DemandMax":null,"Value":3280},{"Length":42,"Height":66,"Demand":1,"DemandMax":null,"Value":2772},{"Length":19,"Height":83,"Demand":1,"DemandMax":null,"Value":1577},{"Length":15,"Height":75,"Demand":1,"DemandMax":null,"Value":1125},{"Length":49,"Height":71,"Demand":1,"DemandMax":null,"Value":3479},{"Length":76,"Height":29,"Demand":1,"DemandMax":null,"Value":2204},{"Length":88,"Height":19,"Demand":1,"DemandMax":null,"Value":1672},{"Length":45,"Height":98,"Demand":1,"DemandMax":null,"Value":4410},{"Length":20,"Height":70,"Demand":1,"DemandMax":null,"Value":1400},{"Length":2,"Height":78,"Demand":1,"DemandMax":null,"Value":156},{"Length":9,"Height":81,"Demand":1,"DemandMax":null,"Value":729},{"Length":36,"Height":42,"Demand":1,"DemandMax":null,"Value":1512},{"Length":2,"Height":77,"Demand":1,"DemandMax":null,"Value":154}]}