{"Name":"CLASS07_080_01","Objects":[{"Length":100,"Height":100,"Stock":null,"Cost":10000}],"Items":[{"Length":73,"Height":20,"Demand":1,"DemandMax":null,"Value":1460},{"Length":84,"Height":31,"Demand":2,"DemandMax":null,"Value":2604},{"Length":77,"Height":37,"Demand":1,"DemandMax":null,"Value":2849},{"Length":78,"Height":55,"Demand":1,"DemandMax":null,"Value":4290},{"Length":71,"Height":33,"Demand":1,"DemandMax":null,"Value":2343},{"Length":93,"Height":4,"Demand":1,"DemandMax":null,"Value":372},{"Length":76,"Height":13,"Demand":1,"DemandMax":null,"Value":988},{"Length":54,"Height":53,"Demand":1,"DemandMax":null,"Value":2862},{"Length":2,"Height":98,"Demand":1,"DemandMax":null,"Value":196},{"Length":82,"Height":33,"Demand":1,"DemandMax":null,"Value":2706},{"Length":65,"Height":82,"Demand":1,"DemandMax":null,"Value":5330},{"Length":97,"Height":39,"Demand":1,"DemandMax":null,"Value":3783},{"Length":70,"Height":21,"Demand":1,"DemandMax":null,"Value":1470},{"Length":79,"Height":23,"Demand":2,"DemandMax":null,"Value":1817},{"Length":26,"Height":74,"Demand":1,"DemandMax":null,"Value":1924},{"Length":47,"Height":35,"Demand":1,"DemandMax":null,"Value":1645},{"Length":82,"Height":8,"Demand":1,"DemandMax":null,"Value":656},{"Length":76,"Height":75,"Demand":1,"DemandMax":null,"Value":5700},{"Length":99,"Height":55,"Demand":1,"DemandMax":null,"Value":5445},{"Length":59,"Height":93,"Demand":1,"DemandMax":null,"Value":5487},{"Length":67,"Height":6,"Demand":1,"DemandMax":null,"Value":402},{"Length":95,"Height":89,"Demand":1,"DemandMax":null,"Value":8455},{"Length":89,"Height":10,"Demand":1,"DemandMax":null,"Value":890},{"Length":34,"Height":13,"Demand":1,"DemandMax":null,"Value":442},{"Length":95,"Height":17,"Demand":1,"DemandMax":null,"Value":1615},{"Length":83,"Height":15,"Demand":1,"DemandMax":null,"Value":1245},{"Length":86,"Height":26,"Demand":1,"DemandMax":null,"Value":2236},{"Length":80,"Height":44,"Demand":1,"DemandMax":null,"Value":3520},{"Length":44,"Height":92,"Demand":1,"DemandMax":null,"Value":4048},{"Length":78,"Height":2,"Demand":1,"DemandMax":null,"Value":156},{"Length":91,"Height":3,"Demand":1,"DemandMax":null,"Value":273},{"Length":68,"Height":87,"Demand":1,"DemandMax":null,"Value":5916},{"Length":71,"Height":22,"Demand":1,"DemandMax":null,"Value":1562},{"Length":81,"Height":1,"Demand":1,"DemandMax":null,"Value":81},{"Length":70,"Height":43,"Demand":1,"DemandMax":null,"Value":3010},{"Length":29,"Height":94,"Demand":1,"DemandMax":null,"Value":2726},{"Length":83,"Height":66,"Demand":1,"DemandMax":null,"Value":5478},{"Length":92,"Height":11,"Demand":1,"DemandMax":null,"Value":1012},{"Length":37,"Height":96,"Demand":1,"DemandMax":null,"Value":3552},{"Length":50,"Height":71,"Demand":1,"DemandMax":null,"Value":3550},{"Length":76,"Height":33,"Demand":1,"DemandMax":null,"Value":2508},{"Length":86,"Height":6,"Demand":1,"DemandMax":null,"Value":516},{"Length":88,"Height":36,"Demand":1,"DemandMax":null,"Value":3168},{"Length":18,"Height":94,"Demand":1,"DemandMax":null,"Value":1692},{"Length":4,"Height":77,"Demand":1,"DemandMax":null,"Value":308},{"Length":35,"Height":30,"Demand":1,"DemandMax":null,"Value":1050},{"Length":85,"Height":26,"Demand":1,"DemandMax":null,"Value":2210},{"Length":85,"Height":22,"Demand":1,"DemandMax":null,"Value":1870},{"Length":69,"Height":12,"Demand":1,"DemandMax":null,"Value":828},{"Length":50,"Height":66,"Demand":1,"DemandMax":null,"Value":3300},{"Length":89,"Height":27,"Demand":1,"DemandMax":null,"Value":2403},{"Length":100,"Height":14,"Demand":1,"DemandMax":null,"Value":1400},{"Length":77,"Height":20,"Demand":1,"DemandMax":null,"Value":1540},{"Length":85,"Height":14,"Demand":1,"DemandMax":null,"Value":1190},{"Length":67,"Height":40,"Demand":1,"DemandMax":null,"Value":2680},{"Length":34,"Height":17,"Demand":1,"DemandMax":null,"Value":578},{"Length":94,"Height":38,"Demand":1,"DemandMax":null,"Value":3572},{"Length":77,"Height":23,"Demand":1,"DemandMax":null,"Value":1771},{"Length":88,"Height":15,"Demand":2,"DemandMax":null,"Value":1320},{"Length":86,"Height":32,"Demand":1,"DemandMax":null,"Value":2752},{"Length":27,"Height":78,"Demand":1,"DemandMax":null,"Value":2106},{"Length":78,"Height":44,"Demand":1,"DemandMax":null,"Value":3432},{"Length":24,"Height":1,"Demand":1,"DemandMax":null,"Value":24},{"Length":90,"Height":9,"Demand":1,"DemandMax":null,"Value":810},{"Length":82,"Height":11,"Demand":1,"DemandMax":null,"Value":902},{"Length":31,"Height":26,"Demand":1,"DemandMax":null,"Value":806},{"Length":84,"Height":49,"Demand":1,"DemandMax":null,"Value":4116},{"Length":68,"Height":47,"Demand":1,"DemandMax":null,"Value":3196},{"Length":69,"Height":21,"Demand":1,"DemandMax":null,"Value":1449},{"Length":94,"Height":9,"Demand":1,"DemandMax":null,"Value":846},{"Length":89,"Height":47,"Demand":1,"DemandMax":null,"Value":4183},{"Length":68,"Height":30,"Demand":1,"DemandMax":null,"Value":2040},{"Length":94,"Height":27,"Demand":1,"DemandMax":null,"Value":2538},{"Length":18,"Height":86,"Demand":1,"DemandMax":null,"Value":1548},{"Length":27,"Height":9,"Demand":1,"DemandMax":null,"Value":243},{"Length":90,"Height":7,"Demand":1,"DemandMax":null,"Value":630},{"Length":93,"Height":44,"Demand":1,"DemandMax":null,"Value":4092}]}