{"Name":"CLASS03_020_05","Objects":[{"Length":40,"Height":40,"Stock":null,"Cost":1600}],"Items":[{"Length":34,"Height":13,"Demand":1,"DemandMax":null,"Value":442},{"Length":5,"Height":32,"Demand":1,"DemandMax":null,"Value":160},{"Length":6,"Height":13,"Demand":1,"DemandMax":null,"Value":78},{"Length":32,"Height":33,"Demand":1,"DemandMax":null,"Value":1056},{"Length":22,"Height":6,"Demand":1,"DemandMax":null,"Value":132},{"Length":29,"Height":34,"Demand":1,"DemandMax":null,"Value":986},{"Length":15,"Height":20,"Demand":1,"DemandMax":null,"Value":300},{"Length":23,"Height":17,"Demand":1,"DemandMax":null,"Value":391},{"Length":2,"Height":23,"Demand":1,"DemandMax":null,"Value":46},{"Length":18,"Height":9,"Demand":1,"DemandMax":null,"Value":162},{"Length":9,"Height":31,"Demand":1,"DemandMax":null,"Value":279},{"Length":29,"Height":14,"Demand":1,"DemandMax":null,"Value":406},{"Length":5,"Height":35,"Demand":1,"DemandMax":null,"Value":175},{"Length":14,"Height":11,"Demand":1,"DemandMax":null,"Value":154},{"Length":6,"Height":6,"Demand":1,"DemandMax":null,"Value":36},{"Length":12,"Height":29,"Demand":1,"DemandMax":null,"Value":348},{"Length":4,"Height":28,"Demand":1,"DemandMax":null,"Value":112},{"Length":3,"Height":1,"Demand":1,"DemandMax":null,"Value":3},{"Length":3,"Height":24,"Demand":1,"DemandMax":null,"Value":72},{"Length":14,"Height":13,"Demand":1,"DemandMax":null,"Value":182}]}