{"Name":"CLASS01_040_07","Objects":[{"Length":10,"Height":10,"Stock":null,"Cost":100}],"Items":[{"Length":1,"Height":3,"Demand":1,"DemandMax":null,"Value":3},{"Length":6,"Height":6,"Demand":2,"DemandMax":null,"Value":36},{"Length":4,"Height":10,"Demand":1,"DemandMax":null,"Value":40},{"Length":1,"Height":10,"Demand":2,"DemandMax":null,"Value":10},{"Length":2,"Height":9,"Demand":1,"DemandMax":null,"Value":18},{"Length":1,"Height":7,"Demand":2,"DemandMax":null,"Value":7},{"Length":7,"Height":7,"Demand":1,"DemandMax":null,"Value":49},{"Length":3,"Height":3,"Demand":1,"DemandMax":null,"Value":9},{"Length":4,"Height":5,"Demand":1,"DemandMax":null,"Value":20},{"Length":9,"Height":4,"Demand":1,"DemandMax":null,"Value":36},{"Length":9,"Height":7,"Demand":1,"DemandMax":null,"Value":63},{"Length":2,"Height":3,"Demand":1,"DemandMax":null,"Value":6},{"Length":6,"Height":2,"Demand":1,"DemandMax":null,"Value":12},{"Length":2,"Height":2,"Demand":1,"DemandMax":null,"Value":4},{"Length":6,"Height":1,"Demand":1,"DemandMax":null,"Value":6},{"Length":8,"Height":1,"Demand":2,"DemandMax":null,"Value":8},{"Length":9,"Height":8,"Demand":1,"DemandMax":null,"Value":72},{"Length":6,"Height":10,"Demand":2,"DemandMax":null,"Value":60},{"Length":3,"Height":4,"Demand":2,"DemandMax":null,"Value":12},{"Length":10,"Height":10,"Demand":2,"DemandMax":null,"Value":100},{"Length":2,"Height":1,"Demand":1,"DemandMax":null,"Value":2},{"Length":2,"Height":10,"Demand":1,"DemandMax":null,"Value":20},{"Length":9,"Height":1,"Demand":1,"DemandMax":null,"Value":9},{"Length":6,"Height":8,"Demand":1,"DemandMax":null,"Value":48},{"Length":4,"Height":2,"Demand":1,"DemandMax":null,"Value":8},{"Length":10,"Height":3,"Demand":2,"DemandMax":null,"Value":30},{"Length":5,"Height":4,"Demand":1,"DemandMax":null,"Value":20},{"Length":2,"Height":5,"Demand":1,"DemandMax":null,"Value":10},{"Length":8,"Height":5,"Demand":1,"DemandMax":null,"Value":40},{"Length":1,"Height":6,"Demand":1,"DemandMax":null,"Value":6},{"Length":3,"Height":9,"Demand":1,"DemandMax":null,"Value":27},{"Length":10,"Height":2,"Demand":1,"DemandMax":null,"Value":20}]}