{"Name":"CLASS03_080_07","Objects":[{"Length":40,"Height":40,"Stock":null,"Cost":1600}],"Items":[{"Length":21,"Height":30,"Demand":1,"DemandMax":null,"Value":630},{"Length":9,"Height":11,"Demand":1,"DemandMax":null,"Value":99},{"Length":30,"Height":16,"Demand":1,"DemandMax":null,"Value":480},{"Length":34,"Height":6,"Demand":1,"DemandMax":null,"Value":204},{"Length":17,"Height":23,"Demand":1,"DemandMax":null,"Value":391},{"Length":21,"Height":17,"Demand":1,"DemandMax":null,"Value":357},{"Length":31,"Height":19,"Demand":1,"DemandMax":null,"Value":589},{"Length":9,"Height":2,"Demand":1,"DemandMax":null,"Value":18},{"Length":31,"Height":20,"Demand":1,"DemandMax":null,"Value":620},{"Length":13,"Height":34,"Demand":1,"DemandMax":null,"Value":442},{"Length":20,"Height":17,"Demand":1,"DemandMax":null,"Value":340},{"Length":26,"Height":24,"Demand":1,"DemandMax":null,"Value":624},{"Length":14,"Height":16,"Demand":1,"DemandMax":null,"Value":224},{"Length":17,"Height":35,"Demand":1,"DemandMax":null,"Value":595},{"Length":5,"Height":31,"Demand":1,"DemandMax":null,"Value":155},{"Length":35,"Height":35,"Demand":1,"DemandMax":null,"Value":1225},{"Length":32,"Height":20,"Demand":1,"DemandMax":null,"Value":640},{"Length":4,"Height":5,"Demand":1,"DemandMax":null,"Value":20},{"Length":6,"Height":21,"Demand":1,"DemandMax":null,"Value":126},{"Length":33,"Height":7,"Demand":1,"DemandMax":null,"Value":231},{"Length":23,"Height":16,"Demand":1,"DemandMax":null,"Value":368},{"Length":31,"Height":10,"Demand":1,"DemandMax":null,"Value":310},{"Length":18,"Height":31,"Demand":1,"DemandMax":null,"Value":558},{"Length":26,"Height":29,"Demand":1,"DemandMax":null,"Value":754},{"Length":5,"Height":35,"Demand":1,"DemandMax":null,"Value":175},{"Length":22,"Height":22,"Demand":1,"DemandMax":null,"Value":484},{"Length":13,"Height":9,"Demand":1,"DemandMax":null,"Value":117},{"Length":34,"Height":27,"Demand":1,"DemandMax":null,"Value":918},{"Length":11,"Height":15,"Demand":1,"DemandMax":null,"Value":165},{"Length":21,"Height":26,"Demand":1,"DemandMax":null,"Value":546},{"Length":13,"Height":21,"Demand":1,"DemandMax":null,"Value":273},{"Length":19,"Height":10,"Demand":1,"DemandMax":null,"Value":190},{"Length":12,"Height":10,"Demand":1,"DemandMax":null,"Value":120},{"Length":11,"Height":18,"Demand":1,"DemandMax":null,"Value":198},{"Length":12,"Height":7,"Demand":1,"DemandMax":null,"Value":84},{"Length":23,"Height":31,"Demand":1,"DemandMax":null,"Value":713},{"Length":29,"Height":16,"Demand":1,"DemandMax":null,"Value":464},{"Length":25,"Height":6,"Demand":1,"DemandMax":null,"Value":150},{"Length":19,"Height":19,"Demand":1,"DemandMax":null,"Value":361},{"Length":31,"Height":17,"Demand":1,"DemandMax":null,"Value":527},{"Length":22,"Height":7,"Demand":1,"DemandMax":null,"Value":154},{"Length":34,"Height":9,"Demand":1,"DemandMax":null,"Value":306},{"Length":18,"Height":19,"Demand":1,"DemandMax":null,"Value":342},{"Length":4,"Height":10,"Demand":1,"DemandMax":null,"Value":40},{"Length":34,"Height":1,"Demand":1,"DemandMax":null,"Value":34},{"Length":24,"Height":24,"Demand":1,"DemandMax":null,"Value":576},{"Length":5,"Height":15,"Demand":1,"DemandMax":null,"Value":75},{"Length":19,"Height":30,"Demand":1,"DemandMax":null,"Value":570},{"Length":15,"Height":30,"Demand":1,"DemandMax":null,"Value":450},{"Length":26,"Height":23,"Demand":1,"DemandMax":null,"Value":598},{"Length":23,"Height":27,"Demand":1,"DemandMax":null,"Value":621},{"Length":26,"Height":4,"Demand":1,"DemandMax":null,"Value":104},{"Length":31,"Height":32,"Demand":1,"DemandMax":null,"Value":992},{"Length":11,"Height":25,"Demand":1,"DemandMax":null,"Value":275},{"Length":21,"Height":15,"Demand":1,"DemandMax":null,"Value":315},{"Length":21,"Height":8,"Demand":2,"DemandMax":null,"Value":168},{"Length":19,"Height":25,"Demand":1,"DemandMax":null,"Value":475},{"Length":35,"Height":27,"Demand":1,"DemandMax":null,"Value":945},{"Length":30,"Height":22,"Demand":1,"DemandMax":null,"Value":660},{"Length":12,"Height":28,"Demand":1,"DemandMax":null,"Value":336},{"Length":34,"Height":7,"Demand":1,"DemandMax":null,"Value":238},{"Length":24,"Height":2,"Demand":1,"DemandMax":null,"Value":48},{"Length":24,"Height":32,"Demand":1,"DemandMax":null,"Value":768},{"Length":18,"Height":24,"Demand":1,"DemandMax":null,"Value":432},{"Length":2,"Height":19,"Demand":1,"DemandMax":null,"Value":38},{"Length":20,"Height":4,"Demand":1,"DemandMax":null,"Value":80},{"Length":35,"Height":4,"Demand":1,"DemandMax":null,"Value":140},{"Length":1,"Height":12,"Demand":1,"DemandMax":null,"Value":12},{"Length":9,"Height":28,"Demand":1,"DemandMax":null,"Value":252},{"Length":18,"Height":26,"Demand":1,"DemandMax":null,"Value":468},{"Length":2,"Height":23,"Demand":1,"DemandMax":null,"Value":46},{"Length":16,"Height":16,"Demand":1,"DemandMax":null,"Value":256},{"Length":20,"Height":14,"Demand":1,"DemandMax":null,"Value":280},{"Length":22,"Height":35,"Demand":1,"DemandMax":null,"Value":770},{"Length":7,"Height":6,"Demand":1,"DemandMax":null,"Value":42},{"Length":6,"Height":5,"Demand":1,"DemandMax":null,"Value":30},{"Length":27,"Height":15,"Demand":1,"DemandMax":null,"Value":405},{"Length":19,"Height":33,"Demand":1,"DemandMax":null,"Value":627},{"Length":13,"Height":32,"Demand":1,"DemandMax":null,"Value":416}]}