{"Name":"CLASS06_020_06","Objects":[{"Length":300,"Height":300,"Stock":null,"Cost":90000}],"Items":[{"Length":14,"Height":69,"Demand":1,"DemandMax":null,"Value":966},{"Length":74,"Height":13,"Demand":1,"DemandMax":null,"Value":962},{"Length":23,"Height":86,"Demand":1,"DemandMax":null,"Value":1978},{"Length":84,"Height":42,"Demand":1,"DemandMax":null,"Value":3528},{"Length":12,"Height":72,"Demand":1,"DemandMax":null,"Value":864},{"Length":97,"Height":96,"Demand":1,"DemandMax":null,"Value":9312},{"Length":60,"Height":71,"Demand":1,"DemandMax":null,"Value":4260},{"Length":57,"Height":86,"Demand":1,"DemandMax":null,"Value":4902},{"Length":77,"Height":62,"Demand":1,"DemandMax":null,"Value":4774},{"Length":41,"Height":56,"Demand":1,"DemandMax":null,"Value":2296},{"Length":7,"Height":56,"Demand":1,"DemandMax":null,"Value":392},{"Length":62,"Height":84,"Demand":1,"DemandMax":null,"Value":5208},{"Length":29,"Height":97,"Demand":1,"DemandMax":null,"Value":2813},{"Length":63,"Height":82,"Demand":1,"DemandMax":null,"Value":5166},{"Length":53,"Height":62,"Demand":1,"DemandMax":null,"Value":3286},{"Length":22,"Height":93,"Demand":1,"DemandMax":null,"Value":2046},{"Length":25,"Height":64,"Demand":1,"DemandMax":null,"Value":1600},{"Length":50,"Height":96,"Demand":1,"DemandMax":null,"Value":4800},{"Length":21,"Height":45,"Demand":1,"DemandMax":null,"Value":945},{"Length":92,"Height":1,"Demand":1,"DemandMax":null,"Value":92}]}