{"Name":"CLASS05_060_08","Objects":[{"Length":100,"Height":100,"Stock":null,"Cost":10000}],"Items":[{"Length":27,"Height":92,"Demand":1,"DemandMax":null,"Value":2484},{"Length":71,"Height":90,"Demand":1,"DemandMax":null,"Value":6390},{"Length":65,"Height":44,"Demand":1,"DemandMax":null,"Value":2860},{"Length":99,"Height":76,"Demand":1,"DemandMax":null,"Value":7524},{"Length":95,"Height":42,"Demand":1,"DemandMax":null,"Value":3990},{"Length":7,"Height":31,"Demand":1,"DemandMax":null,"Value":217},{"Length":26,"Height":65,"Demand":1,"DemandMax":null,"Value":1690},{"Length":74,"Height":99,"Demand":1,"DemandMax":null,"Value":7326},{"Length":6,"Height":24,"Demand":1,"DemandMax":null,"Value":144},{"Length":10,"Height":60,"Demand":1,"DemandMax":null,"Value":600},{"Length":9,"Height":63,"Demand":1,"DemandMax":null,"Value":567},{"Length":59,"Height":23,"Demand":1,"DemandMax":null,"Value":1357},{"Length":49,"Height":60,"Demand":1,"DemandMax":null,"Value":2940},{"Length":1,"Height":32,"Demand":1,"DemandMax":null,"Value":32},{"Length":69,"Height":27,"Demand":1,"DemandMax":null,"Value":1863},{"Length":44,"Height":67,"Demand":1,"DemandMax":null,"Value":2948},{"Length":47,"Height":8,"Demand":1,"DemandMax":null,"Value":376},{"Length":35,"Height":38,"Demand":1,"DemandMax":null,"Value":1330},{"Length":95,"Height":79,"Demand":1,"DemandMax":null,"Value":7505},{"Length":50,"Height":89,"Demand":1,"DemandMax":null,"Value":4450},{"Length":56,"Height":54,"Demand":1,"DemandMax":null,"Value":3024},{"Length":2,"Height":98,"Demand":1,"DemandMax":null,"Value":196},{"Length":9,"Height":75,"Demand":1,"DemandMax":null,"Value":675},{"Length":34,"Height":76,"Demand":1,"DemandMax":null,"Value":2584},{"Length":64,"Height":22,"Demand":1,"DemandMax":null,"Value":1408},{"Length":23,"Height":68,"Demand":1,"DemandMax":null,"Value":1564},{"Length":67,"Height":4,"Demand":1,"DemandMax":null,"Value":268},{"Length":83,"Height":52,"Demand":1,"DemandMax":null,"Value":4316},{"Length":94,"Height":67,"Demand":1,"DemandMax":null,"Value":6298},{"Length":56,"Height":38,"Demand":1,"DemandMax":null,"Value":2128},{"Length":57,"Height":87,"Demand":1,"DemandMax":null,"Value":4959},{"Length":20,"Height":71,"Demand":1,"DemandMax":null,"Value":1420},{"Length":100,"Height":77,"Demand":1,"DemandMax":null,"Value":7700},{"Length":87,"Height":29,"Demand":1,"DemandMax":null,"Value":2523},{"Length":2,"Height":81,"Demand":1,"DemandMax":null,"Value":162},{"Length":1,"Height":23,"Demand":1,"DemandMax":null,"Value":23},{"Length":73,"Height":76,"Demand":1,"DemandMax":null,"Value":5548},{"Length":40,"Height":97,"Demand":1,"DemandMax":null,"Value":3880},{"Length":57,"Height":74,"Demand":1,"DemandMax":null,"Value":4218},{"Length":15,"Height":30,"Demand":1,"DemandMax":null,"Value":450},{"Length":33,"Height":19,"Demand":1,"DemandMax":null,"Value":627},{"Length":70,"Height":31,"Demand":1,"DemandMax":null,"Value":2170},{"Length":12,"Height":89,"Demand":1,"DemandMax":null,"Value":1068},{"Length":83,"Height":47,"Demand":1,"DemandMax":null,"Value":3901},{"Length":38,"Height":94,"Demand":1,"DemandMax":null,"Value":3572},{"Length":66,"Height":54,"Demand":1,"DemandMax":null,"Value":3564},{"Length":88,"Height":80,"Demand":1,"DemandMax":null,"Value":7040},{"Length":62,"Height":63,"Demand":1,"DemandMax":null,"Value":3906},{"Length":75,"Height":24,"Demand":1,"DemandMax":null,"Value":1800},{"Length":49,"Height":20,"Demand":1,"DemandMax":null,"Value":980},{"Length":42,"Height":38,"Demand":1,"DemandMax":null,"Value":1596},{"Length":40,"Height":1,"Demand":1,"DemandMax":null,"Value":40},{"Length":66,"Height":65,"Demand":1,"DemandMax":null,"Value":4290},{"Length":77,"Height":18,"Demand":1,"DemandMax":null,"Value":1386},{"Length":61,"Height":83,"Demand":1,"DemandMax":null,"Value":5063},{"Length":39,"Height":16,"Demand":1,"DemandMax":null,"Value":624},{"Length":69,"Height":5,"Demand":1,"DemandMax":null,"Value":345},{"Length":37,"Height":72,"Demand":1,"DemandMax":null,"Value":2664},{"Length":68,"Height":73,"Demand":1,"DemandMax":null,"Value":4964},{"Length":16,"Height":97,"Demand":1,"DemandMax":null,"Value":1552}]}