{"Name":"CLASS10_080_09","Objects":[{"Length":100,"Height":100,"Stock":null,"Cost":10000}],"Items":[{"Length":27,"Height":41,"Demand":1,"DemandMax":null,"Value":1107},{"Length":15,"Height":48,"Demand":2,"DemandMax":null,"Value":720},{"Length":59,"Height":54,"Demand":1,"DemandMax":null,"Value":3186},{"Length":31,"Height":7,"Demand":1,"DemandMax":null,"Value":217},{"Length":21,"Height":22,"Demand":1,"DemandMax":null,"Value":462},{"Length":49,"Height":44,"Demand":1,"DemandMax":null,"Value":2156},{"Length":10,"Height":41,"Demand":1,"DemandMax":null,"Value":410},{"Length":21,"Height":8,"Demand":1,"DemandMax":null,"Value":168},{"Length":26,"Height":14,"Demand":1,"DemandMax":null,"Value":364},{"Length":45,"Height":1,"Demand":1,"DemandMax":null,"Value":45},{"Length":80,"Height":39,"Demand":1,"DemandMax":null,"Value":3120},{"Length":22,"Height":22,"Demand":1,"DemandMax":null,"Value":484},{"Length":43,"Height":17,"Demand":1,"DemandMax":null,"Value":731},{"Length":52,"Height":69,"Demand":1,"DemandMax":null,"Value":3588},{"Length":44,"Height":49,"Demand":1,"DemandMax":null,"Value":2156},{"Length":36,"Height":46,"Demand":1,"DemandMax":null,"Value":1656},{"Length":22,"Height":33,"Demand":1,"DemandMax":null,"Value":726},{"Length":22,"Height":1,"Demand":1,"DemandMax":null,"Value":22},{"Length":28,"Height":20,"Demand":1,"DemandMax":null,"Value":560},{"Length":11,"Height":33,"Demand":1,"DemandMax":null,"Value":363},{"Length":13,"Height":10,"Demand":1,"DemandMax":null,"Value":130},{"Length":3,"Height":43,"Demand":1,"DemandMax":null,"Value":129},{"Length":25,"Height":3,"Demand":1,"DemandMax":null,"Value":75},{"Length":48,"Height":31,"Demand":1,"DemandMax":null,"Value":1488},{"Length":45,"Height":47,"Demand":1,"DemandMax":null,"Value":2115},{"Length":33,"Height":47,"Demand":1,"DemandMax":null,"Value":1551},{"Length":46,"Height":41,"Demand":1,"DemandMax":null,"Value":1886},{"Length":29,"Height":49,"Demand":1,"DemandMax":null,"Value":1421},{"Length":49,"Height":13,"Demand":1,"DemandMax":null,"Value":637},{"Length":2,"Height":67,"Demand":1,"DemandMax":null,"Value":134},{"Length":6,"Height":74,"Demand":1,"DemandMax":null,"Value":444},{"Length":53,"Height":60,"Demand":1,"DemandMax":null,"Value":3180},{"Length":15,"Height":40,"Demand":1,"DemandMax":null,"Value":600},{"Length":89,"Height":21,"Demand":1,"DemandMax":null,"Value":1869},{"Length":28,"Height":46,"Demand":1,"DemandMax":null,"Value":1288},{"Length":41,"Height":34,"Demand":1,"DemandMax":null,"Value":1394},{"Length":43,"Height":30,"Demand":1,"DemandMax":null,"Value":1290},{"Length":27,"Height":100,"Demand":1,"DemandMax":null,"Value":2700},{"Length":11,"Height":41,"Demand":1,"DemandMax":null,"Value":451},{"Length":40,"Height":20,"Demand":1,"DemandMax":null,"Value":800},{"Length":32,"Height":30,"Demand":1,"DemandMax":null,"Value":960},{"Length":31,"Height":42,"Demand":1,"DemandMax":null,"Value":1302},{"Length":69,"Height":48,"Demand":1,"DemandMax":null,"Value":3312},{"Length":50,"Height":77,"Demand":1,"DemandMax":null,"Value":3850},{"Length":83,"Height":93,"Demand":1,"DemandMax":null,"Value":7719},{"Length":48,"Height":96,"Demand":1,"DemandMax":null,"Value":4608},{"Length":13,"Height":16,"Demand":1,"DemandMax":null,"Value":208},{"Length":23,"Height":25,"Demand":1,"DemandMax":null,"Value":575},{"Length":46,"Height":17,"Demand":1,"DemandMax":null,"Value":782},{"Length":83,"Height":9,"Demand":1,"DemandMax":null,"Value":747},{"Length":31,"Height":97,"Demand":1,"DemandMax":null,"Value":3007},{"Length":6,"Height":46,"Demand":1,"DemandMax":null,"Value":276},{"Length":20,"Height":3,"Demand":1,"DemandMax":null,"Value":60},{"Length":15,"Height":90,"Demand":1,"DemandMax":null,"Value":1350},{"Length":73,"Height":37,"Demand":1,"DemandMax":null,"Value":2701},{"Length":66,"Height":28,"Demand":1,"DemandMax":null,"Value":1848},{"Length":6,"Height":50,"Demand":1,"DemandMax":null,"Value":300},{"Length":16,"Height":23,"Demand":1,"DemandMax":null,"Value":368},{"Length":3,"Height":94,"Demand":1,"DemandMax":null,"Value":282},{"Length":9,"Height":21,"Demand":1,"DemandMax":null,"Value":189},{"Length":3,"Height":9,"Demand":1,"DemandMax":null,"Value":27},{"Length":86,"Height":22,"Demand":1,"DemandMax":null,"Value":1892},{"Length":6,"Height":5,"Demand":1,"DemandMax":null,"Value":30},{"Length":28,"Height":84,"Demand":1,"DemandMax":null,"Value":2352},{"Length":62,"Height":79,"Demand":1,"DemandMax":null,"Value":4898},{"Length":4,"Height":34,"Demand":1,"DemandMax":null,"Value":136},{"Length":80,"Height":32,"Demand":1,"DemandMax":null,"Value":2560},{"Length":71,"Height":44,"Demand":1,"DemandMax":null,"Value":3124},{"Length":33,"Height":12,"Demand":1,"DemandMax":null,"Value":396},{"Length":40,"Height":6,"Demand":1,"DemandMax":null,"Value":240},{"Length":48,"Height":20,"Demand":1,"DemandMax":null,"Value":960},{"Length":50,"Height":81,"Demand":1,"DemandMax":null,"Value":4050},{"Length":16,"Height":6,"Demand":1,"DemandMax":null,"Value":96},{"Length":92,"Height":41,"Demand":1,"DemandMax":null,"Value":3772},{"Length":37,"Height":20,"Demand":1,"DemandMax":null,"Value":740},{"Length":4,"Height":13,"Demand":1,"DemandMax":null,"Value":52},{"Length":10,"Height":74,"Demand":1,"DemandMax":null,"Value":740},{"Length":48,"Height":37,"Demand":1,"DemandMax":null,"Value":1776},{"Length":86,"Height":81,"Demand":1,"DemandMax":null,"Value":6966}]}