{"Name":"CLASS10_080_03","Objects":[{"Length":100,"Height":100,"Stock":null,"Cost":10000}],"Items":[{"Length":1,"Height":13,"Demand":1,"DemandMax":null,"Value":13},{"Length":24,"Height":33,"Demand":1,"DemandMax":null,"Value":792},{"Length":16,"Height":16,"Demand":1,"DemandMax":null,"Value":256},{"Length":98,"Height":7,"Demand":1,"DemandMax":null,"Value":686},{"Length":9,"Height":23,"Demand":1,"DemandMax":null,"Value":207},{"Length":22,"Height":9,"Demand":1,"DemandMax":null,"Value":198},{"Length":29,"Height":33,"Demand":1,"DemandMax":null,"Value":957},{"Length":100,"Height":39,"Demand":1,"DemandMax":null,"Value":3900},{"Length":85,"Height":45,"Demand":1,"DemandMax":null,"Value":3825},{"Length":31,"Height":47,"Demand":1,"DemandMax":null,"Value":1457},{"Length":68,"Height":11,"Demand":1,"DemandMax":null,"Value":748},{"Length":16,"Height":32,"Demand":1,"DemandMax":null,"Value":512},{"Length":9,"Height":29,"Demand":1,"DemandMax":null,"Value":261},{"Length":67,"Height":46,"Demand":1,"DemandMax":null,"Value":3082},{"Length":41,"Height":1,"Demand":1,"DemandMax":null,"Value":41},{"Length":43,"Height":38,"Demand":1,"DemandMax":null,"Value":1634},{"Length":1,"Height":25,"Demand":1,"DemandMax":null,"Value":25},{"Length":35,"Height":7,"Demand":1,"DemandMax":null,"Value":245},{"Length":39,"Height":2,"Demand":1,"DemandMax":null,"Value":78},{"Length":31,"Height":4,"Demand":1,"DemandMax":null,"Value":124},{"Length":5,"Height":32,"Demand":1,"DemandMax":null,"Value":160},{"Length":30,"Height":30,"Demand":1,"DemandMax":null,"Value":900},{"Length":49,"Height":15,"Demand":1,"DemandMax":null,"Value":735},{"Length":32,"Height":33,"Demand":1,"DemandMax":null,"Value":1056},{"Length":21,"Height":1,"Demand":1,"DemandMax":null,"Value":21},{"Length":36,"Height":14,"Demand":1,"DemandMax":null,"Value":504},{"Length":21,"Height":93,"Demand":1,"DemandMax":null,"Value":1953},{"Length":44,"Height":23,"Demand":1,"DemandMax":null,"Value":1012},{"Length":98,"Height":81,"Demand":1,"DemandMax":null,"Value":7938},{"Length":4,"Height":10,"Demand":1,"DemandMax":null,"Value":40},{"Length":4,"Height":27,"Demand":1,"DemandMax":null,"Value":108},{"Length":67,"Height":74,"Demand":1,"DemandMax":null,"Value":4958},{"Length":37,"Height":24,"Demand":1,"DemandMax":null,"Value":888},{"Length":33,"Height":18,"Demand":1,"DemandMax":null,"Value":594},{"Length":49,"Height":25,"Demand":1,"DemandMax":null,"Value":1225},{"Length":3,"Height":38,"Demand":1,"DemandMax":null,"Value":114},{"Length":38,"Height":28,"Demand":1,"DemandMax":null,"Value":1064},{"Length":74,"Height":87,"Demand":1,"DemandMax":null,"Value":6438},{"Length":5,"Height":34,"Demand":1,"DemandMax":null,"Value":170},{"Length":50,"Height":14,"Demand":1,"DemandMax":null,"Value":700},{"Length":1,"Height":96,"Demand":1,"DemandMax":null,"Value":96},{"Length":27,"Height":18,"Demand":1,"DemandMax":null,"Value":486},{"Length":82,"Height":6,"Demand":1,"DemandMax":null,"Value":492},{"Length":8,"Height":1,"Demand":1,"DemandMax":null,"Value":8},{"Length":25,"Height":21,"Demand":1,"DemandMax":null,"Value":525},{"Length":42,"Height":11,"Demand":1,"DemandMax":null,"Value":462},{"Length":4,"Height":39,"Demand":1,"DemandMax":null,"Value":156},{"Length":78,"Height":99,"Demand":1,"DemandMax":null,"Value":7722},{"Length":60,"Height":59,"Demand":1,"DemandMax":null,"Value":3540},{"Length":78,"Height":15,"Demand":1,"DemandMax":null,"Value":1170},{"Length":45,"Height":34,"Demand":1,"DemandMax":null,"Value":1530},{"Length":11,"Height":9,"Demand":1,"DemandMax":null,"Value":99},{"Length":8,"Height":73,"Demand":1,"DemandMax":null,"Value":584},{"Length":6,"Height":31,"Demand":1,"DemandMax":null,"Value":186},{"Length":48,"Height":40,"Demand":1,"DemandMax":null,"Value":1920},{"Length":4,"Height":31,"Demand":1,"DemandMax":null,"Value":124},{"Length":17,"Height":23,"Demand":1,"DemandMax":null,"Value":391},{"Length":5,"Height":9,"Demand":1,"DemandMax":null,"Value":45},{"Length":13,"Height":8,"Demand":1,"DemandMax":null,"Value":104},{"Length":10,"Height":15,"Demand":1,"DemandMax":null,"Value":150},{"Length":38,"Height":47,"Demand":1,"DemandMax":null,"Value":1786},{"Length":17,"Height":48,"Demand":1,"DemandMax":null,"Value":816},{"Length":90,"Height":88,"Demand":1,"DemandMax":null,"Value":7920},{"Length":84,"Height":10,"Demand":1,"DemandMax":null,"Value":840},{"Length":20,"Height":32,"Demand":1,"DemandMax":null,"Value":640},{"Length":39,"Height":49,"Demand":1,"DemandMax":null,"Value":1911},{"Length":28,"Height":30,"Demand":1,"DemandMax":null,"Value":840},{"Length":5,"Height":17,"Demand":1,"DemandMax":null,"Value":85},{"Length":14,"Height":86,"Demand":1,"DemandMax":null,"Value":1204},{"Length":24,"Height":12,"Demand":1,"DemandMax":null,"Value":288},{"Length":28,"Height":33,"Demand":1,"DemandMax":null,"Value":924},{"Length":46,"Height":35,"Demand":1,"DemandMax":null,"Value":1610},{"Length":69,"Height":88,"Demand":1,"DemandMax":null,"Value":6072},{"Length":20,"Height":36,"Demand":1,"DemandMax":null,"Value":720},{"Length":40,"Height":98,"Demand":1,"DemandMax":null,"Value":3920},{"Length":48,"Height":15,"Demand":1,"DemandMax":null,"Value":720},{"Length":37,"Height":9,"Demand":1,"DemandMax":null,"Value":333},{"Length":28,"Height":22,"Demand":1,"DemandMax":null,"Value":616},{"Length":13,"Height":24,"Demand":1,"DemandMax":null,"Value":312},{"Length":11,"Height":7,"Demand":1,"DemandMax":null,"Value":77}]}