{"Name":"CLASS07_040_06","Objects":[{"Length":100,"Height":100,"Stock":null,"Cost":10000}],"Items":[{"Length":66,"Height":13,"Demand":1,"DemandMax":null,"Value":858},{"Length":82,"Height":33,"Demand":1,"DemandMax":null,"Value":2706},{"Length":76,"Height":16,"Demand":1,"DemandMax":null,"Value":1216},{"Length":98,"Height":7,"Demand":1,"DemandMax":null,"Value":686},{"Length":71,"Height":23,"Demand":1,"DemandMax":null,"Value":1633},{"Length":80,"Height":9,"Demand":1,"DemandMax":null,"Value":720},{"Length":86,"Height":33,"Demand":1,"DemandMax":null,"Value":2838},{"Length":100,"Height":39,"Demand":1,"DemandMax":null,"Value":3900},{"Length":85,"Height":45,"Demand":1,"DemandMax":null,"Value":3825},{"Length":31,"Height":98,"Demand":1,"DemandMax":null,"Value":3038},{"Length":68,"Height":11,"Demand":1,"DemandMax":null,"Value":748},{"Length":76,"Height":32,"Demand":1,"DemandMax":null,"Value":2432},{"Length":71,"Height":29,"Demand":1,"DemandMax":null,"Value":2059},{"Length":67,"Height":46,"Demand":1,"DemandMax":null,"Value":3082},{"Length":41,"Height":66,"Demand":1,"DemandMax":null,"Value":2706},{"Length":92,"Height":87,"Demand":1,"DemandMax":null,"Value":8004},{"Length":66,"Height":25,"Demand":1,"DemandMax":null,"Value":1650},{"Length":35,"Height":70,"Demand":1,"DemandMax":null,"Value":2450},{"Length":93,"Height":2,"Demand":1,"DemandMax":null,"Value":186},{"Length":87,"Height":4,"Demand":1,"DemandMax":null,"Value":348},{"Length":69,"Height":32,"Demand":1,"DemandMax":null,"Value":2208},{"Length":86,"Height":30,"Demand":1,"DemandMax":null,"Value":2580},{"Length":99,"Height":65,"Demand":1,"DemandMax":null,"Value":6435},{"Length":87,"Height":33,"Demand":1,"DemandMax":null,"Value":2871},{"Length":21,"Height":66,"Demand":1,"DemandMax":null,"Value":1386},{"Length":90,"Height":14,"Demand":1,"DemandMax":null,"Value":1260},{"Length":80,"Height":40,"Demand":1,"DemandMax":null,"Value":3200},{"Length":44,"Height":81,"Demand":1,"DemandMax":null,"Value":3564},{"Length":99,"Height":32,"Demand":1,"DemandMax":null,"Value":3168},{"Length":4,"Height":10,"Demand":1,"DemandMax":null,"Value":40},{"Length":53,"Height":76,"Demand":1,"DemandMax":null,"Value":4028},{"Length":77,"Height":25,"Demand":1,"DemandMax":null,"Value":1925},{"Length":37,"Height":24,"Demand":1,"DemandMax":null,"Value":888},{"Length":89,"Height":18,"Demand":1,"DemandMax":null,"Value":1602},{"Length":99,"Height":25,"Demand":1,"DemandMax":null,"Value":2475},{"Length":52,"Height":88,"Demand":1,"DemandMax":null,"Value":4576},{"Length":38,"Height":28,"Demand":1,"DemandMax":null,"Value":1064},{"Length":82,"Height":37,"Demand":1,"DemandMax":null,"Value":3034},{"Length":5,"Height":89,"Demand":1,"DemandMax":null,"Value":445},{"Length":50,"Height":75,"Demand":1,"DemandMax":null,"Value":3750}]}