{"Name":"CLASS09_020_01","Objects":[{"Length":100,"Height":100,"Stock":null,"Cost":10000}],"Items":[{"Length":56,"Height":75,"Demand":1,"DemandMax":null,"Value":4200},{"Length":97,"Height":77,"Demand":1,"DemandMax":null,"Value":7469},{"Length":62,"Height":73,"Demand":1,"DemandMax":null,"Value":4526},{"Length":98,"Height":84,"Demand":1,"DemandMax":null,"Value":8232},{"Length":71,"Height":50,"Demand":1,"DemandMax":null,"Value":3550},{"Length":76,"Height":93,"Demand":1,"DemandMax":null,"Value":7068},{"Length":83,"Height":55,"Demand":2,"DemandMax":null,"Value":4565},{"Length":97,"Height":88,"Demand":1,"DemandMax":null,"Value":8536},{"Length":67,"Height":71,"Demand":1,"DemandMax":null,"Value":4757},{"Length":64,"Height":99,"Demand":1,"DemandMax":null,"Value":6336},{"Length":80,"Height":89,"Demand":1,"DemandMax":null,"Value":7120},{"Length":85,"Height":87,"Demand":1,"DemandMax":null,"Value":7395},{"Length":70,"Height":60,"Demand":1,"DemandMax":null,"Value":4200},{"Length":57,"Height":53,"Demand":1,"DemandMax":null,"Value":3021},{"Length":89,"Height":85,"Demand":1,"DemandMax":null,"Value":7565},{"Length":84,"Height":98,"Demand":1,"DemandMax":null,"Value":8232},{"Length":85,"Height":61,"Demand":1,"DemandMax":null,"Value":5185},{"Length":62,"Height":70,"Demand":1,"DemandMax":null,"Value":4340},{"Length":10,"Height":42,"Demand":1,"DemandMax":null,"Value":420}]}