{"Name":"CLASS10_100_01","Objects":[{"Length":100,"Height":100,"Stock":null,"Cost":10000}],"Items":[{"Length":46,"Height":48,"Demand":1,"DemandMax":null,"Value":2208},{"Length":8,"Height":78,"Demand":1,"DemandMax":null,"Value":624},{"Length":9,"Height":46,"Demand":1,"DemandMax":null,"Value":414},{"Length":41,"Height":49,"Demand":1,"DemandMax":null,"Value":2009},{"Length":25,"Height":22,"Demand":1,"DemandMax":null,"Value":550},{"Length":3,"Height":33,"Demand":1,"DemandMax":null,"Value":99},{"Length":93,"Height":75,"Demand":1,"DemandMax":null,"Value":6975},{"Length":91,"Height":68,"Demand":1,"DemandMax":null,"Value":6188},{"Length":15,"Height":7,"Demand":1,"DemandMax":null,"Value":105},{"Length":9,"Height":8,"Demand":1,"DemandMax":null,"Value":72},{"Length":40,"Height":17,"Demand":2,"DemandMax":null,"Value":680},{"Length":4,"Height":66,"Demand":1,"DemandMax":null,"Value":264},{"Length":18,"Height":4,"Demand":1,"DemandMax":null,"Value":72},{"Length":26,"Height":46,"Demand":1,"DemandMax":null,"Value":1196},{"Length":48,"Height":20,"Demand":1,"DemandMax":null,"Value":960},{"Length":77,"Height":94,"Demand":1,"DemandMax":null,"Value":7238},{"Length":32,"Height":13,"Demand":1,"DemandMax":null,"Value":416},{"Length":6,"Height":45,"Demand":1,"DemandMax":null,"Value":270},{"Length":18,"Height":34,"Demand":1,"DemandMax":null,"Value":612},{"Length":12,"Height":49,"Demand":1,"DemandMax":null,"Value":588},{"Length":7,"Height":34,"Demand":1,"DemandMax":null,"Value":238},{"Length":98,"Height":6,"Demand":1,"DemandMax":null,"Value":588},{"Length":49,"Height":11,"Demand":1,"DemandMax":null,"Value":539},{"Length":9,"Height":76,"Demand":1,"DemandMax":null,"Value":684},{"Length":96,"Height":16,"Demand":1,"DemandMax":null,"Value":1536},{"Length":49,"Height":29,"Demand":1,"DemandMax":null,"Value":1421},{"Length":43,"Height":49,"Demand":1,"DemandMax":null,"Value":2107},{"Length":18,"Height":44,"Demand":1,"DemandMax":null,"Value":792},{"Length":43,"Height":10,"Demand":1,"DemandMax":null,"Value":430},{"Length":14,"Height":13,"Demand":1,"DemandMax":null,"Value":182},{"Length":98,"Height":48,"Demand":1,"DemandMax":null,"Value":4704},{"Length":38,"Height":34,"Demand":1,"DemandMax":null,"Value":1292},{"Length":4,"Height":15,"Demand":1,"DemandMax":null,"Value":60},{"Length":40,"Height":9,"Demand":1,"DemandMax":null,"Value":360},{"Length":75,"Height":10,"Demand":1,"DemandMax":null,"Value":750},{"Length":20,"Height":90,"Demand":1,"DemandMax":null,"Value":1800},{"Length":26,"Height":32,"Demand":1,"DemandMax":null,"Value":832},{"Length":27,"Height":77,"Demand":1,"DemandMax":null,"Value":2079},{"Length":92,"Height":82,"Demand":1,"DemandMax":null,"Value":7544},{"Length":13,"Height":49,"Demand":1,"DemandMax":null,"Value":637},{"Length":10,"Height":11,"Demand":1,"DemandMax":null,"Value":110},{"Length":27,"Height":36,"Demand":1,"DemandMax":null,"Value":972},{"Length":32,"Height":17,"Demand":1,"DemandMax":null,"Value":544},{"Length":18,"Height":25,"Demand":1,"DemandMax":null,"Value":450},{"Length":6,"Height":1,"Demand":1,"DemandMax":null,"Value":6},{"Length":38,"Height":16,"Demand":1,"DemandMax":null,"Value":608},{"Length":33,"Height":13,"Demand":1,"DemandMax":null,"Value":429},{"Length":35,"Height":11,"Demand":1,"DemandMax":null,"Value":385},{"Length":62,"Height":53,"Demand":1,"DemandMax":null,"Value":3286},{"Length":11,"Height":9,"Demand":1,"DemandMax":null,"Value":99},{"Length":96,"Height":71,"Demand":1,"DemandMax":null,"Value":6816},{"Length":14,"Height":10,"Demand":1,"DemandMax":null,"Value":140},{"Length":82,"Height":67,"Demand":1,"DemandMax":null,"Value":5494},{"Length":97,"Height":13,"Demand":1,"DemandMax":null,"Value":1261},{"Length":21,"Height":41,"Demand":1,"DemandMax":null,"Value":861},{"Length":68,"Height":20,"Demand":1,"DemandMax":null,"Value":1360},{"Length":13,"Height":43,"Demand":1,"DemandMax":null,"Value":559},{"Length":41,"Height":29,"Demand":1,"DemandMax":null,"Value":1189},{"Length":7,"Height":22,"Demand":1,"DemandMax":null,"Value":154},{"Length":6,"Height":41,"Demand":1,"DemandMax":null,"Value":246},{"Length":5,"Height":30,"Demand":1,"DemandMax":null,"Value":150},{"Length":49,"Height":7,"Demand":1,"DemandMax":null,"Value":343},{"Length":55,"Height":65,"Demand":1,"DemandMax":null,"Value":3575},{"Length":19,"Height":25,"Demand":1,"DemandMax":null,"Value":475},{"Length":9,"Height":29,"Demand":1,"DemandMax":null,"Value":261},{"Length":18,"Height":46,"Demand":1,"DemandMax":null,"Value":828},{"Length":76,"Height":20,"Demand":1,"DemandMax":null,"Value":1520},{"Length":45,"Height":20,"Demand":2,"DemandMax":null,"Value":900},{"Length":25,"Height":39,"Demand":1,"DemandMax":null,"Value":975},{"Length":49,"Height":47,"Demand":1,"DemandMax":null,"Value":2303},{"Length":37,"Height":91,"Demand":1,"DemandMax":null,"Value":3367},{"Length":87,"Height":27,"Demand":1,"DemandMax":null,"Value":2349},{"Length":2,"Height":11,"Demand":1,"DemandMax":null,"Value":22},{"Length":42,"Height":72,"Demand":1,"DemandMax":null,"Value":3024},{"Length":20,"Height":14,"Demand":1,"DemandMax":null,"Value":280},{"Length":30,"Height":45,"Demand":1,"DemandMax":null,"Value":1350},{"Length":41,"Height":97,"Demand":1,"DemandMax":null,"Value":3977},{"Length":46,"Height":34,"Demand":1,"DemandMax":null,"Value":1564},{"Length":15,"Height":4,"Demand":1,"DemandMax":null,"Value":60},{"Length":40,"Height":25,"Demand":1,"DemandMax":null,"Value":1000},{"Length":41,"Height":41,"Demand":1,"DemandMax":null,"Value":1681},{"Length":12,"Height":19,"Demand":1,"DemandMax":null,"Value":228},{"Length":21,"Height":5,"Demand":1,"DemandMax":null,"Value":105},{"Length":12,"Height":17,"Demand":1,"DemandMax":null,"Value":204},{"Length":4,"Height":48,"Demand":1,"DemandMax":null,"Value":192},{"Length":39,"Height":18,"Demand":1,"DemandMax":null,"Value":702},{"Length":28,"Height":17,"Demand":1,"DemandMax":null,"Value":476},{"Length":29,"Height":26,"Demand":1,"DemandMax":null,"Value":754},{"Length":19,"Height":43,"Demand":1,"DemandMax":null,"Value":817},{"Length":41,"Height":35,"Demand":1,"DemandMax":null,"Value":1435},{"Length":13,"Height":98,"Demand":1,"DemandMax":null,"Value":1274},{"Length":86,"Height":47,"Demand":1,"DemandMax":null,"Value":4042},{"Length":10,"Height":29,"Demand":1,"DemandMax":null,"Value":290},{"Length":48,"Height":73,"Demand":1,"DemandMax":null,"Value":3504},{"Length":10,"Height":39,"Demand":1,"DemandMax":null,"Value":390},{"Length":43,"Height":30,"Demand":1,"DemandMax":null,"Value":1290},{"Length":75,"Height":27,"Demand":1,"DemandMax":null,"Value":2025},{"Length":16,"Height":100,"Demand":1,"DemandMax":null,"Value":1600}]}