{"Name":"CLASS10_060_06","Objects":[{"Length":100,"Height":100,"Stock":null,"Cost":10000}],"Items":[{"Length":71,"Height":22,"Demand":1,"DemandMax":null,"Value":1562},{"Length":12,"Height":29,"Demand":1,"DemandMax":null,"Value":348},{"Length":65,"Height":55,"Demand":1,"DemandMax":null,"Value":3575},{"Length":75,"Height":21,"Demand":1,"DemandMax":null,"Value":1575},{"Length":26,"Height":17,"Demand":1,"DemandMax":null,"Value":442},{"Length":44,"Height":76,"Demand":1,"DemandMax":null,"Value":3344},{"Length":39,"Height":7,"Demand":1,"DemandMax":null,"Value":273},{"Length":2,"Height":12,"Demand":1,"DemandMax":null,"Value":24},{"Length":4,"Height":24,"Demand":1,"DemandMax":null,"Value":96},{"Length":38,"Height":12,"Demand":1,"DemandMax":null,"Value":456},{"Length":73,"Height":69,"Demand":1,"DemandMax":null,"Value":5037},{"Length":2,"Height":15,"Demand":1,"DemandMax":null,"Value":30},{"Length":45,"Height":43,"Demand":1,"DemandMax":null,"Value":1935},{"Length":96,"Height":21,"Demand":1,"DemandMax":null,"Value":2016},{"Length":19,"Height":96,"Demand":1,"DemandMax":null,"Value":1824},{"Length":14,"Height":30,"Demand":1,"DemandMax":null,"Value":420},{"Length":47,"Height":23,"Demand":1,"DemandMax":null,"Value":1081},{"Length":12,"Height":42,"Demand":1,"DemandMax":null,"Value":504},{"Length":77,"Height":80,"Demand":1,"DemandMax":null,"Value":6160},{"Length":37,"Height":6,"Demand":1,"DemandMax":null,"Value":222},{"Length":10,"Height":15,"Demand":1,"DemandMax":null,"Value":150},{"Length":41,"Height":24,"Demand":1,"DemandMax":null,"Value":984},{"Length":47,"Height":28,"Demand":1,"DemandMax":null,"Value":1316},{"Length":81,"Height":45,"Demand":1,"DemandMax":null,"Value":3645},{"Length":36,"Height":18,"Demand":1,"DemandMax":null,"Value":648},{"Length":31,"Height":18,"Demand":1,"DemandMax":null,"Value":558},{"Length":77,"Height":87,"Demand":1,"DemandMax":null,"Value":6699},{"Length":19,"Height":44,"Demand":1,"DemandMax":null,"Value":836},{"Length":23,"Height":89,"Demand":1,"DemandMax":null,"Value":2047},{"Length":34,"Height":24,"Demand":1,"DemandMax":null,"Value":816},{"Length":80,"Height":8,"Demand":1,"DemandMax":null,"Value":640},{"Length":84,"Height":6,"Demand":1,"DemandMax":null,"Value":504},{"Length":80,"Height":10,"Demand":1,"DemandMax":null,"Value":800},{"Length":48,"Height":41,"Demand":1,"DemandMax":null,"Value":1968},{"Length":83,"Height":41,"Demand":1,"DemandMax":null,"Value":3403},{"Length":47,"Height":29,"Demand":1,"DemandMax":null,"Value":1363},{"Length":81,"Height":99,"Demand":1,"DemandMax":null,"Value":8019},{"Length":24,"Height":20,"Demand":1,"DemandMax":null,"Value":480},{"Length":41,"Height":35,"Demand":1,"DemandMax":null,"Value":1435},{"Length":28,"Height":14,"Demand":1,"DemandMax":null,"Value":392},{"Length":4,"Height":49,"Demand":1,"DemandMax":null,"Value":196},{"Length":11,"Height":72,"Demand":1,"DemandMax":null,"Value":792},{"Length":19,"Height":41,"Demand":1,"DemandMax":null,"Value":779},{"Length":22,"Height":10,"Demand":1,"DemandMax":null,"Value":220},{"Length":87,"Height":60,"Demand":1,"DemandMax":null,"Value":5220},{"Length":72,"Height":13,"Demand":1,"DemandMax":null,"Value":936},{"Length":9,"Height":9,"Demand":1,"DemandMax":null,"Value":81},{"Length":27,"Height":18,"Demand":1,"DemandMax":null,"Value":486},{"Length":33,"Height":89,"Demand":1,"DemandMax":null,"Value":2937},{"Length":70,"Height":76,"Demand":1,"DemandMax":null,"Value":5320},{"Length":10,"Height":38,"Demand":1,"DemandMax":null,"Value":380},{"Length":43,"Height":92,"Demand":1,"DemandMax":null,"Value":3956},{"Length":90,"Height":69,"Demand":1,"DemandMax":null,"Value":6210},{"Length":43,"Height":2,"Demand":1,"DemandMax":null,"Value":86},{"Length":23,"Height":29,"Demand":1,"DemandMax":null,"Value":667},{"Length":21,"Height":19,"Demand":1,"DemandMax":null,"Value":399},{"Length":8,"Height":17,"Demand":1,"DemandMax":null,"Value":136},{"Length":77,"Height":89,"Demand":1,"DemandMax":null,"Value":6853},{"Length":97,"Height":82,"Demand":1,"DemandMax":null,"Value":7954},{"Length":11,"Height":13,"Demand":1,"DemandMax":null,"Value":143}]}