{"Name":"CLASS10_060_07","Objects":[{"Length":100,"Height":100,"Stock":null,"Cost":10000}],"Items":[{"Length":11,"Height":21,"Demand":1,"DemandMax":null,"Value":231},{"Length":23,"Height":20,"Demand":1,"DemandMax":null,"Value":460},{"Length":35,"Height":39,"Demand":1,"DemandMax":null,"Value":1365},{"Length":92,"Height":96,"Demand":1,"DemandMax":null,"Value":8832},{"Length":13,"Height":90,"Demand":1,"DemandMax":null,"Value":1170},{"Length":41,"Height":25,"Demand":1,"DemandMax":null,"Value":1025},{"Length":44,"Height":9,"Demand":1,"DemandMax":null,"Value":396},{"Length":77,"Height":6,"Demand":1,"DemandMax":null,"Value":462},{"Length":27,"Height":11,"Demand":1,"DemandMax":null,"Value":297},{"Length":70,"Height":91,"Demand":1,"DemandMax":null,"Value":6370},{"Length":75,"Height":41,"Demand":1,"DemandMax":null,"Value":3075},{"Length":66,"Height":28,"Demand":1,"DemandMax":null,"Value":1848},{"Length":3,"Height":48,"Demand":1,"DemandMax":null,"Value":144},{"Length":11,"Height":19,"Demand":1,"DemandMax":null,"Value":209},{"Length":97,"Height":34,"Demand":1,"DemandMax":null,"Value":3298},{"Length":99,"Height":61,"Demand":1,"DemandMax":null,"Value":6039},{"Length":41,"Height":47,"Demand":1,"DemandMax":null,"Value":1927},{"Length":14,"Height":8,"Demand":1,"DemandMax":null,"Value":112},{"Length":39,"Height":92,"Demand":1,"DemandMax":null,"Value":3588},{"Length":8,"Height":7,"Demand":1,"DemandMax":null,"Value":56},{"Length":40,"Height":8,"Demand":1,"DemandMax":null,"Value":320},{"Length":29,"Height":9,"Demand":1,"DemandMax":null,"Value":261},{"Length":44,"Height":5,"Demand":1,"DemandMax":null,"Value":220},{"Length":28,"Height":14,"Demand":1,"DemandMax":null,"Value":392},{"Length":1,"Height":31,"Demand":1,"DemandMax":null,"Value":31},{"Length":5,"Height":81,"Demand":1,"DemandMax":null,"Value":405},{"Length":60,"Height":83,"Demand":1,"DemandMax":null,"Value":4980},{"Length":10,"Height":33,"Demand":1,"DemandMax":null,"Value":330},{"Length":23,"Height":75,"Demand":1,"DemandMax":null,"Value":1725},{"Length":93,"Height":97,"Demand":1,"DemandMax":null,"Value":9021},{"Length":92,"Height":24,"Demand":1,"DemandMax":null,"Value":2208},{"Length":4,"Height":13,"Demand":1,"DemandMax":null,"Value":52},{"Length":70,"Height":10,"Demand":1,"DemandMax":null,"Value":700},{"Length":43,"Height":33,"Demand":1,"DemandMax":null,"Value":1419},{"Length":29,"Height":83,"Demand":1,"DemandMax":null,"Value":2407},{"Length":10,"Height":5,"Demand":1,"DemandMax":null,"Value":50},{"Length":53,"Height":67,"Demand":1,"DemandMax":null,"Value":3551},{"Length":68,"Height":31,"Demand":1,"DemandMax":null,"Value":2108},{"Length":31,"Height":38,"Demand":1,"DemandMax":null,"Value":1178},{"Length":27,"Height":9,"Demand":1,"DemandMax":null,"Value":243},{"Length":11,"Height":37,"Demand":1,"DemandMax":null,"Value":407},{"Length":27,"Height":40,"Demand":1,"DemandMax":null,"Value":1080},{"Length":96,"Height":13,"Demand":1,"DemandMax":null,"Value":1248},{"Length":6,"Height":24,"Demand":1,"DemandMax":null,"Value":144},{"Length":30,"Height":18,"Demand":1,"DemandMax":null,"Value":540},{"Length":12,"Height":11,"Demand":1,"DemandMax":null,"Value":132},{"Length":19,"Height":50,"Demand":1,"DemandMax":null,"Value":950},{"Length":46,"Height":1,"Demand":1,"DemandMax":null,"Value":46},{"Length":11,"Height":10,"Demand":1,"DemandMax":null,"Value":110},{"Length":8,"Height":44,"Demand":1,"DemandMax":null,"Value":352},{"Length":6,"Height":48,"Demand":1,"DemandMax":null,"Value":288},{"Length":48,"Height":40,"Demand":1,"DemandMax":null,"Value":1920},{"Length":4,"Height":14,"Demand":1,"DemandMax":null,"Value":56},{"Length":16,"Height":39,"Demand":1,"DemandMax":null,"Value":624},{"Length":4,"Height":71,"Demand":1,"DemandMax":null,"Value":284},{"Length":12,"Height":40,"Demand":1,"DemandMax":null,"Value":480},{"Length":8,"Height":30,"Demand":1,"DemandMax":null,"Value":240},{"Length":36,"Height":97,"Demand":1,"DemandMax":null,"Value":3492},{"Length":14,"Height":30,"Demand":1,"DemandMax":null,"Value":420},{"Length":87,"Height":51,"Demand":1,"DemandMax":null,"Value":4437}]}