{"Name":"CLASS07_040_01","Objects":[{"Length":100,"Height":100,"Stock":null,"Cost":10000}],"Items":[{"Length":90,"Height":9,"Demand":1,"DemandMax":null,"Value":810},{"Length":99,"Height":6,"Demand":1,"DemandMax":null,"Value":594},{"Length":77,"Height":4,"Demand":1,"DemandMax":null,"Value":308},{"Length":11,"Height":97,"Demand":1,"DemandMax":null,"Value":1067},{"Length":74,"Height":50,"Demand":1,"DemandMax":null,"Value":3700},{"Length":84,"Height":13,"Demand":1,"DemandMax":null,"Value":1092},{"Length":72,"Height":1,"Demand":1,"DemandMax":null,"Value":72},{"Length":97,"Height":8,"Demand":2,"DemandMax":null,"Value":776},{"Length":74,"Height":53,"Demand":1,"DemandMax":null,"Value":3922},{"Length":66,"Height":81,"Demand":1,"DemandMax":null,"Value":5346},{"Length":76,"Height":10,"Demand":1,"DemandMax":null,"Value":760},{"Length":94,"Height":33,"Demand":2,"DemandMax":null,"Value":3102},{"Length":90,"Height":19,"Demand":1,"DemandMax":null,"Value":1710},{"Length":68,"Height":61,"Demand":1,"DemandMax":null,"Value":4148},{"Length":89,"Height":30,"Demand":1,"DemandMax":null,"Value":2670},{"Length":100,"Height":19,"Demand":1,"DemandMax":null,"Value":1900},{"Length":72,"Height":45,"Demand":1,"DemandMax":null,"Value":3240},{"Length":88,"Height":4,"Demand":1,"DemandMax":null,"Value":352},{"Length":74,"Height":13,"Demand":1,"DemandMax":null,"Value":962},{"Length":19,"Height":77,"Demand":1,"DemandMax":null,"Value":1463},{"Length":96,"Height":33,"Demand":1,"DemandMax":null,"Value":3168},{"Length":71,"Height":7,"Demand":1,"DemandMax":null,"Value":497},{"Length":3,"Height":70,"Demand":1,"DemandMax":null,"Value":210},{"Length":100,"Height":26,"Demand":1,"DemandMax":null,"Value":2600},{"Length":96,"Height":22,"Demand":1,"DemandMax":null,"Value":2112},{"Length":6,"Height":74,"Demand":1,"DemandMax":null,"Value":444},{"Length":95,"Height":47,"Demand":1,"DemandMax":null,"Value":4465},{"Length":99,"Height":44,"Demand":1,"DemandMax":null,"Value":4356},{"Length":96,"Height":49,"Demand":1,"DemandMax":null,"Value":4704},{"Length":79,"Height":30,"Demand":1,"DemandMax":null,"Value":2370},{"Length":98,"Height":29,"Demand":1,"DemandMax":null,"Value":2842},{"Length":78,"Height":18,"Demand":1,"DemandMax":null,"Value":1404},{"Length":68,"Height":38,"Demand":1,"DemandMax":null,"Value":2584},{"Length":74,"Height":24,"Demand":1,"DemandMax":null,"Value":1776},{"Length":100,"Height":2,"Demand":1,"DemandMax":null,"Value":200},{"Length":26,"Height":92,"Demand":1,"DemandMax":null,"Value":2392},{"Length":88,"Height":49,"Demand":1,"DemandMax":null,"Value":4312},{"Length":41,"Height":30,"Demand":1,"DemandMax":null,"Value":1230}]}