{"Name":"CLASS09_100_02","Objects":[{"Length":100,"Height":100,"Stock":null,"Cost":10000}],"Items":[{"Length":25,"Height":39,"Demand":1,"DemandMax":null,"Value":975},{"Length":64,"Height":55,"Demand":1,"DemandMax":null,"Value":3520},{"Length":37,"Height":48,"Demand":1,"DemandMax":null,"Value":1776},{"Length":58,"Height":59,"Demand":1,"DemandMax":null,"Value":3422},{"Length":76,"Height":59,"Demand":1,"DemandMax":null,"Value":4484},{"Length":6,"Height":42,"Demand":1,"DemandMax":null,"Value":252},{"Length":94,"Height":74,"Demand":1,"DemandMax":null,"Value":6956},{"Length":56,"Height":51,"Demand":1,"DemandMax":null,"Value":2856},{"Length":89,"Height":92,"Demand":1,"DemandMax":null,"Value":8188},{"Length":59,"Height":90,"Demand":1,"DemandMax":null,"Value":5310},{"Length":61,"Height":62,"Demand":1,"DemandMax":null,"Value":3782},{"Length":16,"Height":69,"Demand":1,"DemandMax":null,"Value":1104},{"Length":63,"Height":86,"Demand":1,"DemandMax":null,"Value":5418},{"Length":74,"Height":100,"Demand":1,"DemandMax":null,"Value":7400},{"Length":42,"Height":13,"Demand":1,"DemandMax":null,"Value":546},{"Length":36,"Height":80,"Demand":1,"DemandMax":null,"Value":2880},{"Length":49,"Height":43,"Demand":1,"DemandMax":null,"Value":2107},{"Length":50,"Height":70,"Demand":1,"DemandMax":null,"Value":3500},{"Length":84,"Height":74,"Demand":1,"DemandMax":null,"Value":6216},{"Length":68,"Height":98,"Demand":1,"DemandMax":null,"Value":6664},{"Length":97,"Height":59,"Demand":1,"DemandMax":null,"Value":5723},{"Length":39,"Height":68,"Demand":1,"DemandMax":null,"Value":2652},{"Length":38,"Height":99,"Demand":1,"DemandMax":null,"Value":3762},{"Length":12,"Height":37,"Demand":1,"DemandMax":null,"Value":444},{"Length":56,"Height":89,"Demand":1,"DemandMax":null,"Value":4984},{"Length":88,"Height":98,"Demand":1,"DemandMax":null,"Value":8624},{"Length":67,"Height":33,"Demand":1,"DemandMax":null,"Value":2211},{"Length":67,"Height":87,"Demand":1,"DemandMax":null,"Value":5829},{"Length":77,"Height":80,"Demand":1,"DemandMax":null,"Value":6160},{"Length":100,"Height":54,"Demand":1,"DemandMax":null,"Value":5400},{"Length":79,"Height":80,"Demand":2,"DemandMax":null,"Value":6320},{"Length":85,"Height":100,"Demand":1,"DemandMax":null,"Value":8500},{"Length":59,"Height":82,"Demand":1,"DemandMax":null,"Value":4838},{"Length":73,"Height":72,"Demand":1,"DemandMax":null,"Value":5256},{"Length":68,"Height":88,"Demand":1,"DemandMax":null,"Value":5984},{"Length":63,"Height":73,"Demand":1,"DemandMax":null,"Value":4599},{"Length":4,"Height":98,"Demand":1,"DemandMax":null,"Value":392},{"Length":71,"Height":2,"Demand":1,"DemandMax":null,"Value":142},{"Length":68,"Height":58,"Demand":1,"DemandMax":null,"Value":3944},{"Length":54,"Height":58,"Demand":1,"DemandMax":null,"Value":3132},{"Length":10,"Height":23,"Demand":1,"DemandMax":null,"Value":230},{"Length":54,"Height":94,"Demand":1,"DemandMax":null,"Value":5076},{"Length":30,"Height":93,"Demand":1,"DemandMax":null,"Value":2790},{"Length":7,"Height":6,"Demand":1,"DemandMax":null,"Value":42},{"Length":28,"Height":10,"Demand":1,"DemandMax":null,"Value":280},{"Length":62,"Height":97,"Demand":1,"DemandMax":null,"Value":6014},{"Length":53,"Height":83,"Demand":1,"DemandMax":null,"Value":4399},{"Length":70,"Height":64,"Demand":1,"DemandMax":null,"Value":4480},{"Length":8,"Height":72,"Demand":1,"DemandMax":null,"Value":576},{"Length":82,"Height":60,"Demand":1,"DemandMax":null,"Value":4920},{"Length":89,"Height":88,"Demand":1,"DemandMax":null,"Value":7832},{"Length":98,"Height":35,"Demand":1,"DemandMax":null,"Value":3430},{"Length":99,"Height":70,"Demand":1,"DemandMax":null,"Value":6930},{"Length":63,"Height":87,"Demand":1,"DemandMax":null,"Value":5481},{"Length":36,"Height":69,"Demand":1,"DemandMax":null,"Value":2484},{"Length":84,"Height":67,"Demand":1,"DemandMax":null,"Value":5628},{"Length":50,"Height":93,"Demand":1,"DemandMax":null,"Value":4650},{"Length":7,"Height":83,"Demand":1,"DemandMax":null,"Value":581},{"Length":44,"Height":34,"Demand":1,"DemandMax":null,"Value":1496},{"Length":33,"Height":11,"Demand":1,"DemandMax":null,"Value":363},{"Length":16,"Height":84,"Demand":1,"DemandMax":null,"Value":1344},{"Length":61,"Height":75,"Demand":1,"DemandMax":null,"Value":4575},{"Length":15,"Height":24,"Demand":1,"DemandMax":null,"Value":360},{"Length":93,"Height":66,"Demand":1,"DemandMax":null,"Value":6138},{"Length":91,"Height":73,"Demand":1,"DemandMax":null,"Value":6643},{"Length":78,"Height":86,"Demand":1,"DemandMax":null,"Value":6708},{"Length":96,"Height":75,"Demand":1,"DemandMax":null,"Value":7200},{"Length":65,"Height":84,"Demand":1,"DemandMax":null,"Value":5460},{"Length":69,"Height":9,"Demand":1,"DemandMax":null,"Value":621},{"Length":90,"Height":89,"Demand":1,"DemandMax":null,"Value":8010},{"Length":100,"Height":62,"Demand":1,"DemandMax":null,"Value":6200},{"Length":78,"Height":100,"Demand":1,"DemandMax":null,"Value":7800},{"Length":96,"Height":94,"Demand":1,"DemandMax":null,"Value":9024},{"Length":95,"Height":63,"Demand":1,"DemandMax":null,"Value":5985},{"Length":95,"Height":52,"Demand":1,"DemandMax":null,"Value":4940},{"Length":40,"Height":87,"Demand":1,"DemandMax":null,"Value":3480},{"Length":47,"Height":93,"Demand":1,"DemandMax":null,"Value":4371},{"Length":61,"Height":50,"Demand":1,"DemandMax":null,"Value":3050},{"Length":52,"Height":54,"Demand":1,"DemandMax":null,"Value":2808},{"Length":62,"Height":73,"Demand":1,"DemandMax":null,"Value":4526},{"Length":11,"Height":48,"Demand":1,"DemandMax":null,"Value":528},{"Length":90,"Height":99,"Demand":1,"DemandMax":null,"Value":8910},{"Length":71,"Height":69,"Demand":1,"DemandMax":null,"Value":4899},{"Length":97,"Height":77,"Demand":1,"DemandMax":null,"Value":7469},{"Length":35,"Height":78,"Demand":1,"DemandMax":null,"Value":2730},{"Length":87,"Height":9,"Demand":1,"DemandMax":null,"Value":783},{"Length":51,"Height":95,"Demand":1,"DemandMax":null,"Value":4845},{"Length":43,"Height":96,"Demand":1,"DemandMax":null,"Value":4128},{"Length":71,"Height":99,"Demand":1,"DemandMax":null,"Value":7029},{"Length":82,"Height":80,"Demand":1,"DemandMax":null,"Value":6560},{"Length":94,"Height":81,"Demand":1,"DemandMax":null,"Value":7614},{"Length":100,"Height":70,"Demand":1,"DemandMax":null,"Value":7000},{"Length":79,"Height":42,"Demand":1,"DemandMax":null,"Value":3318},{"Length":96,"Height":63,"Demand":1,"DemandMax":null,"Value":6048},{"Length":48,"Height":31,"Demand":1,"DemandMax":null,"Value":1488},{"Length":20,"Height":10,"Demand":1,"DemandMax":null,"Value":200},{"Length":79,"Height":97,"Demand":1,"DemandMax":null,"Value":7663},{"Length":71,"Height":58,"Demand":1,"DemandMax":null,"Value":4118},{"Length":63,"Height":91,"Demand":1,"DemandMax":null,"Value":5733}]}