{"Name":"CLASS06_080_09","Objects":[{"Length":300,"Height":300,"Stock":null,"Cost":90000}],"Items":[{"Length":82,"Height":40,"Demand":1,"DemandMax":null,"Value":3280},{"Length":61,"Height":53,"Demand":1,"DemandMax":null,"Value":3233},{"Length":29,"Height":95,"Demand":1,"DemandMax":null,"Value":2755},{"Length":10,"Height":21,"Demand":1,"DemandMax":null,"Value":210},{"Length":57,"Height":19,"Demand":1,"DemandMax":null,"Value":1083},{"Length":61,"Height":13,"Demand":1,"DemandMax":null,"Value":793},{"Length":43,"Height":57,"Demand":1,"DemandMax":null,"Value":2451},{"Length":59,"Height":41,"Demand":1,"DemandMax":null,"Value":2419},{"Length":98,"Height":87,"Demand":1,"DemandMax":null,"Value":8526},{"Length":82,"Height":49,"Demand":1,"DemandMax":null,"Value":4018},{"Length":67,"Height":19,"Demand":1,"DemandMax":null,"Value":1273},{"Length":41,"Height":16,"Demand":1,"DemandMax":null,"Value":656},{"Length":27,"Height":98,"Demand":1,"DemandMax":null,"Value":2646},{"Length":80,"Height":52,"Demand":1,"DemandMax":null,"Value":4160},{"Length":90,"Height":1,"Demand":1,"DemandMax":null,"Value":90},{"Length":78,"Height":2,"Demand":1,"DemandMax":null,"Value":156},{"Length":99,"Height":41,"Demand":1,"DemandMax":null,"Value":4059},{"Length":44,"Height":43,"Demand":1,"DemandMax":null,"Value":1892},{"Length":34,"Height":61,"Demand":1,"DemandMax":null,"Value":2074},{"Length":25,"Height":86,"Demand":1,"DemandMax":null,"Value":2150},{"Length":5,"Height":40,"Demand":1,"DemandMax":null,"Value":200},{"Length":97,"Height":77,"Demand":1,"DemandMax":null,"Value":7469},{"Length":56,"Height":87,"Demand":1,"DemandMax":null,"Value":4872},{"Length":71,"Height":92,"Demand":1,"DemandMax":null,"Value":6532},{"Length":65,"Height":48,"Demand":1,"DemandMax":null,"Value":3120},{"Length":93,"Height":44,"Demand":1,"DemandMax":null,"Value":4092},{"Length":43,"Height":1,"Demand":1,"DemandMax":null,"Value":43},{"Length":39,"Height":76,"Demand":1,"DemandMax":null,"Value":2964},{"Length":35,"Height":56,"Demand":1,"DemandMax":null,"Value":1960},{"Length":21,"Height":66,"Demand":1,"DemandMax":null,"Value":1386},{"Length":19,"Height":59,"Demand":1,"DemandMax":null,"Value":1121},{"Length":84,"Height":25,"Demand":1,"DemandMax":null,"Value":2100},{"Length":5,"Height":86,"Demand":1,"DemandMax":null,"Value":430},{"Length":5,"Height":98,"Demand":1,"DemandMax":null,"Value":490},{"Length":38,"Height":49,"Demand":1,"DemandMax":null,"Value":1862},{"Length":95,"Height":62,"Demand":1,"DemandMax":null,"Value":5890},{"Length":96,"Height":92,"Demand":1,"DemandMax":null,"Value":8832},{"Length":98,"Height":29,"Demand":1,"DemandMax":null,"Value":2842},{"Length":90,"Height":94,"Demand":1,"DemandMax":null,"Value":8460},{"Length":94,"Height":43,"Demand":1,"DemandMax":null,"Value":4042},{"Length":64,"Height":65,"Demand":1,"DemandMax":null,"Value":4160},{"Length":91,"Height":82,"Demand":2,"DemandMax":null,"Value":7462},{"Length":97,"Height":50,"Demand":1,"DemandMax":null,"Value":4850},{"Length":36,"Height":57,"Demand":1,"DemandMax":null,"Value":2052},{"Length":98,"Height":26,"Demand":1,"DemandMax":null,"Value":2548},{"Length":6,"Height":12,"Demand":1,"DemandMax":null,"Value":72},{"Length":14,"Height":4,"Demand":1,"DemandMax":null,"Value":56},{"Length":11,"Height":25,"Demand":1,"DemandMax":null,"Value":275},{"Length":21,"Height":30,"Demand":1,"DemandMax":null,"Value":630},{"Length":97,"Height":8,"Demand":1,"DemandMax":null,"Value":776},{"Length":30,"Height":80,"Demand":1,"DemandMax":null,"Value":2400},{"Length":41,"Height":4,"Demand":1,"DemandMax":null,"Value":164},{"Length":87,"Height":67,"Demand":1,"DemandMax":null,"Value":5829},{"Length":55,"Height":92,"Demand":1,"DemandMax":null,"Value":5060},{"Length":68,"Height":34,"Demand":1,"DemandMax":null,"Value":2312},{"Length":82,"Height":82,"Demand":1,"DemandMax":null,"Value":6724},{"Length":85,"Height":59,"Demand":1,"DemandMax":null,"Value":5015},{"Length":100,"Height":19,"Demand":1,"DemandMax":null,"Value":1900},{"Length":83,"Height":53,"Demand":1,"DemandMax":null,"Value":4399},{"Length":22,"Height":81,"Demand":1,"DemandMax":null,"Value":1782},{"Length":39,"Height":61,"Demand":1,"DemandMax":null,"Value":2379},{"Length":90,"Height":79,"Demand":1,"DemandMax":null,"Value":7110},{"Length":64,"Height":60,"Demand":1,"DemandMax":null,"Value":3840},{"Length":83,"Height":58,"Demand":1,"DemandMax":null,"Value":4814},{"Length":3,"Height":62,"Demand":1,"DemandMax":null,"Value":186},{"Length":12,"Height":95,"Demand":1,"DemandMax":null,"Value":1140},{"Length":33,"Height":11,"Demand":1,"DemandMax":null,"Value":363},{"Length":21,"Height":100,"Demand":1,"DemandMax":null,"Value":2100},{"Length":66,"Height":85,"Demand":1,"DemandMax":null,"Value":5610},{"Length":88,"Height":20,"Demand":1,"DemandMax":null,"Value":1760},{"Length":45,"Height":95,"Demand":1,"DemandMax":null,"Value":4275},{"Length":25,"Height":31,"Demand":1,"DemandMax":null,"Value":775},{"Length":50,"Height":85,"Demand":1,"DemandMax":null,"Value":4250},{"Length":76,"Height":45,"Demand":1,"DemandMax":null,"Value":3420},{"Length":91,"Height":33,"Demand":1,"DemandMax":null,"Value":3003},{"Length":17,"Height":5,"Demand":1,"DemandMax":null,"Value":85},{"Length":12,"Height":51,"Demand":1,"DemandMax":null,"Value":612},{"Length":62,"Height":91,"Demand":1,"DemandMax":null,"Value":5642},{"Length":53,"Height":12,"Demand":1,"DemandMax":null,"Value":636}]}