{"Name":"CLASS08_080_07","Objects":[{"Length":100,"Height":100,"Stock":null,"Cost":10000}],"Items":[{"Length":65,"Height":80,"Demand":1,"DemandMax":null,"Value":5200},{"Length":43,"Height":81,"Demand":1,"DemandMax":null,"Value":3483},{"Length":33,"Height":99,"Demand":1,"DemandMax":null,"Value":3267},{"Length":30,"Height":82,"Demand":1,"DemandMax":null,"Value":2460},{"Length":2,"Height":96,"Demand":1,"DemandMax":null,"Value":192},{"Length":44,"Height":85,"Demand":1,"DemandMax":null,"Value":3740},{"Length":25,"Height":18,"Demand":1,"DemandMax":null,"Value":450},{"Length":37,"Height":89,"Demand":1,"DemandMax":null,"Value":3293},{"Length":50,"Height":79,"Demand":1,"DemandMax":null,"Value":3950},{"Length":8,"Height":96,"Demand":1,"DemandMax":null,"Value":768},{"Length":28,"Height":50,"Demand":1,"DemandMax":null,"Value":1400},{"Length":6,"Height":7,"Demand":1,"DemandMax":null,"Value":42},{"Length":9,"Height":71,"Demand":1,"DemandMax":null,"Value":639},{"Length":32,"Height":22,"Demand":1,"DemandMax":null,"Value":704},{"Length":44,"Height":96,"Demand":1,"DemandMax":null,"Value":4224},{"Length":37,"Height":94,"Demand":1,"DemandMax":null,"Value":3478},{"Length":31,"Height":7,"Demand":1,"DemandMax":null,"Value":217},{"Length":19,"Height":74,"Demand":1,"DemandMax":null,"Value":1406},{"Length":21,"Height":99,"Demand":1,"DemandMax":null,"Value":2079},{"Length":29,"Height":91,"Demand":1,"DemandMax":null,"Value":2639},{"Length":13,"Height":78,"Demand":1,"DemandMax":null,"Value":1014},{"Length":17,"Height":75,"Demand":1,"DemandMax":null,"Value":1275},{"Length":9,"Height":76,"Demand":1,"DemandMax":null,"Value":684},{"Length":33,"Height":96,"Demand":1,"DemandMax":null,"Value":3168},{"Length":8,"Height":94,"Demand":1,"DemandMax":null,"Value":752},{"Length":27,"Height":84,"Demand":1,"DemandMax":null,"Value":2268},{"Length":10,"Height":96,"Demand":1,"DemandMax":null,"Value":960},{"Length":49,"Height":74,"Demand":1,"DemandMax":null,"Value":3626},{"Length":14,"Height":83,"Demand":1,"DemandMax":null,"Value":1162},{"Length":99,"Height":1,"Demand":1,"DemandMax":null,"Value":99},{"Length":22,"Height":89,"Demand":1,"DemandMax":null,"Value":1958},{"Length":26,"Height":95,"Demand":1,"DemandMax":null,"Value":2470},{"Length":82,"Height":71,"Demand":1,"DemandMax":null,"Value":5822},{"Length":32,"Height":92,"Demand":1,"DemandMax":null,"Value":2944},{"Length":97,"Height":36,"Demand":1,"DemandMax":null,"Value":3492},{"Length":65,"Height":85,"Demand":1,"DemandMax":null,"Value":5525},{"Length":11,"Height":86,"Demand":1,"DemandMax":null,"Value":946},{"Length":27,"Height":90,"Demand":1,"DemandMax":null,"Value":2430},{"Length":31,"Height":100,"Demand":1,"DemandMax":null,"Value":3100},{"Length":66,"Height":89,"Demand":1,"DemandMax":null,"Value":5874},{"Length":3,"Height":99,"Demand":1,"DemandMax":null,"Value":297},{"Length":33,"Height":97,"Demand":1,"DemandMax":null,"Value":3201},{"Length":28,"Height":83,"Demand":1,"DemandMax":null,"Value":2324},{"Length":85,"Height":5,"Demand":1,"DemandMax":null,"Value":425},{"Length":5,"Height":86,"Demand":1,"DemandMax":null,"Value":430},{"Length":2,"Height":17,"Demand":1,"DemandMax":null,"Value":34},{"Length":36,"Height":74,"Demand":1,"DemandMax":null,"Value":2664},{"Length":3,"Height":88,"Demand":1,"DemandMax":null,"Value":264},{"Length":20,"Height":81,"Demand":1,"DemandMax":null,"Value":1620},{"Length":32,"Height":100,"Demand":1,"DemandMax":null,"Value":3200},{"Length":7,"Height":72,"Demand":1,"DemandMax":null,"Value":504},{"Length":38,"Height":80,"Demand":1,"DemandMax":null,"Value":3040},{"Length":46,"Height":27,"Demand":1,"DemandMax":null,"Value":1242},{"Length":23,"Height":97,"Demand":1,"DemandMax":null,"Value":2231},{"Length":39,"Height":80,"Demand":1,"DemandMax":null,"Value":3120},{"Length":90,"Height":22,"Demand":1,"DemandMax":null,"Value":1980},{"Length":34,"Height":95,"Demand":1,"DemandMax":null,"Value":3230},{"Length":26,"Height":66,"Demand":1,"DemandMax":null,"Value":1716},{"Length":32,"Height":95,"Demand":1,"DemandMax":null,"Value":3040},{"Length":45,"Height":89,"Demand":1,"DemandMax":null,"Value":4005},{"Length":33,"Height":79,"Demand":1,"DemandMax":null,"Value":2607},{"Length":41,"Height":79,"Demand":1,"DemandMax":null,"Value":3239},{"Length":38,"Height":83,"Demand":1,"DemandMax":null,"Value":3154},{"Length":16,"Height":71,"Demand":1,"DemandMax":null,"Value":1136},{"Length":45,"Height":72,"Demand":1,"DemandMax":null,"Value":3240},{"Length":18,"Height":100,"Demand":1,"DemandMax":null,"Value":1800},{"Length":5,"Height":21,"Demand":1,"DemandMax":null,"Value":105},{"Length":48,"Height":96,"Demand":1,"DemandMax":null,"Value":4608},{"Length":17,"Height":73,"Demand":1,"DemandMax":null,"Value":1241},{"Length":55,"Height":91,"Demand":1,"DemandMax":null,"Value":5005},{"Length":33,"Height":85,"Demand":1,"DemandMax":null,"Value":2805},{"Length":95,"Height":41,"Demand":1,"DemandMax":null,"Value":3895},{"Length":51,"Height":73,"Demand":1,"DemandMax":null,"Value":3723},{"Length":55,"Height":94,"Demand":1,"DemandMax":null,"Value":5170},{"Length":24,"Height":98,"Demand":1,"DemandMax":null,"Value":2352},{"Length":48,"Height":100,"Demand":1,"DemandMax":null,"Value":4800},{"Length":48,"Height":99,"Demand":1,"DemandMax":null,"Value":4752},{"Length":78,"Height":9,"Demand":1,"DemandMax":null,"Value":702},{"Length":26,"Height":84,"Demand":1,"DemandMax":null,"Value":2184},{"Length":15,"Height":80,"Demand":1,"DemandMax":null,"Value":1200}]}