{"Name":"CLASS07_040_05","Objects":[{"Length":100,"Height":100,"Stock":null,"Cost":10000}],"Items":[{"Length":25,"Height":39,"Demand":1,"DemandMax":null,"Value":975},{"Length":76,"Height":6,"Demand":2,"DemandMax":null,"Value":456},{"Length":37,"Height":48,"Demand":1,"DemandMax":null,"Value":1776},{"Length":9,"Height":72,"Demand":1,"DemandMax":null,"Value":648},{"Length":84,"Height":10,"Demand":1,"DemandMax":null,"Value":840},{"Length":6,"Height":42,"Demand":1,"DemandMax":null,"Value":252},{"Length":44,"Height":82,"Demand":1,"DemandMax":null,"Value":3608},{"Length":70,"Height":2,"Demand":1,"DemandMax":null,"Value":140},{"Length":92,"Height":42,"Demand":1,"DemandMax":null,"Value":3864},{"Length":72,"Height":40,"Demand":1,"DemandMax":null,"Value":2880},{"Length":12,"Height":74,"Demand":1,"DemandMax":null,"Value":888},{"Length":74,"Height":37,"Demand":1,"DemandMax":null,"Value":2738},{"Length":82,"Height":50,"Demand":1,"DemandMax":null,"Value":4100},{"Length":42,"Height":13,"Demand":1,"DemandMax":null,"Value":546},{"Length":90,"Height":21,"Demand":1,"DemandMax":null,"Value":1890},{"Length":49,"Height":43,"Demand":1,"DemandMax":null,"Value":2107},{"Length":1,"Height":80,"Demand":1,"DemandMax":null,"Value":80},{"Length":89,"Height":25,"Demand":1,"DemandMax":null,"Value":2225},{"Length":78,"Height":48,"Demand":1,"DemandMax":null,"Value":3744},{"Length":98,"Height":10,"Demand":1,"DemandMax":null,"Value":980},{"Length":92,"Height":4,"Demand":1,"DemandMax":null,"Value":368},{"Length":92,"Height":48,"Demand":1,"DemandMax":null,"Value":4416},{"Length":12,"Height":37,"Demand":1,"DemandMax":null,"Value":444},{"Length":70,"Height":39,"Demand":1,"DemandMax":null,"Value":2730},{"Length":39,"Height":99,"Demand":1,"DemandMax":null,"Value":3861},{"Length":67,"Height":33,"Demand":1,"DemandMax":null,"Value":2211},{"Length":78,"Height":38,"Demand":2,"DemandMax":null,"Value":2964},{"Length":84,"Height":30,"Demand":1,"DemandMax":null,"Value":2520},{"Length":100,"Height":5,"Demand":1,"DemandMax":null,"Value":500},{"Length":86,"Height":30,"Demand":1,"DemandMax":null,"Value":2580},{"Length":90,"Height":50,"Demand":1,"DemandMax":null,"Value":4500},{"Length":72,"Height":33,"Demand":1,"DemandMax":null,"Value":2376},{"Length":23,"Height":81,"Demand":1,"DemandMax":null,"Value":1863},{"Length":63,"Height":73,"Demand":1,"DemandMax":null,"Value":4599},{"Length":68,"Height":47,"Demand":1,"DemandMax":null,"Value":3196},{"Length":71,"Height":2,"Demand":1,"DemandMax":null,"Value":142},{"Length":78,"Height":8,"Demand":1,"DemandMax":null,"Value":624},{"Length":68,"Height":9,"Demand":1,"DemandMax":null,"Value":612}]}