{"Name":"CLASS02_020_03","Objects":[{"Length":30,"Height":30,"Stock":null,"Cost":900}],"Items":[{"Length":7,"Height":5,"Demand":1,"DemandMax":null,"Value":35},{"Length":10,"Height":6,"Demand":1,"DemandMax":null,"Value":60},{"Length":5,"Height":6,"Demand":1,"DemandMax":null,"Value":30},{"Length":7,"Height":2,"Demand":1,"DemandMax":null,"Value":14},{"Length":4,"Height":8,"Demand":1,"DemandMax":null,"Value":32},{"Length":9,"Height":10,"Demand":1,"DemandMax":null,"Value":90},{"Length":8,"Height":5,"Demand":1,"DemandMax":null,"Value":40},{"Length":8,"Height":6,"Demand":1,"DemandMax":null,"Value":48},{"Length":4,"Height":9,"Demand":1,"DemandMax":null,"Value":36},{"Length":9,"Height":3,"Demand":1,"DemandMax":null,"Value":27},{"Length":3,"Height":10,"Demand":1,"DemandMax":null,"Value":30},{"Length":9,"Height":5,"Demand":1,"DemandMax":null,"Value":45},{"Length":1,"Height":7,"Demand":1,"DemandMax":null,"Value":7},{"Length":8,"Height":9,"Demand":1,"DemandMax":null,"Value":72},{"Length":4,"Height":6,"Demand":1,"DemandMax":null,"Value":24},{"Length":3,"Height":6,"Demand":1,"DemandMax":null,"Value":18},{"Length":4,"Height":3,"Demand":1,"DemandMax":null,"Value":12},{"Length":10,"Height":2,"Demand":1,"DemandMax":null,"Value":20},{"Length":6,"Height":1,"Demand":1,"DemandMax":null,"Value":6},{"Length":1,"Height":4,"Demand":1,"DemandMax":null,"Value":4}]}