{"Name":"CLASS08_020_10","Objects":[{"Length":100,"Height":100,"Stock":null,"Cost":10000}],"Items":[{"Length":25,"Height":39,"Demand":1,"DemandMax":null,"Value":975},{"Length":15,"Height":69,"Demand":1,"DemandMax":null,"Value":1035},{"Length":37,"Height":48,"Demand":1,"DemandMax":null,"Value":1776},{"Length":9,"Height":72,"Demand":1,"DemandMax":null,"Value":648},{"Length":26,"Height":72,"Demand":1,"DemandMax":null,"Value":1872},{"Length":6,"Height":42,"Demand":1,"DemandMax":null,"Value":252},{"Length":44,"Height":82,"Demand":1,"DemandMax":null,"Value":3608},{"Length":7,"Height":67,"Demand":1,"DemandMax":null,"Value":469},{"Length":39,"Height":95,"Demand":1,"DemandMax":null,"Value":3705},{"Length":10,"Height":93,"Demand":1,"DemandMax":null,"Value":930},{"Length":12,"Height":74,"Demand":1,"DemandMax":null,"Value":888},{"Length":16,"Height":69,"Demand":1,"DemandMax":null,"Value":1104},{"Length":13,"Height":91,"Demand":1,"DemandMax":null,"Value":1183},{"Length":24,"Height":100,"Demand":1,"DemandMax":null,"Value":2400},{"Length":42,"Height":13,"Demand":1,"DemandMax":null,"Value":546},{"Length":36,"Height":80,"Demand":1,"DemandMax":null,"Value":2880},{"Length":49,"Height":43,"Demand":1,"DemandMax":null,"Value":2107},{"Length":1,"Height":80,"Demand":1,"DemandMax":null,"Value":80},{"Length":34,"Height":83,"Demand":1,"DemandMax":null,"Value":2822},{"Length":18,"Height":99,"Demand":1,"DemandMax":null,"Value":1782}]}