{"Name":"CLASS03_060_01","Objects":[{"Length":40,"Height":40,"Stock":null,"Cost":1600}],"Items":[{"Length":22,"Height":17,"Demand":1,"DemandMax":null,"Value":374},{"Length":35,"Height":20,"Demand":1,"DemandMax":null,"Value":700},{"Length":17,"Height":18,"Demand":1,"DemandMax":null,"Value":306},{"Length":23,"Height":6,"Demand":1,"DemandMax":null,"Value":138},{"Length":13,"Height":28,"Demand":1,"DemandMax":null,"Value":364},{"Length":31,"Height":33,"Demand":1,"DemandMax":null,"Value":1023},{"Length":25,"Height":16,"Demand":1,"DemandMax":null,"Value":400},{"Length":28,"Height":21,"Demand":1,"DemandMax":null,"Value":588},{"Length":11,"Height":32,"Demand":1,"DemandMax":null,"Value":352},{"Length":30,"Height":10,"Demand":1,"DemandMax":null,"Value":300},{"Length":10,"Height":33,"Demand":1,"DemandMax":null,"Value":330},{"Length":29,"Height":15,"Demand":1,"DemandMax":null,"Value":435},{"Length":1,"Height":23,"Demand":1,"DemandMax":null,"Value":23},{"Length":28,"Height":29,"Demand":2,"DemandMax":null,"Value":812},{"Length":13,"Height":18,"Demand":1,"DemandMax":null,"Value":234},{"Length":10,"Height":21,"Demand":1,"DemandMax":null,"Value":210},{"Length":14,"Height":11,"Demand":1,"DemandMax":null,"Value":154},{"Length":35,"Height":6,"Demand":1,"DemandMax":null,"Value":210},{"Length":20,"Height":4,"Demand":1,"DemandMax":null,"Value":80},{"Length":2,"Height":11,"Demand":1,"DemandMax":null,"Value":22},{"Length":23,"Height":13,"Demand":1,"DemandMax":null,"Value":299},{"Length":33,"Height":6,"Demand":1,"DemandMax":null,"Value":198},{"Length":27,"Height":31,"Demand":1,"DemandMax":null,"Value":837},{"Length":14,"Height":5,"Demand":1,"DemandMax":null,"Value":70},{"Length":13,"Height":27,"Demand":1,"DemandMax":null,"Value":351},{"Length":19,"Height":1,"Demand":1,"DemandMax":null,"Value":19},{"Length":7,"Height":16,"Demand":1,"DemandMax":null,"Value":112},{"Length":29,"Height":33,"Demand":1,"DemandMax":null,"Value":957},{"Length":13,"Height":26,"Demand":1,"DemandMax":null,"Value":338},{"Length":1,"Height":12,"Demand":1,"DemandMax":null,"Value":12},{"Length":13,"Height":24,"Demand":1,"DemandMax":null,"Value":312},{"Length":9,"Height":34,"Demand":1,"DemandMax":null,"Value":306},{"Length":33,"Height":27,"Demand":1,"DemandMax":null,"Value":891},{"Length":34,"Height":34,"Demand":1,"DemandMax":null,"Value":1156},{"Length":7,"Height":28,"Demand":1,"DemandMax":null,"Value":196},{"Length":32,"Height":27,"Demand":1,"DemandMax":null,"Value":864},{"Length":22,"Height":29,"Demand":1,"DemandMax":null,"Value":638},{"Length":8,"Height":6,"Demand":1,"DemandMax":null,"Value":48},{"Length":33,"Height":12,"Demand":1,"DemandMax":null,"Value":396},{"Length":11,"Height":8,"Demand":1,"DemandMax":null,"Value":88},{"Length":10,"Height":3,"Demand":1,"DemandMax":null,"Value":30},{"Length":1,"Height":16,"Demand":1,"DemandMax":null,"Value":16},{"Length":3,"Height":7,"Demand":1,"DemandMax":null,"Value":21},{"Length":14,"Height":20,"Demand":1,"DemandMax":null,"Value":280},{"Length":6,"Height":4,"Demand":1,"DemandMax":null,"Value":24},{"Length":32,"Height":26,"Demand":1,"DemandMax":null,"Value":832},{"Length":20,"Height":22,"Demand":1,"DemandMax":null,"Value":440},{"Length":12,"Height":12,"Demand":1,"DemandMax":null,"Value":144},{"Length":29,"Height":8,"Demand":1,"DemandMax":null,"Value":232},{"Length":22,"Height":5,"Demand":1,"DemandMax":null,"Value":110},{"Length":26,"Height":16,"Demand":1,"DemandMax":null,"Value":416},{"Length":4,"Height":14,"Demand":1,"DemandMax":null,"Value":56},{"Length":33,"Height":17,"Demand":1,"DemandMax":null,"Value":561},{"Length":26,"Height":23,"Demand":1,"DemandMax":null,"Value":598},{"Length":16,"Height":4,"Demand":1,"DemandMax":null,"Value":64},{"Length":11,"Height":14,"Demand":1,"DemandMax":null,"Value":154},{"Length":28,"Height":15,"Demand":1,"DemandMax":null,"Value":420},{"Length":31,"Height":14,"Demand":1,"DemandMax":null,"Value":434},{"Length":26,"Height":30,"Demand":1,"DemandMax":null,"Value":780}]}