{"Name":"CLASS09_040_03","Objects":[{"Length":100,"Height":100,"Stock":null,"Cost":10000}],"Items":[{"Length":56,"Height":56,"Demand":1,"DemandMax":null,"Value":3136},{"Length":61,"Height":93,"Demand":1,"DemandMax":null,"Value":5673},{"Length":86,"Height":92,"Demand":1,"DemandMax":null,"Value":7912},{"Length":49,"Height":99,"Demand":1,"DemandMax":null,"Value":4851},{"Length":93,"Height":80,"Demand":1,"DemandMax":null,"Value":7440},{"Length":88,"Height":81,"Demand":1,"DemandMax":null,"Value":7128},{"Length":78,"Height":70,"Demand":1,"DemandMax":null,"Value":5460},{"Length":87,"Height":42,"Demand":1,"DemandMax":null,"Value":3654},{"Length":41,"Height":15,"Demand":1,"DemandMax":null,"Value":615},{"Length":76,"Height":81,"Demand":1,"DemandMax":null,"Value":6156},{"Length":32,"Height":11,"Demand":1,"DemandMax":null,"Value":352},{"Length":75,"Height":98,"Demand":1,"DemandMax":null,"Value":7350},{"Length":50,"Height":60,"Demand":1,"DemandMax":null,"Value":3000},{"Length":27,"Height":43,"Demand":1,"DemandMax":null,"Value":1161},{"Length":97,"Height":63,"Demand":1,"DemandMax":null,"Value":6111},{"Length":81,"Height":65,"Demand":1,"DemandMax":null,"Value":5265},{"Length":22,"Height":78,"Demand":1,"DemandMax":null,"Value":1716},{"Length":88,"Height":65,"Demand":1,"DemandMax":null,"Value":5720},{"Length":74,"Height":76,"Demand":1,"DemandMax":null,"Value":5624},{"Length":99,"Height":95,"Demand":1,"DemandMax":null,"Value":9405},{"Length":5,"Height":92,"Demand":1,"DemandMax":null,"Value":460},{"Length":61,"Height":50,"Demand":1,"DemandMax":null,"Value":3050},{"Length":63,"Height":51,"Demand":1,"DemandMax":null,"Value":3213},{"Length":28,"Height":90,"Demand":1,"DemandMax":null,"Value":2520},{"Length":100,"Height":69,"Demand":1,"DemandMax":null,"Value":6900},{"Length":97,"Height":98,"Demand":1,"DemandMax":null,"Value":9506},{"Length":63,"Height":89,"Demand":1,"DemandMax":null,"Value":5607},{"Length":68,"Height":88,"Demand":1,"DemandMax":null,"Value":5984},{"Length":55,"Height":61,"Demand":1,"DemandMax":null,"Value":3355},{"Length":94,"Height":55,"Demand":1,"DemandMax":null,"Value":5170},{"Length":76,"Height":88,"Demand":1,"DemandMax":null,"Value":6688},{"Length":71,"Height":51,"Demand":1,"DemandMax":null,"Value":3621},{"Length":73,"Height":66,"Demand":1,"DemandMax":null,"Value":4818},{"Length":51,"Height":75,"Demand":1,"DemandMax":null,"Value":3825},{"Length":100,"Height":48,"Demand":1,"DemandMax":null,"Value":4800},{"Length":85,"Height":77,"Demand":1,"DemandMax":null,"Value":6545},{"Length":53,"Height":82,"Demand":1,"DemandMax":null,"Value":4346},{"Length":72,"Height":57,"Demand":1,"DemandMax":null,"Value":4104},{"Length":90,"Height":20,"Demand":1,"DemandMax":null,"Value":1800},{"Length":73,"Height":15,"Demand":1,"DemandMax":null,"Value":1095}]}