{"Name":"CLASS09_020_05","Objects":[{"Length":100,"Height":100,"Stock":null,"Cost":10000}],"Items":[{"Length":96,"Height":98,"Demand":1,"DemandMax":null,"Value":9408},{"Length":8,"Height":78,"Demand":1,"DemandMax":null,"Value":624},{"Length":9,"Height":46,"Demand":1,"DemandMax":null,"Value":414},{"Length":91,"Height":99,"Demand":1,"DemandMax":null,"Value":9009},{"Length":74,"Height":71,"Demand":1,"DemandMax":null,"Value":5254},{"Length":52,"Height":82,"Demand":1,"DemandMax":null,"Value":4264},{"Length":93,"Height":75,"Demand":1,"DemandMax":null,"Value":6975},{"Length":91,"Height":68,"Demand":1,"DemandMax":null,"Value":6188},{"Length":15,"Height":7,"Demand":1,"DemandMax":null,"Value":105},{"Length":58,"Height":58,"Demand":1,"DemandMax":null,"Value":3364},{"Length":90,"Height":66,"Demand":1,"DemandMax":null,"Value":5940},{"Length":4,"Height":66,"Demand":1,"DemandMax":null,"Value":264},{"Length":67,"Height":53,"Demand":1,"DemandMax":null,"Value":3551},{"Length":76,"Height":96,"Demand":1,"DemandMax":null,"Value":7296},{"Length":98,"Height":69,"Demand":1,"DemandMax":null,"Value":6762},{"Length":77,"Height":94,"Demand":1,"DemandMax":null,"Value":7238},{"Length":81,"Height":62,"Demand":1,"DemandMax":null,"Value":5022},{"Length":55,"Height":95,"Demand":1,"DemandMax":null,"Value":5225},{"Length":67,"Height":84,"Demand":1,"DemandMax":null,"Value":5628},{"Length":61,"Height":99,"Demand":1,"DemandMax":null,"Value":6039}]}