{"Name":"CLASS06_020_05","Objects":[{"Length":300,"Height":300,"Stock":null,"Cost":90000}],"Items":[{"Length":95,"Height":36,"Demand":1,"DemandMax":null,"Value":3420},{"Length":14,"Height":91,"Demand":1,"DemandMax":null,"Value":1274},{"Length":16,"Height":36,"Demand":1,"DemandMax":null,"Value":576},{"Length":91,"Height":93,"Demand":1,"DemandMax":null,"Value":8463},{"Length":61,"Height":17,"Demand":1,"DemandMax":null,"Value":1037},{"Length":82,"Height":98,"Demand":1,"DemandMax":null,"Value":8036},{"Length":43,"Height":56,"Demand":1,"DemandMax":null,"Value":2408},{"Length":65,"Height":49,"Demand":1,"DemandMax":null,"Value":3185},{"Length":5,"Height":65,"Demand":1,"DemandMax":null,"Value":325},{"Length":50,"Height":25,"Demand":1,"DemandMax":null,"Value":1250},{"Length":25,"Height":87,"Demand":1,"DemandMax":null,"Value":2175},{"Length":83,"Height":38,"Demand":1,"DemandMax":null,"Value":3154},{"Length":14,"Height":100,"Demand":1,"DemandMax":null,"Value":1400},{"Length":40,"Height":30,"Demand":1,"DemandMax":null,"Value":1200},{"Length":17,"Height":16,"Demand":1,"DemandMax":null,"Value":272},{"Length":33,"Height":81,"Demand":1,"DemandMax":null,"Value":2673},{"Length":11,"Height":80,"Demand":1,"DemandMax":null,"Value":880},{"Length":7,"Height":1,"Demand":1,"DemandMax":null,"Value":7},{"Length":8,"Height":68,"Demand":1,"DemandMax":null,"Value":544},{"Length":38,"Height":35,"Demand":1,"DemandMax":null,"Value":1330}]}