{"Name":"CLASS09_100_04","Objects":[{"Length":100,"Height":100,"Stock":null,"Cost":10000}],"Items":[{"Length":67,"Height":86,"Demand":1,"DemandMax":null,"Value":5762},{"Length":68,"Height":76,"Demand":1,"DemandMax":null,"Value":5168},{"Length":63,"Height":54,"Demand":1,"DemandMax":null,"Value":3402},{"Length":72,"Height":64,"Demand":1,"DemandMax":null,"Value":4608},{"Length":87,"Height":75,"Demand":1,"DemandMax":null,"Value":6525},{"Length":78,"Height":81,"Demand":1,"DemandMax":null,"Value":6318},{"Length":89,"Height":100,"Demand":1,"DemandMax":null,"Value":8900},{"Length":88,"Height":76,"Demand":1,"DemandMax":null,"Value":6688},{"Length":69,"Height":77,"Demand":1,"DemandMax":null,"Value":5313},{"Length":50,"Height":99,"Demand":1,"DemandMax":null,"Value":4950},{"Length":77,"Height":57,"Demand":1,"DemandMax":null,"Value":4389},{"Length":66,"Height":99,"Demand":1,"DemandMax":null,"Value":6534},{"Length":62,"Height":91,"Demand":1,"DemandMax":null,"Value":5642},{"Length":90,"Height":27,"Demand":1,"DemandMax":null,"Value":2430},{"Length":76,"Height":77,"Demand":1,"DemandMax":null,"Value":5852},{"Length":56,"Height":83,"Demand":1,"DemandMax":null,"Value":4648},{"Length":78,"Height":16,"Demand":1,"DemandMax":null,"Value":1248},{"Length":80,"Height":67,"Demand":1,"DemandMax":null,"Value":5360},{"Length":87,"Height":57,"Demand":1,"DemandMax":null,"Value":4959},{"Length":57,"Height":80,"Demand":1,"DemandMax":null,"Value":4560},{"Length":90,"Height":3,"Demand":1,"DemandMax":null,"Value":270},{"Length":88,"Height":69,"Demand":1,"DemandMax":null,"Value":6072},{"Length":60,"Height":50,"Demand":1,"DemandMax":null,"Value":3000},{"Length":70,"Height":88,"Demand":1,"DemandMax":null,"Value":6160},{"Length":63,"Height":50,"Demand":1,"DemandMax":null,"Value":3150},{"Length":56,"Height":84,"Demand":1,"DemandMax":null,"Value":4704},{"Length":95,"Height":54,"Demand":1,"DemandMax":null,"Value":5130},{"Length":96,"Height":57,"Demand":1,"DemandMax":null,"Value":5472},{"Length":53,"Height":60,"Demand":1,"DemandMax":null,"Value":3180},{"Length":87,"Height":59,"Demand":1,"DemandMax":null,"Value":5133},{"Length":91,"Height":70,"Demand":1,"DemandMax":null,"Value":6370},{"Length":82,"Height":89,"Demand":1,"DemandMax":null,"Value":7298},{"Length":55,"Height":83,"Demand":1,"DemandMax":null,"Value":4565},{"Length":30,"Height":98,"Demand":1,"DemandMax":null,"Value":2940},{"Length":99,"Height":48,"Demand":1,"DemandMax":null,"Value":4752},{"Length":80,"Height":82,"Demand":1,"DemandMax":null,"Value":6560},{"Length":69,"Height":66,"Demand":1,"DemandMax":null,"Value":4554},{"Length":83,"Height":95,"Demand":1,"DemandMax":null,"Value":7885},{"Length":78,"Height":37,"Demand":1,"DemandMax":null,"Value":2886},{"Length":90,"Height":86,"Demand":1,"DemandMax":null,"Value":7740},{"Length":94,"Height":61,"Demand":1,"DemandMax":null,"Value":5734},{"Length":99,"Height":55,"Demand":1,"DemandMax":null,"Value":5445},{"Length":99,"Height":88,"Demand":1,"DemandMax":null,"Value":8712},{"Length":61,"Height":52,"Demand":1,"DemandMax":null,"Value":3172},{"Length":81,"Height":67,"Demand":1,"DemandMax":null,"Value":5427},{"Length":27,"Height":28,"Demand":1,"DemandMax":null,"Value":756},{"Length":91,"Height":50,"Demand":1,"DemandMax":null,"Value":4550},{"Length":95,"Height":80,"Demand":1,"DemandMax":null,"Value":7600},{"Length":79,"Height":86,"Demand":1,"DemandMax":null,"Value":6794},{"Length":65,"Height":61,"Demand":1,"DemandMax":null,"Value":3965},{"Length":96,"Height":75,"Demand":1,"DemandMax":null,"Value":7200},{"Length":39,"Height":79,"Demand":1,"DemandMax":null,"Value":3081},{"Length":40,"Height":77,"Demand":1,"DemandMax":null,"Value":3080},{"Length":16,"Height":7,"Demand":1,"DemandMax":null,"Value":112},{"Length":61,"Height":60,"Demand":1,"DemandMax":null,"Value":3660},{"Length":96,"Height":71,"Demand":1,"DemandMax":null,"Value":6816},{"Length":61,"Height":57,"Demand":1,"DemandMax":null,"Value":3477},{"Length":78,"Height":64,"Demand":1,"DemandMax":null,"Value":4992},{"Length":89,"Height":58,"Demand":1,"DemandMax":null,"Value":5162},{"Length":63,"Height":84,"Demand":1,"DemandMax":null,"Value":5292},{"Length":95,"Height":61,"Demand":1,"DemandMax":null,"Value":5795},{"Length":2,"Height":33,"Demand":1,"DemandMax":null,"Value":66},{"Length":85,"Height":18,"Demand":1,"DemandMax":null,"Value":1530},{"Length":44,"Height":72,"Demand":1,"DemandMax":null,"Value":3168},{"Length":94,"Height":27,"Demand":1,"DemandMax":null,"Value":2538},{"Length":88,"Height":63,"Demand":1,"DemandMax":null,"Value":5544},{"Length":80,"Height":88,"Demand":1,"DemandMax":null,"Value":7040},{"Length":85,"Height":96,"Demand":1,"DemandMax":null,"Value":8160},{"Length":97,"Height":52,"Demand":1,"DemandMax":null,"Value":5044},{"Length":85,"Height":55,"Demand":1,"DemandMax":null,"Value":4675},{"Length":93,"Height":71,"Demand":1,"DemandMax":null,"Value":6603},{"Length":88,"Height":93,"Demand":1,"DemandMax":null,"Value":8184},{"Length":65,"Height":92,"Demand":1,"DemandMax":null,"Value":5980},{"Length":94,"Height":59,"Demand":1,"DemandMax":null,"Value":5546},{"Length":66,"Height":65,"Demand":1,"DemandMax":null,"Value":4290},{"Length":3,"Height":67,"Demand":1,"DemandMax":null,"Value":201},{"Length":97,"Height":42,"Demand":1,"DemandMax":null,"Value":4074},{"Length":64,"Height":74,"Demand":1,"DemandMax":null,"Value":4736},{"Length":67,"Height":21,"Demand":1,"DemandMax":null,"Value":1407},{"Length":79,"Height":74,"Demand":1,"DemandMax":null,"Value":5846},{"Length":88,"Height":53,"Demand":1,"DemandMax":null,"Value":4664},{"Length":47,"Height":2,"Demand":1,"DemandMax":null,"Value":94},{"Length":50,"Height":89,"Demand":1,"DemandMax":null,"Value":4450},{"Length":67,"Height":57,"Demand":1,"DemandMax":null,"Value":3819},{"Length":91,"Height":77,"Demand":1,"DemandMax":null,"Value":7007},{"Length":91,"Height":91,"Demand":1,"DemandMax":null,"Value":8281},{"Length":59,"Height":67,"Demand":1,"DemandMax":null,"Value":3953},{"Length":67,"Height":51,"Demand":1,"DemandMax":null,"Value":3417},{"Length":7,"Height":74,"Demand":1,"DemandMax":null,"Value":518},{"Length":97,"Height":91,"Demand":1,"DemandMax":null,"Value":8827},{"Length":81,"Height":58,"Demand":1,"DemandMax":null,"Value":4698},{"Length":29,"Height":71,"Demand":1,"DemandMax":null,"Value":2059},{"Length":83,"Height":58,"Demand":1,"DemandMax":null,"Value":4814},{"Length":63,"Height":53,"Demand":1,"DemandMax":null,"Value":3339},{"Length":63,"Height":61,"Demand":1,"DemandMax":null,"Value":3843},{"Length":51,"Height":76,"Demand":1,"DemandMax":null,"Value":3876},{"Length":72,"Height":66,"Demand":1,"DemandMax":null,"Value":4752},{"Length":93,"Height":77,"Demand":1,"DemandMax":null,"Value":7161},{"Length":57,"Height":75,"Demand":1,"DemandMax":null,"Value":4275},{"Length":86,"Height":55,"Demand":1,"DemandMax":null,"Value":4730}]}