{"Name":"CLASS04_020_08","Objects":[{"Length":100,"Height":100,"Stock":null,"Cost":10000}],"Items":[{"Length":30,"Height":15,"Demand":1,"DemandMax":null,"Value":450},{"Length":13,"Height":3,"Demand":1,"DemandMax":null,"Value":39},{"Length":7,"Height":27,"Demand":1,"DemandMax":null,"Value":189},{"Length":29,"Height":12,"Demand":1,"DemandMax":null,"Value":348},{"Length":7,"Height":2,"Demand":1,"DemandMax":null,"Value":14},{"Length":19,"Height":14,"Demand":1,"DemandMax":null,"Value":266},{"Length":13,"Height":12,"Demand":1,"DemandMax":null,"Value":156},{"Length":21,"Height":2,"Demand":1,"DemandMax":null,"Value":42},{"Length":16,"Height":4,"Demand":1,"DemandMax":null,"Value":64},{"Length":17,"Height":14,"Demand":1,"DemandMax":null,"Value":238},{"Length":19,"Height":4,"Demand":1,"DemandMax":null,"Value":76},{"Length":32,"Height":30,"Demand":1,"DemandMax":null,"Value":960},{"Length":5,"Height":17,"Demand":1,"DemandMax":null,"Value":85},{"Length":2,"Height":8,"Demand":1,"DemandMax":null,"Value":16},{"Length":33,"Height":23,"Demand":1,"DemandMax":null,"Value":759},{"Length":12,"Height":23,"Demand":1,"DemandMax":null,"Value":276},{"Length":5,"Height":15,"Demand":1,"DemandMax":null,"Value":75},{"Length":19,"Height":19,"Demand":1,"DemandMax":null,"Value":361},{"Length":4,"Height":31,"Demand":1,"DemandMax":null,"Value":124},{"Length":27,"Height":23,"Demand":1,"DemandMax":null,"Value":621}]}