{"Name":"CLASS10_040_06","Objects":[{"Length":100,"Height":100,"Stock":null,"Cost":10000}],"Items":[{"Length":1,"Height":13,"Demand":1,"DemandMax":null,"Value":13},{"Length":24,"Height":33,"Demand":1,"DemandMax":null,"Value":792},{"Length":16,"Height":16,"Demand":1,"DemandMax":null,"Value":256},{"Length":98,"Height":7,"Demand":1,"DemandMax":null,"Value":686},{"Length":9,"Height":23,"Demand":1,"DemandMax":null,"Value":207},{"Length":22,"Height":9,"Demand":1,"DemandMax":null,"Value":198},{"Length":29,"Height":33,"Demand":1,"DemandMax":null,"Value":957},{"Length":100,"Height":39,"Demand":1,"DemandMax":null,"Value":3900},{"Length":85,"Height":45,"Demand":1,"DemandMax":null,"Value":3825},{"Length":31,"Height":47,"Demand":1,"DemandMax":null,"Value":1457},{"Length":68,"Height":11,"Demand":1,"DemandMax":null,"Value":748},{"Length":16,"Height":32,"Demand":1,"DemandMax":null,"Value":512},{"Length":9,"Height":29,"Demand":1,"DemandMax":null,"Value":261},{"Length":67,"Height":46,"Demand":1,"DemandMax":null,"Value":3082},{"Length":41,"Height":1,"Demand":1,"DemandMax":null,"Value":41},{"Length":43,"Height":38,"Demand":1,"DemandMax":null,"Value":1634},{"Length":1,"Height":25,"Demand":1,"DemandMax":null,"Value":25},{"Length":35,"Height":7,"Demand":1,"DemandMax":null,"Value":245},{"Length":39,"Height":2,"Demand":1,"DemandMax":null,"Value":78},{"Length":31,"Height":4,"Demand":1,"DemandMax":null,"Value":124},{"Length":5,"Height":32,"Demand":1,"DemandMax":null,"Value":160},{"Length":30,"Height":30,"Demand":1,"DemandMax":null,"Value":900},{"Length":49,"Height":15,"Demand":1,"DemandMax":null,"Value":735},{"Length":32,"Height":33,"Demand":1,"DemandMax":null,"Value":1056},{"Length":21,"Height":1,"Demand":1,"DemandMax":null,"Value":21},{"Length":36,"Height":14,"Demand":1,"DemandMax":null,"Value":504},{"Length":21,"Height":93,"Demand":1,"DemandMax":null,"Value":1953},{"Length":44,"Height":23,"Demand":1,"DemandMax":null,"Value":1012},{"Length":98,"Height":81,"Demand":1,"DemandMax":null,"Value":7938},{"Length":4,"Height":10,"Demand":1,"DemandMax":null,"Value":40},{"Length":4,"Height":27,"Demand":1,"DemandMax":null,"Value":108},{"Length":67,"Height":74,"Demand":1,"DemandMax":null,"Value":4958},{"Length":37,"Height":24,"Demand":1,"DemandMax":null,"Value":888},{"Length":33,"Height":18,"Demand":1,"DemandMax":null,"Value":594},{"Length":49,"Height":25,"Demand":1,"DemandMax":null,"Value":1225},{"Length":3,"Height":38,"Demand":1,"DemandMax":null,"Value":114},{"Length":38,"Height":28,"Demand":1,"DemandMax":null,"Value":1064},{"Length":74,"Height":87,"Demand":1,"DemandMax":null,"Value":6438},{"Length":5,"Height":34,"Demand":1,"DemandMax":null,"Value":170},{"Length":50,"Height":14,"Demand":1,"DemandMax":null,"Value":700}]}