{"Name":"CLASS08_020_02","Objects":[{"Length":100,"Height":100,"Stock":null,"Cost":10000}],"Items":[{"Length":36,"Height":72,"Demand":1,"DemandMax":null,"Value":2592},{"Length":48,"Height":69,"Demand":1,"DemandMax":null,"Value":3312},{"Length":16,"Height":68,"Demand":1,"DemandMax":null,"Value":1088},{"Length":11,"Height":97,"Demand":1,"DemandMax":null,"Value":1067},{"Length":74,"Height":50,"Demand":1,"DemandMax":null,"Value":3700},{"Length":84,"Height":13,"Demand":1,"DemandMax":null,"Value":1092},{"Length":72,"Height":1,"Demand":1,"DemandMax":null,"Value":72},{"Length":45,"Height":71,"Demand":1,"DemandMax":null,"Value":3195},{"Length":74,"Height":53,"Demand":1,"DemandMax":null,"Value":3922},{"Length":66,"Height":81,"Demand":1,"DemandMax":null,"Value":5346},{"Length":16,"Height":72,"Demand":1,"DemandMax":null,"Value":1152},{"Length":41,"Height":88,"Demand":1,"DemandMax":null,"Value":3608},{"Length":90,"Height":19,"Demand":1,"DemandMax":null,"Value":1710},{"Length":68,"Height":61,"Demand":1,"DemandMax":null,"Value":4148},{"Length":34,"Height":86,"Demand":1,"DemandMax":null,"Value":2924},{"Length":49,"Height":78,"Demand":1,"DemandMax":null,"Value":3822},{"Length":9,"Height":97,"Demand":1,"DemandMax":null,"Value":873},{"Length":88,"Height":4,"Demand":1,"DemandMax":null,"Value":352},{"Length":74,"Height":13,"Demand":1,"DemandMax":null,"Value":962},{"Length":19,"Height":77,"Demand":1,"DemandMax":null,"Value":1463}]}