{"Name":"CLASS09_080_08","Objects":[{"Length":100,"Height":100,"Stock":null,"Cost":10000}],"Items":[{"Length":76,"Height":28,"Demand":1,"DemandMax":null,"Value":2128},{"Length":90,"Height":20,"Demand":1,"DemandMax":null,"Value":1800},{"Length":100,"Height":50,"Demand":1,"DemandMax":null,"Value":5000},{"Length":77,"Height":63,"Demand":1,"DemandMax":null,"Value":4851},{"Length":12,"Height":27,"Demand":1,"DemandMax":null,"Value":324},{"Length":71,"Height":84,"Demand":1,"DemandMax":null,"Value":5964},{"Length":50,"Height":55,"Demand":1,"DemandMax":null,"Value":2750},{"Length":68,"Height":83,"Demand":1,"DemandMax":null,"Value":5644},{"Length":78,"Height":37,"Demand":1,"DemandMax":null,"Value":2886},{"Length":69,"Height":60,"Demand":1,"DemandMax":null,"Value":4140},{"Length":64,"Height":72,"Demand":1,"DemandMax":null,"Value":4608},{"Length":72,"Height":65,"Demand":1,"DemandMax":null,"Value":4680},{"Length":88,"Height":59,"Demand":1,"DemandMax":null,"Value":5192},{"Length":79,"Height":98,"Demand":1,"DemandMax":null,"Value":7742},{"Length":89,"Height":100,"Demand":1,"DemandMax":null,"Value":8900},{"Length":38,"Height":9,"Demand":1,"DemandMax":null,"Value":342},{"Length":19,"Height":44,"Demand":1,"DemandMax":null,"Value":836},{"Length":100,"Height":98,"Demand":1,"DemandMax":null,"Value":9800},{"Length":76,"Height":90,"Demand":1,"DemandMax":null,"Value":6840},{"Length":64,"Height":64,"Demand":1,"DemandMax":null,"Value":4096},{"Length":60,"Height":89,"Demand":1,"DemandMax":null,"Value":5340},{"Length":83,"Height":58,"Demand":1,"DemandMax":null,"Value":4814},{"Length":74,"Height":91,"Demand":1,"DemandMax":null,"Value":6734},{"Length":53,"Height":81,"Demand":1,"DemandMax":null,"Value":4293},{"Length":65,"Height":96,"Demand":1,"DemandMax":null,"Value":6240},{"Length":77,"Height":81,"Demand":1,"DemandMax":null,"Value":6237},{"Length":84,"Height":54,"Demand":1,"DemandMax":null,"Value":4536},{"Length":4,"Height":72,"Demand":1,"DemandMax":null,"Value":288},{"Length":87,"Height":15,"Demand":1,"DemandMax":null,"Value":1305},{"Length":83,"Height":65,"Demand":1,"DemandMax":null,"Value":5395},{"Length":69,"Height":29,"Demand":1,"DemandMax":null,"Value":2001},{"Length":65,"Height":100,"Demand":1,"DemandMax":null,"Value":6500},{"Length":58,"Height":96,"Demand":1,"DemandMax":null,"Value":5568},{"Length":66,"Height":12,"Demand":1,"DemandMax":null,"Value":792},{"Length":89,"Height":65,"Demand":1,"DemandMax":null,"Value":5785},{"Length":90,"Height":51,"Demand":1,"DemandMax":null,"Value":4590},{"Length":97,"Height":88,"Demand":1,"DemandMax":null,"Value":8536},{"Length":81,"Height":69,"Demand":1,"DemandMax":null,"Value":5589},{"Length":84,"Height":63,"Demand":1,"DemandMax":null,"Value":5292},{"Length":75,"Height":65,"Demand":1,"DemandMax":null,"Value":4875},{"Length":98,"Height":92,"Demand":1,"DemandMax":null,"Value":9016},{"Length":72,"Height":89,"Demand":1,"DemandMax":null,"Value":6408},{"Length":90,"Height":73,"Demand":1,"DemandMax":null,"Value":6570},{"Length":72,"Height":90,"Demand":1,"DemandMax":null,"Value":6480},{"Length":60,"Height":57,"Demand":1,"DemandMax":null,"Value":3420},{"Length":74,"Height":69,"Demand":1,"DemandMax":null,"Value":5106},{"Length":9,"Height":45,"Demand":1,"DemandMax":null,"Value":405},{"Length":80,"Height":77,"Demand":1,"DemandMax":null,"Value":6160},{"Length":35,"Height":35,"Demand":1,"DemandMax":null,"Value":1225},{"Length":89,"Height":62,"Demand":1,"DemandMax":null,"Value":5518},{"Length":88,"Height":78,"Demand":1,"DemandMax":null,"Value":6864},{"Length":50,"Height":75,"Demand":1,"DemandMax":null,"Value":3750},{"Length":70,"Height":74,"Demand":1,"DemandMax":null,"Value":5180},{"Length":16,"Height":77,"Demand":1,"DemandMax":null,"Value":1232},{"Length":80,"Height":72,"Demand":1,"DemandMax":null,"Value":5760},{"Length":83,"Height":86,"Demand":1,"DemandMax":null,"Value":7138},{"Length":67,"Height":74,"Demand":1,"DemandMax":null,"Value":4958},{"Length":53,"Height":83,"Demand":1,"DemandMax":null,"Value":4399},{"Length":83,"Height":79,"Demand":1,"DemandMax":null,"Value":6557},{"Length":76,"Height":57,"Demand":1,"DemandMax":null,"Value":4332},{"Length":77,"Height":87,"Demand":1,"DemandMax":null,"Value":6699},{"Length":52,"Height":60,"Demand":1,"DemandMax":null,"Value":3120},{"Length":98,"Height":97,"Demand":1,"DemandMax":null,"Value":9506},{"Length":82,"Height":91,"Demand":1,"DemandMax":null,"Value":7462},{"Length":99,"Height":11,"Demand":1,"DemandMax":null,"Value":1089},{"Length":75,"Height":50,"Demand":1,"DemandMax":null,"Value":3750},{"Length":83,"Height":27,"Demand":1,"DemandMax":null,"Value":2241},{"Length":99,"Height":86,"Demand":1,"DemandMax":null,"Value":8514},{"Length":80,"Height":96,"Demand":1,"DemandMax":null,"Value":7680},{"Length":87,"Height":50,"Demand":1,"DemandMax":null,"Value":4350},{"Length":62,"Height":68,"Demand":1,"DemandMax":null,"Value":4216},{"Length":77,"Height":93,"Demand":1,"DemandMax":null,"Value":7161},{"Length":74,"Height":94,"Demand":1,"DemandMax":null,"Value":6956},{"Length":80,"Height":14,"Demand":1,"DemandMax":null,"Value":1120},{"Length":62,"Height":71,"Demand":1,"DemandMax":null,"Value":4402},{"Length":18,"Height":12,"Demand":1,"DemandMax":null,"Value":216},{"Length":80,"Height":52,"Demand":1,"DemandMax":null,"Value":4160},{"Length":18,"Height":38,"Demand":1,"DemandMax":null,"Value":684},{"Length":25,"Height":37,"Demand":1,"DemandMax":null,"Value":925},{"Length":20,"Height":42,"Demand":1,"DemandMax":null,"Value":840}]}