{"Name":"CLASS10_040_03","Objects":[{"Length":100,"Height":100,"Stock":null,"Cost":10000}],"Items":[{"Length":7,"Height":7,"Demand":1,"DemandMax":null,"Value":49},{"Length":12,"Height":43,"Demand":1,"DemandMax":null,"Value":516},{"Length":36,"Height":42,"Demand":1,"DemandMax":null,"Value":1512},{"Length":49,"Height":99,"Demand":1,"DemandMax":null,"Value":4851},{"Length":43,"Height":30,"Demand":1,"DemandMax":null,"Value":1290},{"Length":39,"Height":31,"Demand":1,"DemandMax":null,"Value":1209},{"Length":28,"Height":21,"Demand":1,"DemandMax":null,"Value":588},{"Length":87,"Height":42,"Demand":1,"DemandMax":null,"Value":3654},{"Length":41,"Height":15,"Demand":1,"DemandMax":null,"Value":615},{"Length":27,"Height":31,"Demand":1,"DemandMax":null,"Value":837},{"Length":32,"Height":11,"Demand":1,"DemandMax":null,"Value":352},{"Length":75,"Height":98,"Demand":1,"DemandMax":null,"Value":7350},{"Length":1,"Height":11,"Demand":1,"DemandMax":null,"Value":11},{"Length":27,"Height":43,"Demand":1,"DemandMax":null,"Value":1161},{"Length":48,"Height":13,"Demand":1,"DemandMax":null,"Value":624},{"Length":31,"Height":16,"Demand":1,"DemandMax":null,"Value":496},{"Length":22,"Height":78,"Demand":1,"DemandMax":null,"Value":1716},{"Length":39,"Height":16,"Demand":1,"DemandMax":null,"Value":624},{"Length":25,"Height":27,"Demand":1,"DemandMax":null,"Value":675},{"Length":49,"Height":45,"Demand":1,"DemandMax":null,"Value":2205},{"Length":5,"Height":92,"Demand":1,"DemandMax":null,"Value":460},{"Length":61,"Height":50,"Demand":1,"DemandMax":null,"Value":3050},{"Length":13,"Height":2,"Demand":1,"DemandMax":null,"Value":26},{"Length":28,"Height":90,"Demand":1,"DemandMax":null,"Value":2520},{"Length":50,"Height":19,"Demand":1,"DemandMax":null,"Value":950},{"Length":97,"Height":98,"Demand":1,"DemandMax":null,"Value":9506},{"Length":14,"Height":39,"Demand":1,"DemandMax":null,"Value":546},{"Length":68,"Height":88,"Demand":1,"DemandMax":null,"Value":5984},{"Length":6,"Height":12,"Demand":1,"DemandMax":null,"Value":72},{"Length":44,"Height":6,"Demand":1,"DemandMax":null,"Value":264},{"Length":76,"Height":88,"Demand":1,"DemandMax":null,"Value":6688},{"Length":22,"Height":2,"Demand":1,"DemandMax":null,"Value":44},{"Length":24,"Height":17,"Demand":1,"DemandMax":null,"Value":408},{"Length":2,"Height":26,"Demand":1,"DemandMax":null,"Value":52},{"Length":100,"Height":48,"Demand":1,"DemandMax":null,"Value":4800},{"Length":85,"Height":77,"Demand":1,"DemandMax":null,"Value":6545},{"Length":53,"Height":82,"Demand":1,"DemandMax":null,"Value":4346},{"Length":22,"Height":7,"Demand":1,"DemandMax":null,"Value":154},{"Length":90,"Height":20,"Demand":1,"DemandMax":null,"Value":1800},{"Length":73,"Height":15,"Demand":1,"DemandMax":null,"Value":1095}]}