{"Name":"CLASS08_080_09","Objects":[{"Length":100,"Height":100,"Stock":null,"Cost":10000}],"Items":[{"Length":27,"Height":94,"Demand":1,"DemandMax":null,"Value":2538},{"Length":15,"Height":99,"Demand":1,"DemandMax":null,"Value":1485},{"Length":10,"Height":69,"Demand":1,"DemandMax":null,"Value":690},{"Length":31,"Height":70,"Demand":1,"DemandMax":null,"Value":2170},{"Length":21,"Height":80,"Demand":1,"DemandMax":null,"Value":1680},{"Length":49,"Height":96,"Demand":1,"DemandMax":null,"Value":4704},{"Length":10,"Height":94,"Demand":1,"DemandMax":null,"Value":940},{"Length":21,"Height":71,"Demand":1,"DemandMax":null,"Value":1491},{"Length":26,"Height":14,"Demand":1,"DemandMax":null,"Value":364},{"Length":45,"Height":66,"Demand":1,"DemandMax":null,"Value":2970},{"Length":80,"Height":39,"Demand":1,"DemandMax":null,"Value":3120},{"Length":22,"Height":22,"Demand":1,"DemandMax":null,"Value":484},{"Length":43,"Height":77,"Demand":1,"DemandMax":null,"Value":3311},{"Length":3,"Height":79,"Demand":1,"DemandMax":null,"Value":237},{"Length":44,"Height":99,"Demand":1,"DemandMax":null,"Value":4356},{"Length":36,"Height":98,"Demand":1,"DemandMax":null,"Value":3528},{"Length":22,"Height":88,"Demand":1,"DemandMax":null,"Value":1936},{"Length":22,"Height":1,"Demand":1,"DemandMax":null,"Value":22},{"Length":28,"Height":79,"Demand":1,"DemandMax":null,"Value":2212},{"Length":11,"Height":88,"Demand":1,"DemandMax":null,"Value":968},{"Length":13,"Height":72,"Demand":1,"DemandMax":null,"Value":936},{"Length":52,"Height":93,"Demand":1,"DemandMax":null,"Value":4836},{"Length":25,"Height":3,"Demand":1,"DemandMax":null,"Value":75},{"Length":48,"Height":87,"Demand":1,"DemandMax":null,"Value":4176},{"Length":15,"Height":48,"Demand":1,"DemandMax":null,"Value":720},{"Length":45,"Height":47,"Demand":1,"DemandMax":null,"Value":2115},{"Length":33,"Height":98,"Demand":1,"DemandMax":null,"Value":3234},{"Length":46,"Height":94,"Demand":1,"DemandMax":null,"Value":4324},{"Length":29,"Height":99,"Demand":1,"DemandMax":null,"Value":2871},{"Length":49,"Height":74,"Demand":1,"DemandMax":null,"Value":3626},{"Length":2,"Height":67,"Demand":1,"DemandMax":null,"Value":134},{"Length":6,"Height":74,"Demand":1,"DemandMax":null,"Value":444},{"Length":4,"Height":73,"Demand":1,"DemandMax":null,"Value":292},{"Length":15,"Height":40,"Demand":1,"DemandMax":null,"Value":600},{"Length":89,"Height":21,"Demand":1,"DemandMax":null,"Value":1869},{"Length":77,"Height":96,"Demand":1,"DemandMax":null,"Value":7392},{"Length":41,"Height":89,"Demand":1,"DemandMax":null,"Value":3649},{"Length":93,"Height":79,"Demand":1,"DemandMax":null,"Value":7347},{"Length":27,"Height":100,"Demand":1,"DemandMax":null,"Value":2700},{"Length":60,"Height":91,"Demand":1,"DemandMax":null,"Value":5460},{"Length":40,"Height":79,"Demand":1,"DemandMax":null,"Value":3160},{"Length":82,"Height":80,"Demand":1,"DemandMax":null,"Value":6560},{"Length":31,"Height":94,"Demand":1,"DemandMax":null,"Value":2914},{"Length":69,"Height":48,"Demand":1,"DemandMax":null,"Value":3312},{"Length":50,"Height":77,"Demand":1,"DemandMax":null,"Value":3850},{"Length":33,"Height":95,"Demand":1,"DemandMax":null,"Value":3135},{"Length":48,"Height":96,"Demand":1,"DemandMax":null,"Value":4608},{"Length":13,"Height":76,"Demand":1,"DemandMax":null,"Value":988},{"Length":72,"Height":75,"Demand":1,"DemandMax":null,"Value":5400},{"Length":46,"Height":77,"Demand":1,"DemandMax":null,"Value":3542},{"Length":83,"Height":9,"Demand":1,"DemandMax":null,"Value":747},{"Length":31,"Height":97,"Demand":1,"DemandMax":null,"Value":3007},{"Length":56,"Height":96,"Demand":1,"DemandMax":null,"Value":5376},{"Length":20,"Height":67,"Demand":1,"DemandMax":null,"Value":1340},{"Length":15,"Height":90,"Demand":1,"DemandMax":null,"Value":1350},{"Length":73,"Height":37,"Demand":1,"DemandMax":null,"Value":2701},{"Length":66,"Height":28,"Demand":1,"DemandMax":null,"Value":1848},{"Length":6,"Height":100,"Demand":1,"DemandMax":null,"Value":600},{"Length":16,"Height":81,"Demand":1,"DemandMax":null,"Value":1296},{"Length":3,"Height":94,"Demand":1,"DemandMax":null,"Value":282},{"Length":9,"Height":80,"Demand":1,"DemandMax":null,"Value":720},{"Length":3,"Height":71,"Demand":1,"DemandMax":null,"Value":213},{"Length":86,"Height":22,"Demand":1,"DemandMax":null,"Value":1892},{"Length":6,"Height":69,"Demand":1,"DemandMax":null,"Value":414},{"Length":28,"Height":84,"Demand":1,"DemandMax":null,"Value":2352},{"Length":12,"Height":86,"Demand":1,"DemandMax":null,"Value":1032},{"Length":4,"Height":89,"Demand":1,"DemandMax":null,"Value":356},{"Length":80,"Height":32,"Demand":1,"DemandMax":null,"Value":2560},{"Length":71,"Height":44,"Demand":1,"DemandMax":null,"Value":3124},{"Length":33,"Height":12,"Demand":1,"DemandMax":null,"Value":396},{"Length":90,"Height":56,"Demand":1,"DemandMax":null,"Value":5040},{"Length":48,"Height":20,"Demand":1,"DemandMax":null,"Value":960},{"Length":50,"Height":81,"Demand":1,"DemandMax":null,"Value":4050},{"Length":16,"Height":6,"Demand":1,"DemandMax":null,"Value":96},{"Length":92,"Height":41,"Demand":1,"DemandMax":null,"Value":3772},{"Length":37,"Height":20,"Demand":1,"DemandMax":null,"Value":740},{"Length":4,"Height":74,"Demand":1,"DemandMax":null,"Value":296},{"Length":10,"Height":74,"Demand":1,"DemandMax":null,"Value":740},{"Length":48,"Height":91,"Demand":1,"DemandMax":null,"Value":4368},{"Length":37,"Height":87,"Demand":1,"DemandMax":null,"Value":3219}]}