{"Name":"CLASS05_060_07","Objects":[{"Length":100,"Height":100,"Stock":null,"Cost":10000}],"Items":[{"Length":42,"Height":79,"Demand":1,"DemandMax":null,"Value":3318},{"Length":73,"Height":21,"Demand":1,"DemandMax":null,"Value":1533},{"Length":45,"Height":40,"Demand":1,"DemandMax":null,"Value":1800},{"Length":78,"Height":94,"Demand":1,"DemandMax":null,"Value":7332},{"Length":28,"Height":70,"Demand":1,"DemandMax":null,"Value":1960},{"Length":85,"Height":92,"Demand":1,"DemandMax":null,"Value":7820},{"Length":70,"Height":14,"Demand":1,"DemandMax":null,"Value":980},{"Length":39,"Height":26,"Demand":1,"DemandMax":null,"Value":1014},{"Length":81,"Height":49,"Demand":1,"DemandMax":null,"Value":3969},{"Length":18,"Height":40,"Demand":1,"DemandMax":null,"Value":720},{"Length":5,"Height":87,"Demand":1,"DemandMax":null,"Value":435},{"Length":32,"Height":12,"Demand":1,"DemandMax":null,"Value":384},{"Length":21,"Height":72,"Demand":1,"DemandMax":null,"Value":1512},{"Length":27,"Height":54,"Demand":1,"DemandMax":null,"Value":1458},{"Length":40,"Height":81,"Demand":1,"DemandMax":null,"Value":3240},{"Length":81,"Height":10,"Demand":1,"DemandMax":null,"Value":810},{"Length":6,"Height":27,"Demand":1,"DemandMax":null,"Value":162},{"Length":3,"Height":56,"Demand":1,"DemandMax":null,"Value":168},{"Length":96,"Height":53,"Demand":1,"DemandMax":null,"Value":5088},{"Length":40,"Height":6,"Demand":1,"DemandMax":null,"Value":240},{"Length":22,"Height":37,"Demand":1,"DemandMax":null,"Value":814},{"Length":67,"Height":2,"Demand":1,"DemandMax":null,"Value":134},{"Length":29,"Height":91,"Demand":1,"DemandMax":null,"Value":2639},{"Length":98,"Height":24,"Demand":1,"DemandMax":null,"Value":2352},{"Length":94,"Height":58,"Demand":1,"DemandMax":null,"Value":5452},{"Length":75,"Height":81,"Demand":1,"DemandMax":null,"Value":6075},{"Length":28,"Height":16,"Demand":1,"DemandMax":null,"Value":448},{"Length":77,"Height":19,"Demand":1,"DemandMax":null,"Value":1463},{"Length":76,"Height":77,"Demand":1,"DemandMax":null,"Value":5852},{"Length":15,"Height":14,"Demand":1,"DemandMax":null,"Value":210},{"Length":16,"Height":85,"Demand":1,"DemandMax":null,"Value":1360},{"Length":34,"Height":79,"Demand":1,"DemandMax":null,"Value":2686},{"Length":58,"Height":18,"Demand":1,"DemandMax":null,"Value":1044},{"Length":10,"Height":58,"Demand":1,"DemandMax":null,"Value":580},{"Length":47,"Height":87,"Demand":1,"DemandMax":null,"Value":4089},{"Length":56,"Height":28,"Demand":1,"DemandMax":null,"Value":1568},{"Length":61,"Height":37,"Demand":1,"DemandMax":null,"Value":2257},{"Length":16,"Height":1,"Demand":1,"DemandMax":null,"Value":16},{"Length":10,"Height":44,"Demand":1,"DemandMax":null,"Value":440},{"Length":67,"Height":21,"Demand":1,"DemandMax":null,"Value":1407},{"Length":40,"Height":21,"Demand":1,"DemandMax":null,"Value":840},{"Length":20,"Height":66,"Demand":1,"DemandMax":null,"Value":1320},{"Length":29,"Height":11,"Demand":1,"DemandMax":null,"Value":319},{"Length":21,"Height":46,"Demand":1,"DemandMax":null,"Value":966},{"Length":86,"Height":93,"Demand":1,"DemandMax":null,"Value":7998},{"Length":47,"Height":7,"Demand":1,"DemandMax":null,"Value":329},{"Length":57,"Height":78,"Demand":1,"DemandMax":null,"Value":4446},{"Length":8,"Height":26,"Demand":1,"DemandMax":null,"Value":208},{"Length":20,"Height":9,"Demand":1,"DemandMax":null,"Value":180},{"Length":50,"Height":15,"Demand":1,"DemandMax":null,"Value":750},{"Length":86,"Height":65,"Demand":1,"DemandMax":null,"Value":5590},{"Length":50,"Height":17,"Demand":1,"DemandMax":null,"Value":850},{"Length":98,"Height":58,"Demand":1,"DemandMax":null,"Value":5684},{"Length":19,"Height":10,"Demand":1,"DemandMax":null,"Value":190},{"Length":35,"Height":30,"Demand":1,"DemandMax":null,"Value":1050},{"Length":2,"Height":7,"Demand":1,"DemandMax":null,"Value":14},{"Length":8,"Height":61,"Demand":1,"DemandMax":null,"Value":488},{"Length":76,"Height":50,"Demand":1,"DemandMax":null,"Value":3800},{"Length":62,"Height":61,"Demand":1,"DemandMax":null,"Value":3782},{"Length":53,"Height":18,"Demand":1,"DemandMax":null,"Value":954}]}