{"Name":"CLASS08_080_08","Objects":[{"Length":100,"Height":100,"Stock":null,"Cost":10000}],"Items":[{"Length":76,"Height":28,"Demand":1,"DemandMax":null,"Value":2128},{"Length":90,"Height":20,"Demand":1,"DemandMax":null,"Value":1800},{"Length":50,"Height":66,"Demand":1,"DemandMax":null,"Value":3300},{"Length":77,"Height":63,"Demand":1,"DemandMax":null,"Value":4851},{"Length":12,"Height":27,"Demand":1,"DemandMax":null,"Value":324},{"Length":22,"Height":89,"Demand":1,"DemandMax":null,"Value":1958},{"Length":1,"Height":69,"Demand":1,"DemandMax":null,"Value":69},{"Length":19,"Height":89,"Demand":1,"DemandMax":null,"Value":1691},{"Length":78,"Height":37,"Demand":1,"DemandMax":null,"Value":2886},{"Length":19,"Height":73,"Demand":1,"DemandMax":null,"Value":1387},{"Length":15,"Height":81,"Demand":1,"DemandMax":null,"Value":1215},{"Length":23,"Height":76,"Demand":1,"DemandMax":null,"Value":1748},{"Length":38,"Height":72,"Demand":1,"DemandMax":null,"Value":2736},{"Length":79,"Height":98,"Demand":1,"DemandMax":null,"Value":7742},{"Length":89,"Height":100,"Demand":1,"DemandMax":null,"Value":8900},{"Length":38,"Height":9,"Demand":1,"DemandMax":null,"Value":342},{"Length":19,"Height":44,"Demand":1,"DemandMax":null,"Value":836},{"Length":50,"Height":99,"Demand":1,"DemandMax":null,"Value":4950},{"Length":26,"Height":93,"Demand":1,"DemandMax":null,"Value":2418},{"Length":15,"Height":75,"Demand":1,"DemandMax":null,"Value":1125},{"Length":11,"Height":93,"Demand":1,"DemandMax":null,"Value":1023},{"Length":83,"Height":58,"Demand":1,"DemandMax":null,"Value":4814},{"Length":24,"Height":94,"Demand":1,"DemandMax":null,"Value":2256},{"Length":4,"Height":87,"Demand":1,"DemandMax":null,"Value":348},{"Length":65,"Height":96,"Demand":1,"DemandMax":null,"Value":6240},{"Length":27,"Height":87,"Demand":1,"DemandMax":null,"Value":2349},{"Length":34,"Height":68,"Demand":1,"DemandMax":null,"Value":2312},{"Length":4,"Height":72,"Demand":1,"DemandMax":null,"Value":288},{"Length":87,"Height":15,"Demand":1,"DemandMax":null,"Value":1305},{"Length":34,"Height":76,"Demand":1,"DemandMax":null,"Value":2584},{"Length":69,"Height":29,"Demand":1,"DemandMax":null,"Value":2001},{"Length":16,"Height":100,"Demand":1,"DemandMax":null,"Value":1600},{"Length":8,"Height":97,"Demand":1,"DemandMax":null,"Value":776},{"Length":66,"Height":12,"Demand":1,"DemandMax":null,"Value":792},{"Length":39,"Height":76,"Demand":1,"DemandMax":null,"Value":2964},{"Length":90,"Height":51,"Demand":1,"DemandMax":null,"Value":4590},{"Length":48,"Height":92,"Demand":1,"DemandMax":null,"Value":4416},{"Length":31,"Height":79,"Demand":1,"DemandMax":null,"Value":2449},{"Length":34,"Height":75,"Demand":1,"DemandMax":null,"Value":2550},{"Length":25,"Height":76,"Demand":1,"DemandMax":null,"Value":1900},{"Length":48,"Height":95,"Demand":1,"DemandMax":null,"Value":4560},{"Length":22,"Height":92,"Demand":1,"DemandMax":null,"Value":2024},{"Length":41,"Height":82,"Demand":1,"DemandMax":null,"Value":3362},{"Length":22,"Height":93,"Demand":1,"DemandMax":null,"Value":2046},{"Length":11,"Height":71,"Demand":1,"DemandMax":null,"Value":781},{"Length":25,"Height":79,"Demand":1,"DemandMax":null,"Value":1975},{"Length":9,"Height":45,"Demand":1,"DemandMax":null,"Value":405},{"Length":31,"Height":84,"Demand":1,"DemandMax":null,"Value":2604},{"Length":35,"Height":35,"Demand":1,"DemandMax":null,"Value":1225},{"Length":39,"Height":74,"Demand":1,"DemandMax":null,"Value":2886},{"Length":39,"Height":85,"Demand":1,"DemandMax":null,"Value":3315},{"Length":50,"Height":75,"Demand":1,"DemandMax":null,"Value":3750},{"Length":21,"Height":82,"Demand":1,"DemandMax":null,"Value":1722},{"Length":16,"Height":77,"Demand":1,"DemandMax":null,"Value":1232},{"Length":30,"Height":81,"Demand":1,"DemandMax":null,"Value":2430},{"Length":33,"Height":90,"Demand":1,"DemandMax":null,"Value":2970},{"Length":18,"Height":82,"Demand":1,"DemandMax":null,"Value":1476},{"Length":53,"Height":83,"Demand":1,"DemandMax":null,"Value":4399},{"Length":34,"Height":86,"Demand":1,"DemandMax":null,"Value":2924},{"Length":27,"Height":71,"Demand":1,"DemandMax":null,"Value":1917},{"Length":27,"Height":91,"Demand":1,"DemandMax":null,"Value":2457},{"Length":52,"Height":60,"Demand":1,"DemandMax":null,"Value":3120},{"Length":48,"Height":98,"Demand":1,"DemandMax":null,"Value":4704},{"Length":32,"Height":94,"Demand":1,"DemandMax":null,"Value":3008},{"Length":99,"Height":11,"Demand":1,"DemandMax":null,"Value":1089},{"Length":75,"Height":50,"Demand":1,"DemandMax":null,"Value":3750},{"Length":83,"Height":27,"Demand":1,"DemandMax":null,"Value":2241},{"Length":49,"Height":91,"Demand":1,"DemandMax":null,"Value":4459},{"Length":30,"Height":98,"Demand":1,"DemandMax":null,"Value":2940},{"Length":37,"Height":66,"Demand":1,"DemandMax":null,"Value":2442},{"Length":62,"Height":68,"Demand":1,"DemandMax":null,"Value":4216},{"Length":28,"Height":96,"Demand":1,"DemandMax":null,"Value":2688},{"Length":24,"Height":96,"Demand":1,"DemandMax":null,"Value":2304},{"Length":80,"Height":14,"Demand":1,"DemandMax":null,"Value":1120},{"Length":13,"Height":80,"Demand":1,"DemandMax":null,"Value":1040},{"Length":18,"Height":12,"Demand":1,"DemandMax":null,"Value":216},{"Length":30,"Height":67,"Demand":1,"DemandMax":null,"Value":2010},{"Length":18,"Height":38,"Demand":1,"DemandMax":null,"Value":684},{"Length":25,"Height":37,"Demand":1,"DemandMax":null,"Value":925},{"Length":20,"Height":42,"Demand":1,"DemandMax":null,"Value":840}]}