{"Name":"CLASS07_080_02","Objects":[{"Length":100,"Height":100,"Stock":null,"Cost":10000}],"Items":[{"Length":68,"Height":43,"Demand":1,"DemandMax":null,"Value":2924},{"Length":72,"Height":39,"Demand":2,"DemandMax":null,"Value":2808},{"Length":67,"Height":42,"Demand":1,"DemandMax":null,"Value":2814},{"Length":84,"Height":20,"Demand":1,"DemandMax":null,"Value":1680},{"Length":67,"Height":19,"Demand":1,"DemandMax":null,"Value":1273},{"Length":81,"Height":5,"Demand":1,"DemandMax":null,"Value":405},{"Length":69,"Height":23,"Demand":1,"DemandMax":null,"Value":1587},{"Length":97,"Height":43,"Demand":1,"DemandMax":null,"Value":4171},{"Length":73,"Height":6,"Demand":1,"DemandMax":null,"Value":438},{"Length":98,"Height":33,"Demand":1,"DemandMax":null,"Value":3234},{"Length":80,"Height":17,"Demand":1,"DemandMax":null,"Value":1360},{"Length":84,"Height":27,"Demand":1,"DemandMax":null,"Value":2268},{"Length":83,"Height":55,"Demand":1,"DemandMax":null,"Value":4565},{"Length":34,"Height":81,"Demand":1,"DemandMax":null,"Value":2754},{"Length":99,"Height":22,"Demand":1,"DemandMax":null,"Value":2178},{"Length":19,"Height":22,"Demand":1,"DemandMax":null,"Value":418},{"Length":76,"Height":17,"Demand":1,"DemandMax":null,"Value":1292},{"Length":88,"Height":24,"Demand":1,"DemandMax":null,"Value":2112},{"Length":86,"Height":89,"Demand":1,"DemandMax":null,"Value":7654},{"Length":23,"Height":29,"Demand":1,"DemandMax":null,"Value":667},{"Length":92,"Height":87,"Demand":1,"DemandMax":null,"Value":8004},{"Length":87,"Height":67,"Demand":1,"DemandMax":null,"Value":5829},{"Length":92,"Height":48,"Demand":1,"DemandMax":null,"Value":4416},{"Length":77,"Height":24,"Demand":1,"DemandMax":null,"Value":1848},{"Length":75,"Height":12,"Demand":1,"DemandMax":null,"Value":900},{"Length":99,"Height":8,"Demand":1,"DemandMax":null,"Value":792},{"Length":16,"Height":85,"Demand":1,"DemandMax":null,"Value":1360},{"Length":34,"Height":79,"Demand":1,"DemandMax":null,"Value":2686},{"Length":97,"Height":99,"Demand":1,"DemandMax":null,"Value":9603},{"Length":81,"Height":10,"Demand":1,"DemandMax":null,"Value":810},{"Length":69,"Height":21,"Demand":1,"DemandMax":null,"Value":1449},{"Length":75,"Height":27,"Demand":1,"DemandMax":null,"Value":2025},{"Length":42,"Height":98,"Demand":1,"DemandMax":null,"Value":4116},{"Length":71,"Height":23,"Demand":1,"DemandMax":null,"Value":1633},{"Length":69,"Height":25,"Demand":1,"DemandMax":null,"Value":1725},{"Length":69,"Height":47,"Demand":1,"DemandMax":null,"Value":3243},{"Length":98,"Height":56,"Demand":1,"DemandMax":null,"Value":5488},{"Length":69,"Height":48,"Demand":1,"DemandMax":null,"Value":3312},{"Length":78,"Height":41,"Demand":1,"DemandMax":null,"Value":3198},{"Length":71,"Height":28,"Demand":1,"DemandMax":null,"Value":1988},{"Length":77,"Height":28,"Demand":1,"DemandMax":null,"Value":2156},{"Length":75,"Height":35,"Demand":1,"DemandMax":null,"Value":2625},{"Length":95,"Height":18,"Demand":1,"DemandMax":null,"Value":1710},{"Length":81,"Height":21,"Demand":1,"DemandMax":null,"Value":1701},{"Length":98,"Height":11,"Demand":1,"DemandMax":null,"Value":1078},{"Length":89,"Height":34,"Demand":1,"DemandMax":null,"Value":3026},{"Length":78,"Height":56,"Demand":1,"DemandMax":null,"Value":4368},{"Length":99,"Height":74,"Demand":1,"DemandMax":null,"Value":7326},{"Length":92,"Height":6,"Demand":1,"DemandMax":null,"Value":552},{"Length":76,"Height":44,"Demand":1,"DemandMax":null,"Value":3344},{"Length":26,"Height":71,"Demand":1,"DemandMax":null,"Value":1846},{"Length":91,"Height":41,"Demand":1,"DemandMax":null,"Value":3731},{"Length":94,"Height":12,"Demand":1,"DemandMax":null,"Value":1128},{"Length":10,"Height":16,"Demand":1,"DemandMax":null,"Value":160},{"Length":85,"Height":69,"Demand":1,"DemandMax":null,"Value":5865},{"Length":90,"Height":19,"Demand":1,"DemandMax":null,"Value":1710},{"Length":6,"Height":86,"Demand":1,"DemandMax":null,"Value":516},{"Length":76,"Height":49,"Demand":1,"DemandMax":null,"Value":3724},{"Length":69,"Height":44,"Demand":1,"DemandMax":null,"Value":3036},{"Length":98,"Height":8,"Demand":1,"DemandMax":null,"Value":784},{"Length":88,"Height":10,"Demand":1,"DemandMax":null,"Value":880},{"Length":88,"Height":44,"Demand":1,"DemandMax":null,"Value":3872},{"Length":88,"Height":79,"Demand":1,"DemandMax":null,"Value":6952},{"Length":79,"Height":9,"Demand":1,"DemandMax":null,"Value":711},{"Length":21,"Height":2,"Demand":1,"DemandMax":null,"Value":42},{"Length":60,"Height":50,"Demand":1,"DemandMax":null,"Value":3000},{"Length":88,"Height":27,"Demand":1,"DemandMax":null,"Value":2376},{"Length":4,"Height":80,"Demand":1,"DemandMax":null,"Value":320},{"Length":21,"Height":5,"Demand":1,"DemandMax":null,"Value":105},{"Length":66,"Height":20,"Demand":1,"DemandMax":null,"Value":1320},{"Length":38,"Height":90,"Demand":1,"DemandMax":null,"Value":3420},{"Length":66,"Height":46,"Demand":1,"DemandMax":null,"Value":3036},{"Length":88,"Height":20,"Demand":1,"DemandMax":null,"Value":1760},{"Length":67,"Height":50,"Demand":1,"DemandMax":null,"Value":3350},{"Length":69,"Height":6,"Demand":1,"DemandMax":null,"Value":414},{"Length":8,"Height":88,"Demand":1,"DemandMax":null,"Value":704},{"Length":69,"Height":46,"Demand":1,"DemandMax":null,"Value":3174},{"Length":66,"Height":92,"Demand":1,"DemandMax":null,"Value":6072},{"Length":89,"Height":39,"Demand":1,"DemandMax":null,"Value":3471}]}