{"Name":"CLASS07_020_05","Objects":[{"Length":100,"Height":100,"Stock":null,"Cost":10000}],"Items":[{"Length":97,"Height":48,"Demand":1,"DemandMax":null,"Value":4656},{"Length":71,"Height":18,"Demand":1,"DemandMax":null,"Value":1278},{"Length":9,"Height":46,"Demand":1,"DemandMax":null,"Value":414},{"Length":94,"Height":49,"Demand":1,"DemandMax":null,"Value":4606},{"Length":82,"Height":22,"Demand":1,"DemandMax":null,"Value":1804},{"Length":67,"Height":33,"Demand":1,"DemandMax":null,"Value":2211},{"Length":96,"Height":25,"Demand":1,"DemandMax":null,"Value":2400},{"Length":94,"Height":19,"Demand":1,"DemandMax":null,"Value":1786},{"Length":15,"Height":7,"Demand":1,"DemandMax":null,"Value":105},{"Length":71,"Height":8,"Demand":1,"DemandMax":null,"Value":568},{"Length":90,"Height":66,"Demand":1,"DemandMax":null,"Value":5940},{"Length":68,"Height":1,"Demand":1,"DemandMax":null,"Value":68},{"Length":78,"Height":4,"Demand":1,"DemandMax":null,"Value":312},{"Length":84,"Height":46,"Demand":1,"DemandMax":null,"Value":3864},{"Length":99,"Height":20,"Demand":1,"DemandMax":null,"Value":1980},{"Length":84,"Height":44,"Demand":1,"DemandMax":null,"Value":3696},{"Length":87,"Height":13,"Demand":1,"DemandMax":null,"Value":1131},{"Length":69,"Height":45,"Demand":1,"DemandMax":null,"Value":3105},{"Length":78,"Height":34,"Demand":1,"DemandMax":null,"Value":2652},{"Length":74,"Height":49,"Demand":1,"DemandMax":null,"Value":3626}]}