{"Name":"CLASS09_100_07","Objects":[{"Length":100,"Height":100,"Stock":null,"Cost":10000}],"Items":[{"Length":70,"Height":74,"Demand":1,"DemandMax":null,"Value":5180},{"Length":53,"Height":52,"Demand":1,"DemandMax":null,"Value":2756},{"Length":62,"Height":75,"Demand":1,"DemandMax":null,"Value":4650},{"Length":41,"Height":12,"Demand":1,"DemandMax":null,"Value":492},{"Length":70,"Height":5,"Demand":1,"DemandMax":null,"Value":350},{"Length":69,"Height":24,"Demand":1,"DemandMax":null,"Value":1656},{"Length":54,"Height":62,"Demand":1,"DemandMax":null,"Value":3348},{"Length":98,"Height":90,"Demand":1,"DemandMax":null,"Value":8820},{"Length":54,"Height":98,"Demand":1,"DemandMax":null,"Value":5292},{"Length":19,"Height":8,"Demand":1,"DemandMax":null,"Value":152},{"Length":9,"Height":12,"Demand":1,"DemandMax":null,"Value":108},{"Length":67,"Height":79,"Demand":1,"DemandMax":null,"Value":5293},{"Length":64,"Height":52,"Demand":1,"DemandMax":null,"Value":3328},{"Length":96,"Height":3,"Demand":1,"DemandMax":null,"Value":288},{"Length":24,"Height":22,"Demand":1,"DemandMax":null,"Value":528},{"Length":49,"Height":30,"Demand":1,"DemandMax":null,"Value":1470},{"Length":86,"Height":69,"Demand":1,"DemandMax":null,"Value":5934},{"Length":81,"Height":59,"Demand":1,"DemandMax":null,"Value":4779},{"Length":66,"Height":44,"Demand":1,"DemandMax":null,"Value":2904},{"Length":91,"Height":92,"Demand":1,"DemandMax":null,"Value":8372},{"Length":69,"Height":97,"Demand":1,"DemandMax":null,"Value":6693},{"Length":86,"Height":28,"Demand":1,"DemandMax":null,"Value":2408},{"Length":90,"Height":78,"Demand":1,"DemandMax":null,"Value":7020},{"Length":46,"Height":77,"Demand":1,"DemandMax":null,"Value":3542},{"Length":64,"Height":87,"Demand":1,"DemandMax":null,"Value":5568},{"Length":90,"Height":57,"Demand":1,"DemandMax":null,"Value":5130},{"Length":41,"Height":82,"Demand":1,"DemandMax":null,"Value":3362},{"Length":73,"Height":2,"Demand":1,"DemandMax":null,"Value":146},{"Length":80,"Height":38,"Demand":1,"DemandMax":null,"Value":3040},{"Length":12,"Height":50,"Demand":1,"DemandMax":null,"Value":600},{"Length":67,"Height":31,"Demand":1,"DemandMax":null,"Value":2077},{"Length":89,"Height":100,"Demand":1,"DemandMax":null,"Value":8900},{"Length":92,"Height":1,"Demand":1,"DemandMax":null,"Value":92},{"Length":95,"Height":52,"Demand":1,"DemandMax":null,"Value":4940},{"Length":27,"Height":100,"Demand":1,"DemandMax":null,"Value":2700},{"Length":78,"Height":58,"Demand":1,"DemandMax":null,"Value":4524},{"Length":68,"Height":75,"Demand":1,"DemandMax":null,"Value":5100},{"Length":90,"Height":68,"Demand":1,"DemandMax":null,"Value":6120},{"Length":62,"Height":80,"Demand":1,"DemandMax":null,"Value":4960},{"Length":79,"Height":80,"Demand":1,"DemandMax":null,"Value":6320},{"Length":59,"Height":61,"Demand":1,"DemandMax":null,"Value":3599},{"Length":97,"Height":95,"Demand":1,"DemandMax":null,"Value":9215},{"Length":72,"Height":22,"Demand":1,"DemandMax":null,"Value":1584},{"Length":92,"Height":62,"Demand":1,"DemandMax":null,"Value":5704},{"Length":62,"Height":59,"Demand":1,"DemandMax":null,"Value":3658},{"Length":65,"Height":83,"Demand":1,"DemandMax":null,"Value":5395},{"Length":68,"Height":76,"Demand":1,"DemandMax":null,"Value":5168},{"Length":66,"Height":56,"Demand":1,"DemandMax":null,"Value":3696},{"Length":78,"Height":69,"Demand":1,"DemandMax":null,"Value":5382},{"Length":96,"Height":83,"Demand":1,"DemandMax":null,"Value":7968},{"Length":90,"Height":91,"Demand":1,"DemandMax":null,"Value":8190},{"Length":52,"Height":62,"Demand":1,"DemandMax":null,"Value":3224},{"Length":53,"Height":91,"Demand":1,"DemandMax":null,"Value":4823},{"Length":38,"Height":97,"Demand":1,"DemandMax":null,"Value":3686},{"Length":22,"Height":78,"Demand":1,"DemandMax":null,"Value":1716},{"Length":50,"Height":80,"Demand":1,"DemandMax":null,"Value":4000},{"Length":92,"Height":74,"Demand":1,"DemandMax":null,"Value":6808},{"Length":91,"Height":68,"Demand":1,"DemandMax":null,"Value":6188},{"Length":65,"Height":57,"Demand":1,"DemandMax":null,"Value":3705},{"Length":72,"Height":10,"Demand":1,"DemandMax":null,"Value":720},{"Length":92,"Height":68,"Demand":1,"DemandMax":null,"Value":6256},{"Length":56,"Height":53,"Demand":1,"DemandMax":null,"Value":2968},{"Length":71,"Height":57,"Demand":1,"DemandMax":null,"Value":4047},{"Length":31,"Height":100,"Demand":1,"DemandMax":null,"Value":3100},{"Length":53,"Height":75,"Demand":1,"DemandMax":null,"Value":3975},{"Length":33,"Height":50,"Demand":1,"DemandMax":null,"Value":1650},{"Length":89,"Height":69,"Demand":1,"DemandMax":null,"Value":6141},{"Length":63,"Height":52,"Demand":1,"DemandMax":null,"Value":3276},{"Length":76,"Height":93,"Demand":1,"DemandMax":null,"Value":7068},{"Length":71,"Height":58,"Demand":1,"DemandMax":null,"Value":4118},{"Length":67,"Height":94,"Demand":1,"DemandMax":null,"Value":6298},{"Length":8,"Height":17,"Demand":1,"DemandMax":null,"Value":136},{"Length":61,"Height":72,"Demand":1,"DemandMax":null,"Value":4392},{"Length":81,"Height":29,"Demand":1,"DemandMax":null,"Value":2349},{"Length":71,"Height":29,"Demand":1,"DemandMax":null,"Value":2059},{"Length":63,"Height":93,"Demand":1,"DemandMax":null,"Value":5859},{"Length":57,"Height":63,"Demand":1,"DemandMax":null,"Value":3591},{"Length":84,"Height":60,"Demand":1,"DemandMax":null,"Value":5040},{"Length":60,"Height":76,"Demand":1,"DemandMax":null,"Value":4560},{"Length":81,"Height":80,"Demand":1,"DemandMax":null,"Value":6480},{"Length":16,"Height":77,"Demand":1,"DemandMax":null,"Value":1232},{"Length":8,"Height":4,"Demand":1,"DemandMax":null,"Value":32},{"Length":74,"Height":85,"Demand":1,"DemandMax":null,"Value":6290},{"Length":60,"Height":79,"Demand":1,"DemandMax":null,"Value":4740},{"Length":36,"Height":87,"Demand":1,"DemandMax":null,"Value":3132},{"Length":93,"Height":58,"Demand":1,"DemandMax":null,"Value":5394},{"Length":100,"Height":55,"Demand":1,"DemandMax":null,"Value":5500},{"Length":51,"Height":91,"Demand":1,"DemandMax":null,"Value":4641},{"Length":67,"Height":57,"Demand":1,"DemandMax":null,"Value":3819},{"Length":89,"Height":75,"Demand":1,"DemandMax":null,"Value":6675},{"Length":37,"Height":92,"Demand":1,"DemandMax":null,"Value":3404},{"Length":5,"Height":13,"Demand":1,"DemandMax":null,"Value":65},{"Length":60,"Height":96,"Demand":1,"DemandMax":null,"Value":5760},{"Length":98,"Height":53,"Demand":1,"DemandMax":null,"Value":5194},{"Length":86,"Height":81,"Demand":1,"DemandMax":null,"Value":6966},{"Length":19,"Height":48,"Demand":1,"DemandMax":null,"Value":912},{"Length":65,"Height":95,"Demand":1,"DemandMax":null,"Value":6175},{"Length":68,"Height":94,"Demand":1,"DemandMax":null,"Value":6392},{"Length":97,"Height":87,"Demand":1,"DemandMax":null,"Value":8439},{"Length":97,"Height":43,"Demand":1,"DemandMax":null,"Value":4171}]}