{"Name":"CLASS02_020_09","Objects":[{"Length":30,"Height":30,"Stock":null,"Cost":900}],"Items":[{"Length":6,"Height":4,"Demand":2,"DemandMax":null,"Value":24},{"Length":3,"Height":4,"Demand":1,"DemandMax":null,"Value":12},{"Length":10,"Height":5,"Demand":1,"DemandMax":null,"Value":50},{"Length":6,"Height":8,"Demand":1,"DemandMax":null,"Value":48},{"Length":4,"Height":10,"Demand":1,"DemandMax":null,"Value":40},{"Length":8,"Height":9,"Demand":1,"DemandMax":null,"Value":72},{"Length":7,"Height":8,"Demand":1,"DemandMax":null,"Value":56},{"Length":5,"Height":2,"Demand":1,"DemandMax":null,"Value":10},{"Length":6,"Height":9,"Demand":1,"DemandMax":null,"Value":54},{"Length":9,"Height":3,"Demand":1,"DemandMax":null,"Value":27},{"Length":7,"Height":9,"Demand":1,"DemandMax":null,"Value":63},{"Length":5,"Height":5,"Demand":1,"DemandMax":null,"Value":25},{"Length":1,"Height":4,"Demand":1,"DemandMax":null,"Value":4},{"Length":9,"Height":2,"Demand":1,"DemandMax":null,"Value":18},{"Length":4,"Height":7,"Demand":1,"DemandMax":null,"Value":28},{"Length":4,"Height":1,"Demand":1,"DemandMax":null,"Value":4},{"Length":2,"Height":10,"Demand":1,"DemandMax":null,"Value":20},{"Length":4,"Height":3,"Demand":1,"DemandMax":null,"Value":12},{"Length":8,"Height":3,"Demand":1,"DemandMax":null,"Value":24}]}