{"Name":"CLASS10_060_10","Objects":[{"Length":100,"Height":100,"Stock":null,"Cost":10000}],"Items":[{"Length":38,"Height":36,"Demand":1,"DemandMax":null,"Value":1368},{"Length":74,"Height":74,"Demand":1,"DemandMax":null,"Value":5476},{"Length":18,"Height":75,"Demand":1,"DemandMax":null,"Value":1350},{"Length":38,"Height":48,"Demand":1,"DemandMax":null,"Value":1824},{"Length":27,"Height":97,"Demand":1,"DemandMax":null,"Value":2619},{"Length":4,"Height":49,"Demand":1,"DemandMax":null,"Value":196},{"Length":14,"Height":29,"Demand":2,"DemandMax":null,"Value":406},{"Length":24,"Height":85,"Demand":1,"DemandMax":null,"Value":2040},{"Length":28,"Height":16,"Demand":1,"DemandMax":null,"Value":448},{"Length":46,"Height":35,"Demand":1,"DemandMax":null,"Value":1610},{"Length":20,"Height":6,"Demand":1,"DemandMax":null,"Value":120},{"Length":21,"Height":20,"Demand":1,"DemandMax":null,"Value":420},{"Length":41,"Height":48,"Demand":1,"DemandMax":null,"Value":1968},{"Length":49,"Height":33,"Demand":1,"DemandMax":null,"Value":1617},{"Length":39,"Height":44,"Demand":1,"DemandMax":null,"Value":1716},{"Length":30,"Height":24,"Demand":1,"DemandMax":null,"Value":720},{"Length":15,"Height":43,"Demand":1,"DemandMax":null,"Value":645},{"Length":14,"Height":43,"Demand":1,"DemandMax":null,"Value":602},{"Length":19,"Height":44,"Demand":1,"DemandMax":null,"Value":836},{"Length":50,"Height":40,"Demand":1,"DemandMax":null,"Value":2000},{"Length":1,"Height":99,"Demand":1,"DemandMax":null,"Value":99},{"Length":40,"Height":14,"Demand":1,"DemandMax":null,"Value":560},{"Length":11,"Height":69,"Demand":1,"DemandMax":null,"Value":759},{"Length":33,"Height":17,"Demand":1,"DemandMax":null,"Value":561},{"Length":49,"Height":16,"Demand":1,"DemandMax":null,"Value":784},{"Length":85,"Height":47,"Demand":1,"DemandMax":null,"Value":3995},{"Length":27,"Height":6,"Demand":1,"DemandMax":null,"Value":162},{"Length":8,"Height":45,"Demand":1,"DemandMax":null,"Value":360},{"Length":28,"Height":42,"Demand":1,"DemandMax":null,"Value":1176},{"Length":30,"Height":14,"Demand":1,"DemandMax":null,"Value":420},{"Length":32,"Height":69,"Demand":1,"DemandMax":null,"Value":2208},{"Length":29,"Height":36,"Demand":1,"DemandMax":null,"Value":1044},{"Length":39,"Height":48,"Demand":1,"DemandMax":null,"Value":1872},{"Length":7,"Height":11,"Demand":1,"DemandMax":null,"Value":77},{"Length":100,"Height":18,"Demand":1,"DemandMax":null,"Value":1800},{"Length":12,"Height":39,"Demand":1,"DemandMax":null,"Value":468},{"Length":12,"Height":16,"Demand":1,"DemandMax":null,"Value":192},{"Length":45,"Height":19,"Demand":1,"DemandMax":null,"Value":855},{"Length":78,"Height":92,"Demand":1,"DemandMax":null,"Value":7176},{"Length":6,"Height":3,"Demand":1,"DemandMax":null,"Value":18},{"Length":47,"Height":46,"Demand":1,"DemandMax":null,"Value":2162},{"Length":45,"Height":39,"Demand":1,"DemandMax":null,"Value":1755},{"Length":19,"Height":27,"Demand":1,"DemandMax":null,"Value":513},{"Length":12,"Height":85,"Demand":1,"DemandMax":null,"Value":1020},{"Length":44,"Height":37,"Demand":1,"DemandMax":null,"Value":1628},{"Length":7,"Height":21,"Demand":1,"DemandMax":null,"Value":147},{"Length":21,"Height":25,"Demand":1,"DemandMax":null,"Value":525},{"Length":30,"Height":77,"Demand":1,"DemandMax":null,"Value":2310},{"Length":2,"Height":40,"Demand":1,"DemandMax":null,"Value":80},{"Length":31,"Height":14,"Demand":1,"DemandMax":null,"Value":434},{"Length":35,"Height":33,"Demand":1,"DemandMax":null,"Value":1155},{"Length":9,"Height":16,"Demand":1,"DemandMax":null,"Value":144},{"Length":22,"Height":5,"Demand":1,"DemandMax":null,"Value":110},{"Length":65,"Height":69,"Demand":1,"DemandMax":null,"Value":4485},{"Length":11,"Height":4,"Demand":1,"DemandMax":null,"Value":44},{"Length":50,"Height":26,"Demand":1,"DemandMax":null,"Value":1300},{"Length":3,"Height":31,"Demand":1,"DemandMax":null,"Value":93},{"Length":13,"Height":36,"Demand":1,"DemandMax":null,"Value":468},{"Length":48,"Height":36,"Demand":1,"DemandMax":null,"Value":1728}]}