{"Name":"CLASS10_080_02","Objects":[{"Length":100,"Height":100,"Stock":null,"Cost":10000}],"Items":[{"Length":5,"Height":43,"Demand":1,"DemandMax":null,"Value":215},{"Length":9,"Height":39,"Demand":1,"DemandMax":null,"Value":351},{"Length":2,"Height":42,"Demand":1,"DemandMax":null,"Value":84},{"Length":27,"Height":79,"Demand":1,"DemandMax":null,"Value":2133},{"Length":2,"Height":19,"Demand":1,"DemandMax":null,"Value":38},{"Length":22,"Height":5,"Demand":1,"DemandMax":null,"Value":110},{"Length":6,"Height":23,"Demand":1,"DemandMax":null,"Value":138},{"Length":46,"Height":43,"Demand":1,"DemandMax":null,"Value":1978},{"Length":12,"Height":6,"Demand":1,"DemandMax":null,"Value":72},{"Length":98,"Height":33,"Demand":1,"DemandMax":null,"Value":3234},{"Length":21,"Height":17,"Demand":1,"DemandMax":null,"Value":357},{"Length":27,"Height":84,"Demand":1,"DemandMax":null,"Value":2268},{"Length":33,"Height":6,"Demand":1,"DemandMax":null,"Value":198},{"Length":34,"Height":23,"Demand":1,"DemandMax":null,"Value":782},{"Length":48,"Height":81,"Demand":1,"DemandMax":null,"Value":3888},{"Length":19,"Height":22,"Demand":1,"DemandMax":null,"Value":418},{"Length":16,"Height":17,"Demand":1,"DemandMax":null,"Value":272},{"Length":32,"Height":24,"Demand":1,"DemandMax":null,"Value":768},{"Length":37,"Height":39,"Demand":1,"DemandMax":null,"Value":1443},{"Length":23,"Height":29,"Demand":1,"DemandMax":null,"Value":667},{"Length":10,"Height":39,"Demand":1,"DemandMax":null,"Value":390},{"Length":42,"Height":37,"Demand":1,"DemandMax":null,"Value":1554},{"Length":37,"Height":18,"Demand":1,"DemandMax":null,"Value":666},{"Length":89,"Height":98,"Demand":1,"DemandMax":null,"Value":8722},{"Length":17,"Height":24,"Demand":1,"DemandMax":null,"Value":408},{"Length":63,"Height":61,"Demand":1,"DemandMax":null,"Value":3843},{"Length":99,"Height":8,"Demand":1,"DemandMax":null,"Value":792},{"Length":16,"Height":29,"Demand":1,"DemandMax":null,"Value":464},{"Length":34,"Height":20,"Demand":1,"DemandMax":null,"Value":680},{"Length":47,"Height":49,"Demand":1,"DemandMax":null,"Value":2303},{"Length":23,"Height":10,"Demand":1,"DemandMax":null,"Value":230},{"Length":5,"Height":21,"Demand":1,"DemandMax":null,"Value":105},{"Length":63,"Height":77,"Demand":1,"DemandMax":null,"Value":4851},{"Length":42,"Height":47,"Demand":1,"DemandMax":null,"Value":1974},{"Length":8,"Height":81,"Demand":1,"DemandMax":null,"Value":648},{"Length":6,"Height":25,"Demand":1,"DemandMax":null,"Value":150},{"Length":69,"Height":47,"Demand":1,"DemandMax":null,"Value":3243},{"Length":48,"Height":7,"Demand":1,"DemandMax":null,"Value":336},{"Length":69,"Height":48,"Demand":1,"DemandMax":null,"Value":3312},{"Length":19,"Height":41,"Demand":1,"DemandMax":null,"Value":779},{"Length":71,"Height":28,"Demand":1,"DemandMax":null,"Value":1988},{"Length":17,"Height":85,"Demand":1,"DemandMax":null,"Value":1445},{"Length":14,"Height":90,"Demand":1,"DemandMax":null,"Value":1260},{"Length":43,"Height":78,"Demand":1,"DemandMax":null,"Value":3354},{"Length":22,"Height":21,"Demand":1,"DemandMax":null,"Value":462},{"Length":47,"Height":11,"Demand":1,"DemandMax":null,"Value":517},{"Length":34,"Height":34,"Demand":1,"DemandMax":null,"Value":1156},{"Length":28,"Height":7,"Demand":1,"DemandMax":null,"Value":196},{"Length":49,"Height":25,"Demand":1,"DemandMax":null,"Value":1225},{"Length":38,"Height":6,"Demand":1,"DemandMax":null,"Value":228},{"Length":16,"Height":96,"Demand":1,"DemandMax":null,"Value":1536},{"Length":26,"Height":8,"Demand":1,"DemandMax":null,"Value":208},{"Length":36,"Height":41,"Demand":1,"DemandMax":null,"Value":1476},{"Length":41,"Height":12,"Demand":1,"DemandMax":null,"Value":492},{"Length":10,"Height":16,"Demand":1,"DemandMax":null,"Value":160},{"Length":35,"Height":20,"Demand":1,"DemandMax":null,"Value":700},{"Length":36,"Height":19,"Demand":1,"DemandMax":null,"Value":684},{"Length":6,"Height":30,"Demand":1,"DemandMax":null,"Value":180},{"Length":76,"Height":49,"Demand":1,"DemandMax":null,"Value":3724},{"Length":55,"Height":94,"Demand":1,"DemandMax":null,"Value":5170},{"Length":47,"Height":8,"Demand":1,"DemandMax":null,"Value":376},{"Length":83,"Height":59,"Demand":1,"DemandMax":null,"Value":4897},{"Length":32,"Height":44,"Demand":1,"DemandMax":null,"Value":1408},{"Length":38,"Height":29,"Demand":1,"DemandMax":null,"Value":1102},{"Length":79,"Height":9,"Demand":1,"DemandMax":null,"Value":711},{"Length":21,"Height":2,"Demand":1,"DemandMax":null,"Value":42},{"Length":11,"Height":1,"Demand":1,"DemandMax":null,"Value":11},{"Length":32,"Height":27,"Demand":1,"DemandMax":null,"Value":864},{"Length":4,"Height":22,"Demand":1,"DemandMax":null,"Value":88},{"Length":21,"Height":5,"Demand":1,"DemandMax":null,"Value":105},{"Length":1,"Height":20,"Demand":1,"DemandMax":null,"Value":20},{"Length":38,"Height":36,"Demand":1,"DemandMax":null,"Value":1368},{"Length":1,"Height":46,"Demand":1,"DemandMax":null,"Value":46},{"Length":33,"Height":79,"Demand":1,"DemandMax":null,"Value":2607},{"Length":3,"Height":50,"Demand":1,"DemandMax":null,"Value":150},{"Length":69,"Height":6,"Demand":1,"DemandMax":null,"Value":414},{"Length":8,"Height":32,"Demand":1,"DemandMax":null,"Value":256},{"Length":6,"Height":46,"Demand":1,"DemandMax":null,"Value":276},{"Length":17,"Height":42,"Demand":1,"DemandMax":null,"Value":714},{"Length":34,"Height":39,"Demand":1,"DemandMax":null,"Value":1326}]}