{"Name":"CLASS07_080_09","Objects":[{"Length":100,"Height":100,"Stock":null,"Cost":10000}],"Items":[{"Length":84,"Height":41,"Demand":1,"DemandMax":null,"Value":3444},{"Length":76,"Height":48,"Demand":1,"DemandMax":null,"Value":3648},{"Length":72,"Height":5,"Demand":1,"DemandMax":null,"Value":360},{"Length":87,"Height":7,"Demand":1,"DemandMax":null,"Value":609},{"Length":80,"Height":22,"Demand":1,"DemandMax":null,"Value":1760},{"Length":100,"Height":44,"Demand":1,"DemandMax":null,"Value":4400},{"Length":72,"Height":41,"Demand":1,"DemandMax":null,"Value":2952},{"Length":80,"Height":8,"Demand":1,"DemandMax":null,"Value":640},{"Length":26,"Height":14,"Demand":1,"DemandMax":null,"Value":364},{"Length":45,"Height":66,"Demand":1,"DemandMax":null,"Value":2970},{"Length":80,"Height":39,"Demand":1,"DemandMax":null,"Value":3120},{"Length":22,"Height":22,"Demand":1,"DemandMax":null,"Value":484},{"Length":96,"Height":17,"Demand":1,"DemandMax":null,"Value":1632},{"Length":67,"Height":20,"Demand":1,"DemandMax":null,"Value":1340},{"Length":44,"Height":99,"Demand":1,"DemandMax":null,"Value":4356},{"Length":90,"Height":46,"Demand":1,"DemandMax":null,"Value":4140},{"Length":81,"Height":33,"Demand":1,"DemandMax":null,"Value":2673},{"Length":22,"Height":1,"Demand":1,"DemandMax":null,"Value":22},{"Length":28,"Height":79,"Demand":1,"DemandMax":null,"Value":2212},{"Length":73,"Height":33,"Demand":1,"DemandMax":null,"Value":2409},{"Length":74,"Height":10,"Demand":1,"DemandMax":null,"Value":740},{"Length":52,"Height":93,"Demand":1,"DemandMax":null,"Value":4836},{"Length":25,"Height":3,"Demand":1,"DemandMax":null,"Value":75},{"Length":98,"Height":31,"Demand":1,"DemandMax":null,"Value":3038},{"Length":15,"Height":48,"Demand":1,"DemandMax":null,"Value":720},{"Length":45,"Height":47,"Demand":1,"DemandMax":null,"Value":2115},{"Length":88,"Height":47,"Demand":1,"DemandMax":null,"Value":4136},{"Length":97,"Height":41,"Demand":1,"DemandMax":null,"Value":3977},{"Length":85,"Height":49,"Demand":1,"DemandMax":null,"Value":4165},{"Length":100,"Height":13,"Demand":1,"DemandMax":null,"Value":1300},{"Length":67,"Height":3,"Demand":1,"DemandMax":null,"Value":201},{"Length":69,"Height":13,"Demand":1,"DemandMax":null,"Value":897},{"Length":68,"Height":11,"Demand":1,"DemandMax":null,"Value":748},{"Length":15,"Height":40,"Demand":1,"DemandMax":null,"Value":600},{"Length":89,"Height":21,"Demand":1,"DemandMax":null,"Value":1869},{"Length":77,"Height":96,"Demand":1,"DemandMax":null,"Value":7392},{"Length":94,"Height":34,"Demand":1,"DemandMax":null,"Value":3196},{"Length":93,"Height":79,"Demand":1,"DemandMax":null,"Value":7347},{"Length":84,"Height":50,"Demand":1,"DemandMax":null,"Value":4200},{"Length":60,"Height":91,"Demand":1,"DemandMax":null,"Value":5460},{"Length":93,"Height":20,"Demand":1,"DemandMax":null,"Value":1860},{"Length":82,"Height":80,"Demand":1,"DemandMax":null,"Value":6560},{"Length":87,"Height":42,"Demand":1,"DemandMax":null,"Value":3654},{"Length":69,"Height":48,"Demand":1,"DemandMax":null,"Value":3312},{"Length":100,"Height":17,"Demand":1,"DemandMax":null,"Value":1700},{"Length":88,"Height":43,"Demand":1,"DemandMax":null,"Value":3784},{"Length":98,"Height":44,"Demand":1,"DemandMax":null,"Value":4312},{"Length":74,"Height":16,"Demand":1,"DemandMax":null,"Value":1184},{"Length":72,"Height":75,"Demand":1,"DemandMax":null,"Value":5400},{"Length":46,"Height":77,"Demand":1,"DemandMax":null,"Value":3542},{"Length":83,"Height":9,"Demand":1,"DemandMax":null,"Value":747},{"Length":87,"Height":46,"Demand":1,"DemandMax":null,"Value":4002},{"Length":56,"Height":96,"Demand":1,"DemandMax":null,"Value":5376},{"Length":79,"Height":3,"Demand":1,"DemandMax":null,"Value":237},{"Length":76,"Height":35,"Demand":1,"DemandMax":null,"Value":2660},{"Length":73,"Height":37,"Demand":1,"DemandMax":null,"Value":2701},{"Length":66,"Height":28,"Demand":1,"DemandMax":null,"Value":1848},{"Length":69,"Height":50,"Demand":1,"DemandMax":null,"Value":3450},{"Length":77,"Height":23,"Demand":1,"DemandMax":null,"Value":1771},{"Length":67,"Height":41,"Demand":1,"DemandMax":null,"Value":2747},{"Length":71,"Height":21,"Demand":1,"DemandMax":null,"Value":1491},{"Length":3,"Height":71,"Demand":1,"DemandMax":null,"Value":213},{"Length":86,"Height":22,"Demand":1,"DemandMax":null,"Value":1892},{"Length":70,"Height":5,"Demand":1,"DemandMax":null,"Value":350},{"Length":85,"Height":27,"Demand":1,"DemandMax":null,"Value":2295},{"Length":74,"Height":30,"Demand":1,"DemandMax":null,"Value":2220},{"Length":4,"Height":89,"Demand":1,"DemandMax":null,"Value":356},{"Length":80,"Height":32,"Demand":1,"DemandMax":null,"Value":2560},{"Length":71,"Height":44,"Demand":1,"DemandMax":null,"Value":3124},{"Length":33,"Height":12,"Demand":1,"DemandMax":null,"Value":396},{"Length":90,"Height":56,"Demand":1,"DemandMax":null,"Value":5040},{"Length":48,"Height":20,"Demand":1,"DemandMax":null,"Value":960},{"Length":100,"Height":22,"Demand":1,"DemandMax":null,"Value":2200},{"Length":16,"Height":6,"Demand":1,"DemandMax":null,"Value":96},{"Length":92,"Height":41,"Demand":1,"DemandMax":null,"Value":3772},{"Length":37,"Height":20,"Demand":1,"DemandMax":null,"Value":740},{"Length":68,"Height":13,"Demand":1,"DemandMax":null,"Value":884},{"Length":72,"Height":12,"Demand":1,"DemandMax":null,"Value":864},{"Length":99,"Height":37,"Demand":1,"DemandMax":null,"Value":3663},{"Length":91,"Height":32,"Demand":1,"DemandMax":null,"Value":2912}]}