{"Name":"CLASS08_100_02","Objects":[{"Length":100,"Height":100,"Stock":null,"Cost":10000}],"Items":[{"Length":25,"Height":39,"Demand":1,"DemandMax":null,"Value":975},{"Length":15,"Height":69,"Demand":1,"DemandMax":null,"Value":1035},{"Length":37,"Height":48,"Demand":1,"DemandMax":null,"Value":1776},{"Length":9,"Height":72,"Demand":1,"DemandMax":null,"Value":648},{"Length":26,"Height":72,"Demand":1,"DemandMax":null,"Value":1872},{"Length":6,"Height":42,"Demand":1,"DemandMax":null,"Value":252},{"Length":44,"Height":82,"Demand":1,"DemandMax":null,"Value":3608},{"Length":7,"Height":67,"Demand":1,"DemandMax":null,"Value":469},{"Length":39,"Height":95,"Demand":1,"DemandMax":null,"Value":3705},{"Length":10,"Height":93,"Demand":1,"DemandMax":null,"Value":930},{"Length":12,"Height":74,"Demand":1,"DemandMax":null,"Value":888},{"Length":16,"Height":69,"Demand":1,"DemandMax":null,"Value":1104},{"Length":13,"Height":91,"Demand":1,"DemandMax":null,"Value":1183},{"Length":24,"Height":100,"Demand":1,"DemandMax":null,"Value":2400},{"Length":42,"Height":13,"Demand":1,"DemandMax":null,"Value":546},{"Length":36,"Height":80,"Demand":1,"DemandMax":null,"Value":2880},{"Length":49,"Height":43,"Demand":1,"DemandMax":null,"Value":2107},{"Length":1,"Height":80,"Demand":1,"DemandMax":null,"Value":80},{"Length":34,"Height":83,"Demand":1,"DemandMax":null,"Value":2822},{"Length":18,"Height":99,"Demand":1,"DemandMax":null,"Value":1782},{"Length":47,"Height":72,"Demand":1,"DemandMax":null,"Value":3384},{"Length":39,"Height":68,"Demand":1,"DemandMax":null,"Value":2652},{"Length":38,"Height":99,"Demand":1,"DemandMax":null,"Value":3762},{"Length":12,"Height":37,"Demand":1,"DemandMax":null,"Value":444},{"Length":6,"Height":93,"Demand":1,"DemandMax":null,"Value":558},{"Length":39,"Height":99,"Demand":1,"DemandMax":null,"Value":3861},{"Length":67,"Height":33,"Demand":1,"DemandMax":null,"Value":2211},{"Length":18,"Height":91,"Demand":1,"DemandMax":null,"Value":1638},{"Length":27,"Height":86,"Demand":1,"DemandMax":null,"Value":2322},{"Length":50,"Height":68,"Demand":1,"DemandMax":null,"Value":3400},{"Length":30,"Height":86,"Demand":1,"DemandMax":null,"Value":2580},{"Length":35,"Height":100,"Demand":1,"DemandMax":null,"Value":3500},{"Length":10,"Height":88,"Demand":1,"DemandMax":null,"Value":880},{"Length":23,"Height":81,"Demand":1,"DemandMax":null,"Value":1863},{"Length":18,"Height":92,"Demand":1,"DemandMax":null,"Value":1656},{"Length":63,"Height":73,"Demand":1,"DemandMax":null,"Value":4599},{"Length":4,"Height":98,"Demand":1,"DemandMax":null,"Value":392},{"Length":71,"Height":2,"Demand":1,"DemandMax":null,"Value":142},{"Length":19,"Height":71,"Demand":1,"DemandMax":null,"Value":1349},{"Length":5,"Height":71,"Demand":1,"DemandMax":null,"Value":355},{"Length":10,"Height":23,"Demand":1,"DemandMax":null,"Value":230},{"Length":4,"Height":96,"Demand":1,"DemandMax":null,"Value":384},{"Length":30,"Height":93,"Demand":1,"DemandMax":null,"Value":2790},{"Length":7,"Height":6,"Demand":1,"DemandMax":null,"Value":42},{"Length":28,"Height":10,"Demand":1,"DemandMax":null,"Value":280},{"Length":13,"Height":98,"Demand":1,"DemandMax":null,"Value":1274},{"Length":4,"Height":89,"Demand":1,"DemandMax":null,"Value":356},{"Length":70,"Height":64,"Demand":1,"DemandMax":null,"Value":4480},{"Length":8,"Height":72,"Demand":1,"DemandMax":null,"Value":576},{"Length":32,"Height":73,"Demand":1,"DemandMax":null,"Value":2336},{"Length":39,"Height":92,"Demand":1,"DemandMax":null,"Value":3588},{"Length":98,"Height":35,"Demand":1,"DemandMax":null,"Value":3430},{"Length":49,"Height":80,"Demand":1,"DemandMax":null,"Value":3920},{"Length":14,"Height":91,"Demand":1,"DemandMax":null,"Value":1274},{"Length":36,"Height":69,"Demand":1,"DemandMax":null,"Value":2484},{"Length":34,"Height":77,"Demand":1,"DemandMax":null,"Value":2618},{"Length":1,"Height":95,"Demand":1,"DemandMax":null,"Value":95},{"Length":7,"Height":83,"Demand":1,"DemandMax":null,"Value":581},{"Length":44,"Height":34,"Demand":1,"DemandMax":null,"Value":1496},{"Length":33,"Height":11,"Demand":1,"DemandMax":null,"Value":363},{"Length":16,"Height":84,"Demand":1,"DemandMax":null,"Value":1344},{"Length":61,"Height":75,"Demand":1,"DemandMax":null,"Value":4575},{"Length":15,"Height":24,"Demand":1,"DemandMax":null,"Value":360},{"Length":93,"Height":66,"Demand":1,"DemandMax":null,"Value":6138},{"Length":42,"Height":81,"Demand":1,"DemandMax":null,"Value":3402},{"Length":78,"Height":86,"Demand":1,"DemandMax":null,"Value":6708},{"Length":47,"Height":83,"Demand":1,"DemandMax":null,"Value":3901},{"Length":65,"Height":84,"Demand":1,"DemandMax":null,"Value":5460},{"Length":29,"Height":87,"Demand":1,"DemandMax":null,"Value":2523},{"Length":69,"Height":9,"Demand":1,"DemandMax":null,"Value":621},{"Length":40,"Height":92,"Demand":1,"DemandMax":null,"Value":3680},{"Length":50,"Height":74,"Demand":1,"DemandMax":null,"Value":3700},{"Length":29,"Height":100,"Demand":1,"DemandMax":null,"Value":2900},{"Length":46,"Height":96,"Demand":1,"DemandMax":null,"Value":4416},{"Length":45,"Height":75,"Demand":1,"DemandMax":null,"Value":3375},{"Length":45,"Height":67,"Demand":1,"DemandMax":null,"Value":3015},{"Length":40,"Height":87,"Demand":1,"DemandMax":null,"Value":3480},{"Length":47,"Height":93,"Demand":1,"DemandMax":null,"Value":4371},{"Length":12,"Height":66,"Demand":1,"DemandMax":null,"Value":792},{"Length":3,"Height":69,"Demand":1,"DemandMax":null,"Value":207},{"Length":12,"Height":82,"Demand":1,"DemandMax":null,"Value":984},{"Length":11,"Height":48,"Demand":1,"DemandMax":null,"Value":528},{"Length":41,"Height":99,"Demand":1,"DemandMax":null,"Value":4059},{"Length":21,"Height":79,"Demand":1,"DemandMax":null,"Value":1659},{"Length":47,"Height":84,"Demand":1,"DemandMax":null,"Value":3948},{"Length":35,"Height":78,"Demand":1,"DemandMax":null,"Value":2730},{"Length":87,"Height":9,"Demand":1,"DemandMax":null,"Value":783},{"Length":2,"Height":96,"Demand":1,"DemandMax":null,"Value":192},{"Length":43,"Height":96,"Demand":1,"DemandMax":null,"Value":4128},{"Length":22,"Height":100,"Demand":1,"DemandMax":null,"Value":2200},{"Length":33,"Height":87,"Demand":1,"DemandMax":null,"Value":2871},{"Length":44,"Height":87,"Demand":1,"DemandMax":null,"Value":3828},{"Length":100,"Height":70,"Demand":1,"DemandMax":null,"Value":7000},{"Length":79,"Height":42,"Demand":1,"DemandMax":null,"Value":3318},{"Length":46,"Height":75,"Demand":1,"DemandMax":null,"Value":3450},{"Length":48,"Height":31,"Demand":1,"DemandMax":null,"Value":1488},{"Length":20,"Height":10,"Demand":1,"DemandMax":null,"Value":200},{"Length":79,"Height":97,"Demand":1,"DemandMax":null,"Value":7663},{"Length":21,"Height":72,"Demand":1,"DemandMax":null,"Value":1512},{"Length":63,"Height":91,"Demand":1,"DemandMax":null,"Value":5733}]}