{"Name":"CLASS10_020_02","Objects":[{"Length":100,"Height":100,"Stock":null,"Cost":10000}],"Items":[{"Length":36,"Height":72,"Demand":1,"DemandMax":null,"Value":2592},{"Length":48,"Height":6,"Demand":1,"DemandMax":null,"Value":288},{"Length":66,"Height":53,"Demand":1,"DemandMax":null,"Value":3498},{"Length":11,"Height":46,"Demand":1,"DemandMax":null,"Value":506},{"Length":24,"Height":1,"Demand":1,"DemandMax":null,"Value":24},{"Length":84,"Height":13,"Demand":1,"DemandMax":null,"Value":1092},{"Length":72,"Height":1,"Demand":1,"DemandMax":null,"Value":72},{"Length":45,"Height":8,"Demand":1,"DemandMax":null,"Value":360},{"Length":24,"Height":4,"Demand":1,"DemandMax":null,"Value":96},{"Length":17,"Height":31,"Demand":1,"DemandMax":null,"Value":527},{"Length":16,"Height":72,"Demand":1,"DemandMax":null,"Value":1152},{"Length":91,"Height":82,"Demand":1,"DemandMax":null,"Value":7462},{"Length":90,"Height":19,"Demand":1,"DemandMax":null,"Value":1710},{"Length":19,"Height":12,"Demand":1,"DemandMax":null,"Value":228},{"Length":34,"Height":30,"Demand":1,"DemandMax":null,"Value":1020},{"Length":49,"Height":19,"Demand":1,"DemandMax":null,"Value":931},{"Length":9,"Height":45,"Demand":1,"DemandMax":null,"Value":405},{"Length":88,"Height":4,"Demand":1,"DemandMax":null,"Value":352},{"Length":74,"Height":13,"Demand":1,"DemandMax":null,"Value":962},{"Length":19,"Height":16,"Demand":1,"DemandMax":null,"Value":304}]}