{"Name":"CLASS10_020_01","Objects":[{"Length":100,"Height":100,"Stock":null,"Cost":10000}],"Items":[{"Length":7,"Height":25,"Demand":1,"DemandMax":null,"Value":175},{"Length":47,"Height":27,"Demand":1,"DemandMax":null,"Value":1269},{"Length":13,"Height":24,"Demand":1,"DemandMax":null,"Value":312},{"Length":48,"Height":34,"Demand":1,"DemandMax":null,"Value":1632},{"Length":21,"Height":1,"Demand":1,"DemandMax":null,"Value":21},{"Length":76,"Height":93,"Demand":1,"DemandMax":null,"Value":7068},{"Length":33,"Height":6,"Demand":2,"DemandMax":null,"Value":198},{"Length":97,"Height":88,"Demand":1,"DemandMax":null,"Value":8536},{"Length":18,"Height":21,"Demand":1,"DemandMax":null,"Value":378},{"Length":64,"Height":99,"Demand":1,"DemandMax":null,"Value":6336},{"Length":31,"Height":40,"Demand":1,"DemandMax":null,"Value":1240},{"Length":85,"Height":87,"Demand":1,"DemandMax":null,"Value":7395},{"Length":21,"Height":11,"Demand":1,"DemandMax":null,"Value":231},{"Length":8,"Height":4,"Demand":1,"DemandMax":null,"Value":32},{"Length":89,"Height":85,"Demand":1,"DemandMax":null,"Value":7565},{"Length":34,"Height":48,"Demand":1,"DemandMax":null,"Value":1632},{"Length":85,"Height":61,"Demand":1,"DemandMax":null,"Value":5185},{"Length":13,"Height":20,"Demand":1,"DemandMax":null,"Value":260},{"Length":10,"Height":42,"Demand":1,"DemandMax":null,"Value":420}]}