{"Name":"CLASS09_080_02","Objects":[{"Length":100,"Height":100,"Stock":null,"Cost":10000}],"Items":[{"Length":54,"Height":92,"Demand":1,"DemandMax":null,"Value":4968},{"Length":58,"Height":88,"Demand":1,"DemandMax":null,"Value":5104},{"Length":51,"Height":91,"Demand":1,"DemandMax":null,"Value":4641},{"Length":27,"Height":79,"Demand":1,"DemandMax":null,"Value":2133},{"Length":51,"Height":68,"Demand":1,"DemandMax":null,"Value":3468},{"Length":72,"Height":54,"Demand":1,"DemandMax":null,"Value":3888},{"Length":55,"Height":73,"Demand":1,"DemandMax":null,"Value":4015},{"Length":96,"Height":92,"Demand":1,"DemandMax":null,"Value":8832},{"Length":61,"Height":55,"Demand":1,"DemandMax":null,"Value":3355},{"Length":98,"Height":33,"Demand":1,"DemandMax":null,"Value":3234},{"Length":70,"Height":66,"Demand":1,"DemandMax":null,"Value":4620},{"Length":27,"Height":84,"Demand":1,"DemandMax":null,"Value":2268},{"Length":83,"Height":55,"Demand":1,"DemandMax":null,"Value":4565},{"Length":84,"Height":72,"Demand":1,"DemandMax":null,"Value":6048},{"Length":48,"Height":81,"Demand":1,"DemandMax":null,"Value":3888},{"Length":19,"Height":22,"Demand":1,"DemandMax":null,"Value":418},{"Length":65,"Height":66,"Demand":1,"DemandMax":null,"Value":4290},{"Length":82,"Height":74,"Demand":1,"DemandMax":null,"Value":6068},{"Length":86,"Height":89,"Demand":1,"DemandMax":null,"Value":7654},{"Length":23,"Height":29,"Demand":1,"DemandMax":null,"Value":667},{"Length":60,"Height":89,"Demand":1,"DemandMax":null,"Value":5340},{"Length":92,"Height":87,"Demand":1,"DemandMax":null,"Value":8004},{"Length":87,"Height":67,"Demand":1,"DemandMax":null,"Value":5829},{"Length":89,"Height":98,"Demand":1,"DemandMax":null,"Value":8722},{"Length":66,"Height":73,"Demand":1,"DemandMax":null,"Value":4818},{"Length":63,"Height":61,"Demand":1,"DemandMax":null,"Value":3843},{"Length":99,"Height":8,"Demand":1,"DemandMax":null,"Value":792},{"Length":66,"Height":79,"Demand":1,"DemandMax":null,"Value":5214},{"Length":84,"Height":69,"Demand":1,"DemandMax":null,"Value":5796},{"Length":97,"Height":99,"Demand":1,"DemandMax":null,"Value":9603},{"Length":72,"Height":59,"Demand":1,"DemandMax":null,"Value":4248},{"Length":55,"Height":71,"Demand":1,"DemandMax":null,"Value":3905},{"Length":63,"Height":77,"Demand":1,"DemandMax":null,"Value":4851},{"Length":92,"Height":97,"Demand":1,"DemandMax":null,"Value":8924},{"Length":8,"Height":81,"Demand":1,"DemandMax":null,"Value":648},{"Length":55,"Height":75,"Demand":1,"DemandMax":null,"Value":4125},{"Length":69,"Height":47,"Demand":1,"DemandMax":null,"Value":3243},{"Length":98,"Height":56,"Demand":1,"DemandMax":null,"Value":5488},{"Length":69,"Height":48,"Demand":1,"DemandMax":null,"Value":3312},{"Length":68,"Height":91,"Demand":1,"DemandMax":null,"Value":6188},{"Length":71,"Height":28,"Demand":1,"DemandMax":null,"Value":1988},{"Length":17,"Height":85,"Demand":1,"DemandMax":null,"Value":1445},{"Length":14,"Height":90,"Demand":1,"DemandMax":null,"Value":1260},{"Length":43,"Height":78,"Demand":1,"DemandMax":null,"Value":3354},{"Length":72,"Height":70,"Demand":1,"DemandMax":null,"Value":5040},{"Length":97,"Height":60,"Demand":1,"DemandMax":null,"Value":5820},{"Length":84,"Height":83,"Demand":1,"DemandMax":null,"Value":6972},{"Length":78,"Height":56,"Demand":1,"DemandMax":null,"Value":4368},{"Length":99,"Height":74,"Demand":1,"DemandMax":null,"Value":7326},{"Length":88,"Height":55,"Demand":1,"DemandMax":null,"Value":4840},{"Length":16,"Height":96,"Demand":1,"DemandMax":null,"Value":1536},{"Length":75,"Height":57,"Demand":1,"DemandMax":null,"Value":4275},{"Length":86,"Height":91,"Demand":1,"DemandMax":null,"Value":7826},{"Length":91,"Height":62,"Demand":1,"DemandMax":null,"Value":5642},{"Length":10,"Height":16,"Demand":1,"DemandMax":null,"Value":160},{"Length":85,"Height":69,"Demand":1,"DemandMax":null,"Value":5865},{"Length":86,"Height":68,"Demand":1,"DemandMax":null,"Value":5848},{"Length":55,"Height":80,"Demand":1,"DemandMax":null,"Value":4400},{"Length":76,"Height":49,"Demand":1,"DemandMax":null,"Value":3724},{"Length":55,"Height":94,"Demand":1,"DemandMax":null,"Value":5170},{"Length":97,"Height":57,"Demand":1,"DemandMax":null,"Value":5529},{"Length":83,"Height":59,"Demand":1,"DemandMax":null,"Value":4897},{"Length":82,"Height":94,"Demand":1,"DemandMax":null,"Value":7708},{"Length":88,"Height":79,"Demand":1,"DemandMax":null,"Value":6952},{"Length":79,"Height":9,"Demand":1,"DemandMax":null,"Value":711},{"Length":21,"Height":2,"Demand":1,"DemandMax":null,"Value":42},{"Length":60,"Height":50,"Demand":1,"DemandMax":null,"Value":3000},{"Length":82,"Height":76,"Demand":1,"DemandMax":null,"Value":6232},{"Length":53,"Height":71,"Demand":1,"DemandMax":null,"Value":3763},{"Length":21,"Height":5,"Demand":1,"DemandMax":null,"Value":105},{"Length":50,"Height":69,"Demand":1,"DemandMax":null,"Value":3450},{"Length":88,"Height":85,"Demand":1,"DemandMax":null,"Value":7480},{"Length":50,"Height":96,"Demand":1,"DemandMax":null,"Value":4800},{"Length":33,"Height":79,"Demand":1,"DemandMax":null,"Value":2607},{"Length":52,"Height":100,"Demand":1,"DemandMax":null,"Value":5200},{"Length":69,"Height":6,"Demand":1,"DemandMax":null,"Value":414},{"Length":58,"Height":82,"Demand":1,"DemandMax":null,"Value":4756},{"Length":55,"Height":96,"Demand":1,"DemandMax":null,"Value":5280},{"Length":66,"Height":92,"Demand":1,"DemandMax":null,"Value":6072},{"Length":84,"Height":88,"Demand":1,"DemandMax":null,"Value":7392}]}