{"Name":"CLASS10_020_06","Objects":[{"Length":100,"Height":100,"Stock":null,"Cost":10000}],"Items":[{"Length":7,"Height":7,"Demand":1,"DemandMax":null,"Value":49},{"Length":12,"Height":43,"Demand":1,"DemandMax":null,"Value":516},{"Length":36,"Height":42,"Demand":1,"DemandMax":null,"Value":1512},{"Length":49,"Height":99,"Demand":1,"DemandMax":null,"Value":4851},{"Length":43,"Height":30,"Demand":1,"DemandMax":null,"Value":1290},{"Length":39,"Height":31,"Demand":1,"DemandMax":null,"Value":1209},{"Length":28,"Height":21,"Demand":1,"DemandMax":null,"Value":588},{"Length":87,"Height":42,"Demand":1,"DemandMax":null,"Value":3654},{"Length":41,"Height":15,"Demand":1,"DemandMax":null,"Value":615},{"Length":27,"Height":31,"Demand":1,"DemandMax":null,"Value":837},{"Length":32,"Height":11,"Demand":1,"DemandMax":null,"Value":352},{"Length":75,"Height":98,"Demand":1,"DemandMax":null,"Value":7350},{"Length":1,"Height":11,"Demand":1,"DemandMax":null,"Value":11},{"Length":27,"Height":43,"Demand":1,"DemandMax":null,"Value":1161},{"Length":48,"Height":13,"Demand":1,"DemandMax":null,"Value":624},{"Length":31,"Height":16,"Demand":1,"DemandMax":null,"Value":496},{"Length":22,"Height":78,"Demand":1,"DemandMax":null,"Value":1716},{"Length":39,"Height":16,"Demand":1,"DemandMax":null,"Value":624},{"Length":25,"Height":27,"Demand":1,"DemandMax":null,"Value":675},{"Length":49,"Height":45,"Demand":1,"DemandMax":null,"Value":2205}]}