{"Name":"CLASS08_100_01","Objects":[{"Length":100,"Height":100,"Stock":null,"Cost":10000}],"Items":[{"Length":46,"Height":99,"Demand":1,"DemandMax":null,"Value":4554},{"Length":8,"Height":78,"Demand":1,"DemandMax":null,"Value":624},{"Length":9,"Height":46,"Demand":1,"DemandMax":null,"Value":414},{"Length":41,"Height":99,"Demand":1,"DemandMax":null,"Value":4059},{"Length":25,"Height":80,"Demand":1,"DemandMax":null,"Value":2000},{"Length":3,"Height":88,"Demand":1,"DemandMax":null,"Value":264},{"Length":44,"Height":83,"Demand":1,"DemandMax":null,"Value":3652},{"Length":42,"Height":79,"Demand":1,"DemandMax":null,"Value":3318},{"Length":15,"Height":7,"Demand":1,"DemandMax":null,"Value":105},{"Length":9,"Height":71,"Demand":1,"DemandMax":null,"Value":639},{"Length":90,"Height":66,"Demand":1,"DemandMax":null,"Value":5940},{"Length":4,"Height":66,"Demand":1,"DemandMax":null,"Value":264},{"Length":18,"Height":68,"Demand":1,"DemandMax":null,"Value":1224},{"Length":26,"Height":97,"Demand":1,"DemandMax":null,"Value":2522},{"Length":48,"Height":79,"Demand":1,"DemandMax":null,"Value":3792},{"Length":27,"Height":96,"Demand":1,"DemandMax":null,"Value":2592},{"Length":32,"Height":74,"Demand":1,"DemandMax":null,"Value":2368},{"Length":6,"Height":97,"Demand":1,"DemandMax":null,"Value":582},{"Length":18,"Height":89,"Demand":1,"DemandMax":null,"Value":1602},{"Length":12,"Height":100,"Demand":1,"DemandMax":null,"Value":1200},{"Length":7,"Height":89,"Demand":1,"DemandMax":null,"Value":623},{"Length":98,"Height":6,"Demand":1,"DemandMax":null,"Value":588},{"Length":99,"Height":60,"Demand":1,"DemandMax":null,"Value":5940},{"Length":9,"Height":76,"Demand":1,"DemandMax":null,"Value":684},{"Length":96,"Height":16,"Demand":1,"DemandMax":null,"Value":1536},{"Length":49,"Height":85,"Demand":1,"DemandMax":null,"Value":4165},{"Length":43,"Height":99,"Demand":1,"DemandMax":null,"Value":4257},{"Length":67,"Height":94,"Demand":1,"DemandMax":null,"Value":6298},{"Length":43,"Height":72,"Demand":1,"DemandMax":null,"Value":3096},{"Length":14,"Height":74,"Demand":1,"DemandMax":null,"Value":1036},{"Length":98,"Height":48,"Demand":1,"DemandMax":null,"Value":4704},{"Length":38,"Height":34,"Demand":1,"DemandMax":null,"Value":1292},{"Length":4,"Height":76,"Demand":1,"DemandMax":null,"Value":304},{"Length":40,"Height":71,"Demand":1,"DemandMax":null,"Value":2840},{"Length":75,"Height":10,"Demand":1,"DemandMax":null,"Value":750},{"Length":20,"Height":90,"Demand":1,"DemandMax":null,"Value":1800},{"Length":26,"Height":88,"Demand":1,"DemandMax":null,"Value":2288},{"Length":27,"Height":77,"Demand":1,"DemandMax":null,"Value":2079},{"Length":42,"Height":88,"Demand":1,"DemandMax":null,"Value":3696},{"Length":13,"Height":100,"Demand":1,"DemandMax":null,"Value":1300},{"Length":10,"Height":11,"Demand":1,"DemandMax":null,"Value":110},{"Length":27,"Height":90,"Demand":1,"DemandMax":null,"Value":2430},{"Length":32,"Height":77,"Demand":2,"DemandMax":null,"Value":2464},{"Length":18,"Height":82,"Demand":1,"DemandMax":null,"Value":1476},{"Length":6,"Height":66,"Demand":1,"DemandMax":null,"Value":396},{"Length":38,"Height":77,"Demand":1,"DemandMax":null,"Value":2926},{"Length":33,"Height":75,"Demand":1,"DemandMax":null,"Value":2475},{"Length":35,"Height":73,"Demand":1,"DemandMax":null,"Value":2555},{"Length":13,"Height":68,"Demand":1,"DemandMax":null,"Value":884},{"Length":11,"Height":71,"Demand":1,"DemandMax":null,"Value":781},{"Length":46,"Height":80,"Demand":1,"DemandMax":null,"Value":3680},{"Length":14,"Height":72,"Demand":1,"DemandMax":null,"Value":1008},{"Length":97,"Height":13,"Demand":1,"DemandMax":null,"Value":1261},{"Length":21,"Height":94,"Demand":1,"DemandMax":null,"Value":1974},{"Length":68,"Height":20,"Demand":1,"DemandMax":null,"Value":1360},{"Length":13,"Height":95,"Demand":1,"DemandMax":null,"Value":1235},{"Length":41,"Height":86,"Demand":1,"DemandMax":null,"Value":3526},{"Length":7,"Height":81,"Demand":1,"DemandMax":null,"Value":567},{"Length":6,"Height":94,"Demand":1,"DemandMax":null,"Value":564},{"Length":5,"Height":30,"Demand":1,"DemandMax":null,"Value":150},{"Length":49,"Height":70,"Demand":1,"DemandMax":null,"Value":3430},{"Length":5,"Height":76,"Demand":1,"DemandMax":null,"Value":380},{"Length":19,"Height":83,"Demand":1,"DemandMax":null,"Value":1577},{"Length":9,"Height":85,"Demand":1,"DemandMax":null,"Value":765},{"Length":18,"Height":97,"Demand":1,"DemandMax":null,"Value":1746},{"Length":76,"Height":20,"Demand":1,"DemandMax":null,"Value":1520},{"Length":45,"Height":79,"Demand":1,"DemandMax":null,"Value":3555},{"Length":25,"Height":93,"Demand":1,"DemandMax":null,"Value":2325},{"Length":49,"Height":98,"Demand":1,"DemandMax":null,"Value":4802},{"Length":37,"Height":91,"Demand":1,"DemandMax":null,"Value":3367},{"Length":87,"Height":27,"Demand":1,"DemandMax":null,"Value":2349},{"Length":2,"Height":73,"Demand":1,"DemandMax":null,"Value":146},{"Length":42,"Height":72,"Demand":1,"DemandMax":null,"Value":3024},{"Length":20,"Height":75,"Demand":1,"DemandMax":null,"Value":1500},{"Length":30,"Height":97,"Demand":1,"DemandMax":null,"Value":2910},{"Length":41,"Height":97,"Demand":1,"DemandMax":null,"Value":3977},{"Length":96,"Height":83,"Demand":1,"DemandMax":null,"Value":7968},{"Length":15,"Height":4,"Demand":1,"DemandMax":null,"Value":60},{"Length":40,"Height":83,"Demand":1,"DemandMax":null,"Value":3320},{"Length":91,"Height":90,"Demand":1,"DemandMax":null,"Value":8190},{"Length":12,"Height":79,"Demand":1,"DemandMax":null,"Value":948},{"Length":21,"Height":69,"Demand":1,"DemandMax":null,"Value":1449},{"Length":12,"Height":77,"Demand":1,"DemandMax":null,"Value":924},{"Length":4,"Height":99,"Demand":1,"DemandMax":null,"Value":396},{"Length":40,"Height":17,"Demand":1,"DemandMax":null,"Value":680},{"Length":39,"Height":78,"Demand":1,"DemandMax":null,"Value":3042},{"Length":95,"Height":70,"Demand":1,"DemandMax":null,"Value":6650},{"Length":28,"Height":77,"Demand":1,"DemandMax":null,"Value":2156},{"Length":29,"Height":83,"Demand":1,"DemandMax":null,"Value":2407},{"Length":19,"Height":43,"Demand":1,"DemandMax":null,"Value":817},{"Length":41,"Height":90,"Demand":1,"DemandMax":null,"Value":3690},{"Length":13,"Height":98,"Demand":1,"DemandMax":null,"Value":1274},{"Length":86,"Height":47,"Demand":1,"DemandMax":null,"Value":4042},{"Length":10,"Height":86,"Demand":1,"DemandMax":null,"Value":860},{"Length":48,"Height":73,"Demand":1,"DemandMax":null,"Value":3504},{"Length":10,"Height":93,"Demand":1,"DemandMax":null,"Value":930},{"Length":93,"Height":79,"Demand":1,"DemandMax":null,"Value":7347},{"Length":75,"Height":27,"Demand":1,"DemandMax":null,"Value":2025},{"Length":16,"Height":100,"Demand":1,"DemandMax":null,"Value":1600}]}