{"Name":"CLASS09_020_06","Objects":[{"Length":100,"Height":100,"Stock":null,"Cost":10000}],"Items":[{"Length":56,"Height":56,"Demand":1,"DemandMax":null,"Value":3136},{"Length":61,"Height":93,"Demand":1,"DemandMax":null,"Value":5673},{"Length":86,"Height":92,"Demand":1,"DemandMax":null,"Value":7912},{"Length":49,"Height":99,"Demand":1,"DemandMax":null,"Value":4851},{"Length":93,"Height":80,"Demand":1,"DemandMax":null,"Value":7440},{"Length":88,"Height":81,"Demand":1,"DemandMax":null,"Value":7128},{"Length":78,"Height":70,"Demand":1,"DemandMax":null,"Value":5460},{"Length":87,"Height":42,"Demand":1,"DemandMax":null,"Value":3654},{"Length":41,"Height":15,"Demand":1,"DemandMax":null,"Value":615},{"Length":76,"Height":81,"Demand":1,"DemandMax":null,"Value":6156},{"Length":32,"Height":11,"Demand":1,"DemandMax":null,"Value":352},{"Length":75,"Height":98,"Demand":1,"DemandMax":null,"Value":7350},{"Length":50,"Height":60,"Demand":1,"DemandMax":null,"Value":3000},{"Length":27,"Height":43,"Demand":1,"DemandMax":null,"Value":1161},{"Length":97,"Height":63,"Demand":1,"DemandMax":null,"Value":6111},{"Length":81,"Height":65,"Demand":1,"DemandMax":null,"Value":5265},{"Length":22,"Height":78,"Demand":1,"DemandMax":null,"Value":1716},{"Length":88,"Height":65,"Demand":1,"DemandMax":null,"Value":5720},{"Length":74,"Height":76,"Demand":1,"DemandMax":null,"Value":5624},{"Length":99,"Height":95,"Demand":1,"DemandMax":null,"Value":9405}]}