{"Name":"CLASS09_060_07","Objects":[{"Length":100,"Height":100,"Stock":null,"Cost":10000}],"Items":[{"Length":60,"Height":70,"Demand":1,"DemandMax":null,"Value":4200},{"Length":72,"Height":70,"Demand":1,"DemandMax":null,"Value":5040},{"Length":35,"Height":39,"Demand":1,"DemandMax":null,"Value":1365},{"Length":92,"Height":96,"Demand":1,"DemandMax":null,"Value":8832},{"Length":13,"Height":90,"Demand":1,"DemandMax":null,"Value":1170},{"Length":90,"Height":74,"Demand":1,"DemandMax":null,"Value":6660},{"Length":94,"Height":58,"Demand":1,"DemandMax":null,"Value":5452},{"Length":77,"Height":6,"Demand":1,"DemandMax":null,"Value":462},{"Length":77,"Height":60,"Demand":1,"DemandMax":null,"Value":4620},{"Length":70,"Height":91,"Demand":1,"DemandMax":null,"Value":6370},{"Length":75,"Height":41,"Demand":1,"DemandMax":null,"Value":3075},{"Length":66,"Height":28,"Demand":1,"DemandMax":null,"Value":1848},{"Length":52,"Height":98,"Demand":1,"DemandMax":null,"Value":5096},{"Length":61,"Height":68,"Demand":1,"DemandMax":null,"Value":4148},{"Length":97,"Height":34,"Demand":1,"DemandMax":null,"Value":3298},{"Length":99,"Height":61,"Demand":1,"DemandMax":null,"Value":6039},{"Length":91,"Height":97,"Demand":1,"DemandMax":null,"Value":8827},{"Length":64,"Height":57,"Demand":1,"DemandMax":null,"Value":3648},{"Length":39,"Height":92,"Demand":1,"DemandMax":null,"Value":3588},{"Length":57,"Height":57,"Demand":1,"DemandMax":null,"Value":3249},{"Length":90,"Height":57,"Demand":1,"DemandMax":null,"Value":5130},{"Length":79,"Height":59,"Demand":1,"DemandMax":null,"Value":4661},{"Length":94,"Height":54,"Demand":1,"DemandMax":null,"Value":5076},{"Length":78,"Height":64,"Demand":1,"DemandMax":null,"Value":4992},{"Length":50,"Height":80,"Demand":1,"DemandMax":null,"Value":4000},{"Length":5,"Height":81,"Demand":1,"DemandMax":null,"Value":405},{"Length":60,"Height":83,"Demand":2,"DemandMax":null,"Value":4980},{"Length":23,"Height":75,"Demand":1,"DemandMax":null,"Value":1725},{"Length":93,"Height":97,"Demand":1,"DemandMax":null,"Value":9021},{"Length":92,"Height":24,"Demand":1,"DemandMax":null,"Value":2208},{"Length":53,"Height":63,"Demand":2,"DemandMax":null,"Value":3339},{"Length":70,"Height":10,"Demand":1,"DemandMax":null,"Value":700},{"Length":93,"Height":83,"Demand":1,"DemandMax":null,"Value":7719},{"Length":29,"Height":83,"Demand":1,"DemandMax":null,"Value":2407},{"Length":10,"Height":5,"Demand":1,"DemandMax":null,"Value":50},{"Length":53,"Height":67,"Demand":1,"DemandMax":null,"Value":3551},{"Length":68,"Height":31,"Demand":1,"DemandMax":null,"Value":2108},{"Length":80,"Height":88,"Demand":1,"DemandMax":null,"Value":7040},{"Length":76,"Height":58,"Demand":1,"DemandMax":null,"Value":4408},{"Length":60,"Height":87,"Demand":1,"DemandMax":null,"Value":5220},{"Length":77,"Height":90,"Demand":1,"DemandMax":null,"Value":6930},{"Length":96,"Height":13,"Demand":1,"DemandMax":null,"Value":1248},{"Length":55,"Height":74,"Demand":1,"DemandMax":null,"Value":4070},{"Length":80,"Height":67,"Demand":1,"DemandMax":null,"Value":5360},{"Length":61,"Height":61,"Demand":1,"DemandMax":null,"Value":3721},{"Length":69,"Height":100,"Demand":1,"DemandMax":null,"Value":6900},{"Length":96,"Height":50,"Demand":1,"DemandMax":null,"Value":4800},{"Length":60,"Height":59,"Demand":1,"DemandMax":null,"Value":3540},{"Length":8,"Height":44,"Demand":1,"DemandMax":null,"Value":352},{"Length":55,"Height":98,"Demand":1,"DemandMax":null,"Value":5390},{"Length":48,"Height":40,"Demand":1,"DemandMax":null,"Value":1920},{"Length":66,"Height":89,"Demand":1,"DemandMax":null,"Value":5874},{"Length":4,"Height":71,"Demand":1,"DemandMax":null,"Value":284},{"Length":61,"Height":90,"Demand":1,"DemandMax":null,"Value":5490},{"Length":57,"Height":79,"Demand":1,"DemandMax":null,"Value":4503},{"Length":36,"Height":97,"Demand":1,"DemandMax":null,"Value":3492},{"Length":64,"Height":79,"Demand":1,"DemandMax":null,"Value":5056},{"Length":87,"Height":51,"Demand":1,"DemandMax":null,"Value":4437}]}