{"Name":"CLASS10_020_05","Objects":[{"Length":100,"Height":100,"Stock":null,"Cost":10000}],"Items":[{"Length":46,"Height":48,"Demand":1,"DemandMax":null,"Value":2208},{"Length":8,"Height":78,"Demand":1,"DemandMax":null,"Value":624},{"Length":9,"Height":46,"Demand":1,"DemandMax":null,"Value":414},{"Length":41,"Height":49,"Demand":1,"DemandMax":null,"Value":2009},{"Length":25,"Height":22,"Demand":1,"DemandMax":null,"Value":550},{"Length":3,"Height":33,"Demand":1,"DemandMax":null,"Value":99},{"Length":93,"Height":75,"Demand":1,"DemandMax":null,"Value":6975},{"Length":91,"Height":68,"Demand":1,"DemandMax":null,"Value":6188},{"Length":15,"Height":7,"Demand":1,"DemandMax":null,"Value":105},{"Length":9,"Height":8,"Demand":1,"DemandMax":null,"Value":72},{"Length":40,"Height":17,"Demand":1,"DemandMax":null,"Value":680},{"Length":4,"Height":66,"Demand":1,"DemandMax":null,"Value":264},{"Length":18,"Height":4,"Demand":1,"DemandMax":null,"Value":72},{"Length":26,"Height":46,"Demand":1,"DemandMax":null,"Value":1196},{"Length":48,"Height":20,"Demand":1,"DemandMax":null,"Value":960},{"Length":77,"Height":94,"Demand":1,"DemandMax":null,"Value":7238},{"Length":32,"Height":13,"Demand":1,"DemandMax":null,"Value":416},{"Length":6,"Height":45,"Demand":1,"DemandMax":null,"Value":270},{"Length":18,"Height":34,"Demand":1,"DemandMax":null,"Value":612},{"Length":12,"Height":49,"Demand":1,"DemandMax":null,"Value":588}]}