{"Name":"CLASS06_100_06","Objects":[{"Length":300,"Height":300,"Stock":null,"Cost":90000}],"Items":[{"Length":71,"Height":74,"Demand":1,"DemandMax":null,"Value":5254},{"Length":26,"Height":75,"Demand":1,"DemandMax":null,"Value":1950},{"Length":48,"Height":48,"Demand":1,"DemandMax":null,"Value":2304},{"Length":27,"Height":17,"Demand":1,"DemandMax":null,"Value":459},{"Length":84,"Height":36,"Demand":1,"DemandMax":null,"Value":3024},{"Length":75,"Height":95,"Demand":1,"DemandMax":null,"Value":7125},{"Length":89,"Height":16,"Demand":1,"DemandMax":null,"Value":1424},{"Length":48,"Height":53,"Demand":1,"DemandMax":null,"Value":2544},{"Length":8,"Height":98,"Demand":1,"DemandMax":null,"Value":784},{"Length":57,"Height":70,"Demand":1,"DemandMax":null,"Value":3990},{"Length":18,"Height":27,"Demand":1,"DemandMax":null,"Value":486},{"Length":47,"Height":56,"Demand":1,"DemandMax":null,"Value":2632},{"Length":31,"Height":80,"Demand":1,"DemandMax":null,"Value":2480},{"Length":94,"Height":55,"Demand":1,"DemandMax":null,"Value":5170},{"Length":91,"Height":70,"Demand":1,"DemandMax":null,"Value":6370},{"Length":11,"Height":47,"Demand":1,"DemandMax":null,"Value":517},{"Length":76,"Height":40,"Demand":1,"DemandMax":null,"Value":3040},{"Length":41,"Height":40,"Demand":1,"DemandMax":null,"Value":1640},{"Length":96,"Height":69,"Demand":1,"DemandMax":null,"Value":6624},{"Length":63,"Height":81,"Demand":1,"DemandMax":null,"Value":5103},{"Length":97,"Height":66,"Demand":1,"DemandMax":null,"Value":6402},{"Length":87,"Height":46,"Demand":1,"DemandMax":null,"Value":4002},{"Length":56,"Height":77,"Demand":1,"DemandMax":null,"Value":4312},{"Length":59,"Height":48,"Demand":1,"DemandMax":null,"Value":2832},{"Length":85,"Height":80,"Demand":1,"DemandMax":null,"Value":6800},{"Length":55,"Height":30,"Demand":1,"DemandMax":null,"Value":1650},{"Length":27,"Height":85,"Demand":1,"DemandMax":null,"Value":2295},{"Length":88,"Height":70,"Demand":1,"DemandMax":null,"Value":6160},{"Length":60,"Height":38,"Demand":1,"DemandMax":null,"Value":2280},{"Length":100,"Height":79,"Demand":1,"DemandMax":null,"Value":7900},{"Length":96,"Height":15,"Demand":1,"DemandMax":null,"Value":1440},{"Length":71,"Height":2,"Demand":1,"DemandMax":null,"Value":142},{"Length":80,"Height":28,"Demand":1,"DemandMax":null,"Value":2240},{"Length":11,"Height":16,"Demand":1,"DemandMax":null,"Value":176},{"Length":88,"Height":21,"Demand":1,"DemandMax":null,"Value":1848},{"Length":65,"Height":33,"Demand":1,"DemandMax":null,"Value":2145},{"Length":31,"Height":73,"Demand":1,"DemandMax":null,"Value":2263},{"Length":10,"Height":97,"Demand":1,"DemandMax":null,"Value":970},{"Length":56,"Height":94,"Demand":1,"DemandMax":null,"Value":5264},{"Length":58,"Height":86,"Demand":1,"DemandMax":null,"Value":4988},{"Length":38,"Height":28,"Demand":1,"DemandMax":null,"Value":1064},{"Length":53,"Height":11,"Demand":1,"DemandMax":null,"Value":583},{"Length":90,"Height":55,"Demand":1,"DemandMax":null,"Value":4950},{"Length":72,"Height":16,"Demand":1,"DemandMax":null,"Value":1152},{"Length":55,"Height":83,"Demand":1,"DemandMax":null,"Value":4565},{"Length":28,"Height":79,"Demand":1,"DemandMax":null,"Value":2212},{"Length":12,"Height":59,"Demand":1,"DemandMax":null,"Value":708},{"Length":64,"Height":12,"Demand":1,"DemandMax":null,"Value":768},{"Length":72,"Height":59,"Demand":1,"DemandMax":null,"Value":4248},{"Length":58,"Height":58,"Demand":1,"DemandMax":null,"Value":3364},{"Length":78,"Height":96,"Demand":1,"DemandMax":null,"Value":7488},{"Length":21,"Height":96,"Demand":1,"DemandMax":null,"Value":2016},{"Length":10,"Height":13,"Demand":1,"DemandMax":null,"Value":130},{"Length":98,"Height":36,"Demand":1,"DemandMax":null,"Value":3528},{"Length":77,"Height":88,"Demand":1,"DemandMax":null,"Value":6776},{"Length":67,"Height":23,"Demand":1,"DemandMax":null,"Value":1541},{"Length":24,"Height":32,"Demand":1,"DemandMax":null,"Value":768},{"Length":38,"Height":35,"Demand":1,"DemandMax":null,"Value":1330},{"Length":30,"Height":90,"Demand":1,"DemandMax":null,"Value":2700},{"Length":56,"Height":83,"Demand":1,"DemandMax":null,"Value":4648},{"Length":5,"Height":39,"Demand":1,"DemandMax":null,"Value":195},{"Length":99,"Height":12,"Demand":1,"DemandMax":null,"Value":1188},{"Length":94,"Height":91,"Demand":1,"DemandMax":null,"Value":8554},{"Length":78,"Height":99,"Demand":1,"DemandMax":null,"Value":7722},{"Length":74,"Height":90,"Demand":1,"DemandMax":null,"Value":6660},{"Length":37,"Height":54,"Demand":1,"DemandMax":null,"Value":1998},{"Length":57,"Height":14,"Demand":1,"DemandMax":null,"Value":798},{"Length":55,"Height":24,"Demand":1,"DemandMax":null,"Value":1320},{"Length":87,"Height":74,"Demand":1,"DemandMax":null,"Value":6438},{"Length":42,"Height":85,"Demand":1,"DemandMax":null,"Value":3570},{"Length":42,"Height":14,"Demand":1,"DemandMax":null,"Value":588},{"Length":42,"Height":49,"Demand":1,"DemandMax":null,"Value":2058},{"Length":32,"Height":12,"Demand":1,"DemandMax":null,"Value":384},{"Length":34,"Height":59,"Demand":1,"DemandMax":null,"Value":2006},{"Length":3,"Height":80,"Demand":1,"DemandMax":null,"Value":240},{"Length":28,"Height":95,"Demand":1,"DemandMax":null,"Value":2660},{"Length":32,"Height":61,"Demand":1,"DemandMax":null,"Value":1952},{"Length":70,"Height":66,"Demand":1,"DemandMax":null,"Value":4620},{"Length":31,"Height":33,"Demand":1,"DemandMax":null,"Value":1023},{"Length":36,"Height":18,"Demand":1,"DemandMax":null,"Value":648},{"Length":43,"Height":9,"Demand":1,"DemandMax":null,"Value":387},{"Length":39,"Height":28,"Demand":1,"DemandMax":null,"Value":1092},{"Length":46,"Height":31,"Demand":1,"DemandMax":null,"Value":1426},{"Length":21,"Height":7,"Demand":1,"DemandMax":null,"Value":147},{"Length":52,"Height":78,"Demand":1,"DemandMax":null,"Value":4056},{"Length":62,"Height":100,"Demand":1,"DemandMax":null,"Value":6200},{"Length":6,"Height":61,"Demand":1,"DemandMax":null,"Value":366},{"Length":72,"Height":84,"Demand":1,"DemandMax":null,"Value":6048},{"Length":84,"Height":25,"Demand":1,"DemandMax":null,"Value":2100},{"Length":96,"Height":71,"Demand":1,"DemandMax":null,"Value":6816},{"Length":97,"Height":46,"Demand":1,"DemandMax":null,"Value":4462},{"Length":11,"Height":5,"Demand":1,"DemandMax":null,"Value":55},{"Length":92,"Height":37,"Demand":1,"DemandMax":null,"Value":3404},{"Length":29,"Height":64,"Demand":1,"DemandMax":null,"Value":1856},{"Length":44,"Height":42,"Demand":1,"DemandMax":null,"Value":1848},{"Length":94,"Height":59,"Demand":1,"DemandMax":null,"Value":5546},{"Length":66,"Height":38,"Demand":1,"DemandMax":null,"Value":2508},{"Length":83,"Height":34,"Demand":1,"DemandMax":null,"Value":2822},{"Length":1,"Height":37,"Demand":1,"DemandMax":null,"Value":37},{"Length":9,"Height":67,"Demand":1,"DemandMax":null,"Value":603}]}