{"Name":"CLASS10_100_07","Objects":[{"Length":100,"Height":100,"Stock":null,"Cost":10000}],"Items":[{"Length":21,"Height":24,"Demand":1,"DemandMax":null,"Value":504},{"Length":4,"Height":3,"Demand":1,"DemandMax":null,"Value":12},{"Length":12,"Height":26,"Demand":1,"DemandMax":null,"Value":312},{"Length":41,"Height":12,"Demand":1,"DemandMax":null,"Value":492},{"Length":70,"Height":5,"Demand":1,"DemandMax":null,"Value":350},{"Length":69,"Height":24,"Demand":1,"DemandMax":null,"Value":1656},{"Length":54,"Height":62,"Demand":1,"DemandMax":null,"Value":3348},{"Length":48,"Height":40,"Demand":1,"DemandMax":null,"Value":1920},{"Length":5,"Height":48,"Demand":1,"DemandMax":null,"Value":240},{"Length":19,"Height":8,"Demand":1,"DemandMax":null,"Value":152},{"Length":9,"Height":12,"Demand":1,"DemandMax":null,"Value":108},{"Length":18,"Height":29,"Demand":1,"DemandMax":null,"Value":522},{"Length":15,"Height":3,"Demand":1,"DemandMax":null,"Value":45},{"Length":96,"Height":3,"Demand":1,"DemandMax":null,"Value":288},{"Length":24,"Height":22,"Demand":1,"DemandMax":null,"Value":528},{"Length":49,"Height":30,"Demand":1,"DemandMax":null,"Value":1470},{"Length":36,"Height":19,"Demand":1,"DemandMax":null,"Value":684},{"Length":31,"Height":10,"Demand":1,"DemandMax":null,"Value":310},{"Length":66,"Height":44,"Demand":1,"DemandMax":null,"Value":2904},{"Length":41,"Height":42,"Demand":1,"DemandMax":null,"Value":1722},{"Length":20,"Height":47,"Demand":1,"DemandMax":null,"Value":940},{"Length":86,"Height":28,"Demand":1,"DemandMax":null,"Value":2408},{"Length":40,"Height":28,"Demand":1,"DemandMax":null,"Value":1120},{"Length":46,"Height":77,"Demand":1,"DemandMax":null,"Value":3542},{"Length":64,"Height":87,"Demand":1,"DemandMax":null,"Value":5568},{"Length":40,"Height":8,"Demand":1,"DemandMax":null,"Value":320},{"Length":41,"Height":82,"Demand":1,"DemandMax":null,"Value":3362},{"Length":73,"Height":2,"Demand":1,"DemandMax":null,"Value":146},{"Length":80,"Height":38,"Demand":1,"DemandMax":null,"Value":3040},{"Length":12,"Height":50,"Demand":1,"DemandMax":null,"Value":600},{"Length":67,"Height":31,"Demand":1,"DemandMax":null,"Value":2077},{"Length":89,"Height":100,"Demand":1,"DemandMax":null,"Value":8900},{"Length":92,"Height":1,"Demand":1,"DemandMax":null,"Value":92},{"Length":95,"Height":52,"Demand":1,"DemandMax":null,"Value":4940},{"Length":27,"Height":100,"Demand":1,"DemandMax":null,"Value":2700},{"Length":29,"Height":9,"Demand":1,"DemandMax":null,"Value":261},{"Length":68,"Height":75,"Demand":1,"DemandMax":null,"Value":5100},{"Length":40,"Height":18,"Demand":1,"DemandMax":null,"Value":720},{"Length":13,"Height":30,"Demand":1,"DemandMax":null,"Value":390},{"Length":30,"Height":30,"Demand":1,"DemandMax":null,"Value":900},{"Length":10,"Height":12,"Demand":1,"DemandMax":null,"Value":120},{"Length":47,"Height":45,"Demand":1,"DemandMax":null,"Value":2115},{"Length":72,"Height":22,"Demand":1,"DemandMax":null,"Value":1584},{"Length":92,"Height":62,"Demand":1,"DemandMax":null,"Value":5704},{"Length":13,"Height":10,"Demand":1,"DemandMax":null,"Value":130},{"Length":16,"Height":33,"Demand":1,"DemandMax":null,"Value":528},{"Length":19,"Height":26,"Demand":1,"DemandMax":null,"Value":494},{"Length":17,"Height":7,"Demand":1,"DemandMax":null,"Value":119},{"Length":28,"Height":20,"Demand":1,"DemandMax":null,"Value":560},{"Length":46,"Height":33,"Demand":1,"DemandMax":null,"Value":1518},{"Length":40,"Height":41,"Demand":1,"DemandMax":null,"Value":1640},{"Length":3,"Height":13,"Demand":1,"DemandMax":null,"Value":39},{"Length":4,"Height":41,"Demand":1,"DemandMax":null,"Value":164},{"Length":38,"Height":97,"Demand":1,"DemandMax":null,"Value":3686},{"Length":22,"Height":78,"Demand":1,"DemandMax":null,"Value":1716},{"Length":50,"Height":80,"Demand":1,"DemandMax":null,"Value":4000},{"Length":43,"Height":24,"Demand":1,"DemandMax":null,"Value":1032},{"Length":41,"Height":19,"Demand":1,"DemandMax":null,"Value":779},{"Length":16,"Height":7,"Demand":1,"DemandMax":null,"Value":112},{"Length":72,"Height":10,"Demand":1,"DemandMax":null,"Value":720},{"Length":42,"Height":19,"Demand":1,"DemandMax":null,"Value":798},{"Length":7,"Height":4,"Demand":1,"DemandMax":null,"Value":28},{"Length":22,"Height":8,"Demand":1,"DemandMax":null,"Value":176},{"Length":31,"Height":100,"Demand":1,"DemandMax":null,"Value":3100},{"Length":4,"Height":25,"Demand":1,"DemandMax":null,"Value":100},{"Length":33,"Height":50,"Demand":1,"DemandMax":null,"Value":1650},{"Length":39,"Height":20,"Demand":1,"DemandMax":null,"Value":780},{"Length":14,"Height":3,"Demand":1,"DemandMax":null,"Value":42},{"Length":27,"Height":43,"Demand":1,"DemandMax":null,"Value":1161},{"Length":22,"Height":9,"Demand":1,"DemandMax":null,"Value":198},{"Length":18,"Height":44,"Demand":2,"DemandMax":null,"Value":792},{"Length":8,"Height":17,"Demand":1,"DemandMax":null,"Value":136},{"Length":12,"Height":23,"Demand":1,"DemandMax":null,"Value":276},{"Length":81,"Height":29,"Demand":1,"DemandMax":null,"Value":2349},{"Length":71,"Height":29,"Demand":1,"DemandMax":null,"Value":2059},{"Length":14,"Height":43,"Demand":1,"DemandMax":null,"Value":602},{"Length":8,"Height":14,"Demand":1,"DemandMax":null,"Value":112},{"Length":34,"Height":10,"Demand":1,"DemandMax":null,"Value":340},{"Length":11,"Height":26,"Demand":1,"DemandMax":null,"Value":286},{"Length":32,"Height":31,"Demand":1,"DemandMax":null,"Value":992},{"Length":16,"Height":77,"Demand":1,"DemandMax":null,"Value":1232},{"Length":8,"Height":4,"Demand":1,"DemandMax":null,"Value":32},{"Length":25,"Height":35,"Demand":1,"DemandMax":null,"Value":875},{"Length":11,"Height":30,"Demand":1,"DemandMax":null,"Value":330},{"Length":36,"Height":87,"Demand":1,"DemandMax":null,"Value":3132},{"Length":43,"Height":9,"Demand":1,"DemandMax":null,"Value":387},{"Length":50,"Height":6,"Demand":1,"DemandMax":null,"Value":300},{"Length":2,"Height":41,"Demand":1,"DemandMax":null,"Value":82},{"Length":17,"Height":8,"Demand":1,"DemandMax":null,"Value":136},{"Length":40,"Height":26,"Demand":1,"DemandMax":null,"Value":1040},{"Length":37,"Height":92,"Demand":1,"DemandMax":null,"Value":3404},{"Length":5,"Height":13,"Demand":1,"DemandMax":null,"Value":65},{"Length":10,"Height":46,"Demand":1,"DemandMax":null,"Value":460},{"Length":48,"Height":4,"Demand":1,"DemandMax":null,"Value":192},{"Length":36,"Height":32,"Demand":1,"DemandMax":null,"Value":1152},{"Length":19,"Height":48,"Demand":1,"DemandMax":null,"Value":912},{"Length":15,"Height":45,"Demand":1,"DemandMax":null,"Value":675},{"Length":47,"Height":37,"Demand":1,"DemandMax":null,"Value":1739},{"Length":97,"Height":43,"Demand":1,"DemandMax":null,"Value":4171}]}