{"Name":"CLASS08_020_07","Objects":[{"Length":100,"Height":100,"Stock":null,"Cost":10000}],"Items":[{"Length":3,"Height":99,"Demand":1,"DemandMax":null,"Value":297},{"Length":11,"Height":35,"Demand":1,"DemandMax":null,"Value":385},{"Length":44,"Height":76,"Demand":1,"DemandMax":null,"Value":3344},{"Length":47,"Height":72,"Demand":1,"DemandMax":null,"Value":3384},{"Length":92,"Height":12,"Demand":1,"DemandMax":null,"Value":1104},{"Length":11,"Height":39,"Demand":1,"DemandMax":null,"Value":429},{"Length":90,"Height":35,"Demand":1,"DemandMax":null,"Value":3150},{"Length":4,"Height":79,"Demand":1,"DemandMax":null,"Value":316},{"Length":35,"Height":37,"Demand":1,"DemandMax":null,"Value":1295},{"Length":24,"Height":68,"Demand":1,"DemandMax":null,"Value":1632},{"Length":92,"Height":16,"Demand":1,"DemandMax":null,"Value":1472},{"Length":22,"Height":94,"Demand":1,"DemandMax":null,"Value":2068},{"Length":44,"Height":82,"Demand":1,"DemandMax":null,"Value":3608},{"Length":48,"Height":87,"Demand":1,"DemandMax":null,"Value":4176},{"Length":3,"Height":71,"Demand":1,"DemandMax":null,"Value":213},{"Length":2,"Height":82,"Demand":1,"DemandMax":null,"Value":164},{"Length":14,"Height":81,"Demand":1,"DemandMax":null,"Value":1134},{"Length":34,"Height":80,"Demand":1,"DemandMax":null,"Value":2720},{"Length":29,"Height":74,"Demand":1,"DemandMax":null,"Value":2146},{"Length":43,"Height":19,"Demand":1,"DemandMax":null,"Value":817}]}