{"Name":"CLASS07_100_02","Objects":[{"Length":100,"Height":100,"Stock":null,"Cost":10000}],"Items":[{"Length":25,"Height":39,"Demand":1,"DemandMax":null,"Value":975},{"Length":76,"Height":6,"Demand":2,"DemandMax":null,"Value":456},{"Length":37,"Height":48,"Demand":1,"DemandMax":null,"Value":1776},{"Length":9,"Height":72,"Demand":1,"DemandMax":null,"Value":648},{"Length":84,"Height":10,"Demand":1,"DemandMax":null,"Value":840},{"Length":6,"Height":42,"Demand":1,"DemandMax":null,"Value":252},{"Length":44,"Height":82,"Demand":1,"DemandMax":null,"Value":3608},{"Length":70,"Height":2,"Demand":1,"DemandMax":null,"Value":140},{"Length":92,"Height":42,"Demand":1,"DemandMax":null,"Value":3864},{"Length":72,"Height":40,"Demand":1,"DemandMax":null,"Value":2880},{"Length":12,"Height":74,"Demand":1,"DemandMax":null,"Value":888},{"Length":74,"Height":37,"Demand":1,"DemandMax":null,"Value":2738},{"Length":82,"Height":50,"Demand":1,"DemandMax":null,"Value":4100},{"Length":42,"Height":13,"Demand":1,"DemandMax":null,"Value":546},{"Length":90,"Height":21,"Demand":1,"DemandMax":null,"Value":1890},{"Length":49,"Height":43,"Demand":1,"DemandMax":null,"Value":2107},{"Length":1,"Height":80,"Demand":1,"DemandMax":null,"Value":80},{"Length":89,"Height":25,"Demand":1,"DemandMax":null,"Value":2225},{"Length":78,"Height":48,"Demand":1,"DemandMax":null,"Value":3744},{"Length":98,"Height":10,"Demand":1,"DemandMax":null,"Value":980},{"Length":92,"Height":4,"Demand":1,"DemandMax":null,"Value":368},{"Length":92,"Height":48,"Demand":1,"DemandMax":null,"Value":4416},{"Length":12,"Height":37,"Demand":1,"DemandMax":null,"Value":444},{"Length":70,"Height":39,"Demand":1,"DemandMax":null,"Value":2730},{"Length":39,"Height":99,"Demand":1,"DemandMax":null,"Value":3861},{"Length":67,"Height":33,"Demand":1,"DemandMax":null,"Value":2211},{"Length":78,"Height":38,"Demand":2,"DemandMax":null,"Value":2964},{"Length":84,"Height":30,"Demand":1,"DemandMax":null,"Value":2520},{"Length":100,"Height":5,"Demand":1,"DemandMax":null,"Value":500},{"Length":86,"Height":30,"Demand":1,"DemandMax":null,"Value":2580},{"Length":90,"Height":50,"Demand":1,"DemandMax":null,"Value":4500},{"Length":72,"Height":33,"Demand":1,"DemandMax":null,"Value":2376},{"Length":23,"Height":81,"Demand":1,"DemandMax":null,"Value":1863},{"Length":63,"Height":73,"Demand":1,"DemandMax":null,"Value":4599},{"Length":68,"Height":47,"Demand":1,"DemandMax":null,"Value":3196},{"Length":71,"Height":2,"Demand":1,"DemandMax":null,"Value":142},{"Length":78,"Height":8,"Demand":1,"DemandMax":null,"Value":624},{"Length":68,"Height":9,"Demand":1,"DemandMax":null,"Value":612},{"Length":10,"Height":23,"Demand":1,"DemandMax":null,"Value":230},{"Length":68,"Height":44,"Demand":1,"DemandMax":null,"Value":2992},{"Length":86,"Height":40,"Demand":1,"DemandMax":null,"Value":3440},{"Length":7,"Height":6,"Demand":1,"DemandMax":null,"Value":42},{"Length":28,"Height":10,"Demand":1,"DemandMax":null,"Value":280},{"Length":74,"Height":47,"Demand":1,"DemandMax":null,"Value":3478},{"Length":68,"Height":34,"Demand":1,"DemandMax":null,"Value":2312},{"Length":70,"Height":64,"Demand":1,"DemandMax":null,"Value":4480},{"Length":70,"Height":10,"Demand":1,"DemandMax":null,"Value":700},{"Length":88,"Height":11,"Demand":1,"DemandMax":null,"Value":968},{"Length":93,"Height":39,"Demand":1,"DemandMax":null,"Value":3627},{"Length":98,"Height":35,"Demand":1,"DemandMax":null,"Value":3430},{"Length":99,"Height":21,"Demand":1,"DemandMax":null,"Value":2079},{"Length":75,"Height":38,"Demand":1,"DemandMax":null,"Value":2850},{"Length":90,"Height":5,"Demand":1,"DemandMax":null,"Value":450},{"Length":89,"Height":18,"Demand":1,"DemandMax":null,"Value":1602},{"Length":66,"Height":43,"Demand":1,"DemandMax":null,"Value":2838},{"Length":70,"Height":26,"Demand":1,"DemandMax":null,"Value":1820},{"Length":44,"Height":34,"Demand":1,"DemandMax":null,"Value":1496},{"Length":33,"Height":11,"Demand":1,"DemandMax":null,"Value":363},{"Length":76,"Height":27,"Demand":1,"DemandMax":null,"Value":2052},{"Length":61,"Height":75,"Demand":1,"DemandMax":null,"Value":4575},{"Length":15,"Height":24,"Demand":1,"DemandMax":null,"Value":360},{"Length":93,"Height":66,"Demand":1,"DemandMax":null,"Value":6138},{"Length":94,"Height":23,"Demand":1,"DemandMax":null,"Value":2162},{"Length":78,"Height":86,"Demand":1,"DemandMax":null,"Value":6708},{"Length":98,"Height":25,"Demand":1,"DemandMax":null,"Value":2450},{"Length":65,"Height":84,"Demand":1,"DemandMax":null,"Value":5460},{"Length":29,"Height":87,"Demand":1,"DemandMax":null,"Value":2523},{"Length":69,"Height":9,"Demand":1,"DemandMax":null,"Value":621},{"Length":40,"Height":92,"Demand":1,"DemandMax":null,"Value":3680},{"Length":100,"Height":13,"Demand":1,"DemandMax":null,"Value":1300},{"Length":85,"Height":50,"Demand":1,"DemandMax":null,"Value":4250},{"Length":97,"Height":44,"Demand":1,"DemandMax":null,"Value":4268},{"Length":97,"Height":14,"Demand":2,"DemandMax":null,"Value":1358},{"Length":45,"Height":67,"Demand":1,"DemandMax":null,"Value":3015},{"Length":93,"Height":31,"Demand":1,"DemandMax":null,"Value":2883},{"Length":98,"Height":40,"Demand":1,"DemandMax":null,"Value":3920},{"Length":74,"Height":1,"Demand":1,"DemandMax":null,"Value":74},{"Length":67,"Height":5,"Demand":1,"DemandMax":null,"Value":335},{"Length":74,"Height":23,"Demand":1,"DemandMax":null,"Value":1702},{"Length":11,"Height":48,"Demand":1,"DemandMax":null,"Value":528},{"Length":94,"Height":49,"Demand":1,"DemandMax":null,"Value":4606},{"Length":80,"Height":19,"Demand":1,"DemandMax":null,"Value":1520},{"Length":98,"Height":28,"Demand":1,"DemandMax":null,"Value":2744},{"Length":90,"Height":18,"Demand":1,"DemandMax":null,"Value":1620},{"Length":87,"Height":9,"Demand":1,"DemandMax":null,"Value":783},{"Length":2,"Height":96,"Demand":1,"DemandMax":null,"Value":192},{"Length":95,"Height":43,"Demand":1,"DemandMax":null,"Value":4085},{"Length":80,"Height":49,"Demand":1,"DemandMax":null,"Value":3920},{"Length":33,"Height":87,"Demand":1,"DemandMax":null,"Value":2871},{"Length":96,"Height":32,"Demand":1,"DemandMax":null,"Value":3072},{"Length":100,"Height":70,"Demand":1,"DemandMax":null,"Value":7000},{"Length":79,"Height":42,"Demand":1,"DemandMax":null,"Value":3318},{"Length":48,"Height":31,"Demand":1,"DemandMax":null,"Value":1488},{"Length":20,"Height":10,"Demand":1,"DemandMax":null,"Value":200},{"Length":79,"Height":97,"Demand":1,"DemandMax":null,"Value":7663},{"Length":21,"Height":72,"Demand":1,"DemandMax":null,"Value":1512},{"Length":63,"Height":91,"Demand":1,"DemandMax":null,"Value":5733}]}