{"Name":"CLASS05_020_01","Objects":[{"Length":100,"Height":100,"Stock":null,"Cost":10000}],"Items":[{"Length":50,"Height":85,"Demand":1,"DemandMax":null,"Value":4250},{"Length":35,"Height":14,"Demand":1,"DemandMax":null,"Value":490},{"Length":94,"Height":54,"Demand":1,"DemandMax":null,"Value":5076},{"Length":47,"Height":62,"Demand":1,"DemandMax":null,"Value":2914},{"Length":52,"Height":25,"Demand":1,"DemandMax":null,"Value":1300},{"Length":96,"Height":67,"Demand":1,"DemandMax":null,"Value":6432},{"Length":1,"Height":43,"Demand":1,"DemandMax":null,"Value":43},{"Length":24,"Height":42,"Demand":1,"DemandMax":null,"Value":1008},{"Length":53,"Height":86,"Demand":1,"DemandMax":null,"Value":4558},{"Length":11,"Height":31,"Demand":1,"DemandMax":null,"Value":341},{"Length":52,"Height":65,"Demand":1,"DemandMax":null,"Value":3380},{"Length":66,"Height":11,"Demand":1,"DemandMax":null,"Value":726},{"Length":76,"Height":25,"Demand":1,"DemandMax":null,"Value":1900},{"Length":36,"Height":94,"Demand":1,"DemandMax":null,"Value":3384},{"Length":36,"Height":42,"Demand":1,"DemandMax":null,"Value":1512},{"Length":97,"Height":24,"Demand":1,"DemandMax":null,"Value":2328},{"Length":76,"Height":29,"Demand":1,"DemandMax":null,"Value":2204},{"Length":61,"Height":79,"Demand":1,"DemandMax":null,"Value":4819},{"Length":74,"Height":29,"Demand":1,"DemandMax":null,"Value":2146},{"Length":71,"Height":69,"Demand":1,"DemandMax":null,"Value":4899}]}