{"Name":"CLASS03_080_08","Objects":[{"Length":40,"Height":40,"Stock":null,"Cost":1600}],"Items":[{"Length":20,"Height":2,"Demand":1,"DemandMax":null,"Value":40},{"Length":3,"Height":11,"Demand":1,"DemandMax":null,"Value":33},{"Length":25,"Height":14,"Demand":1,"DemandMax":null,"Value":350},{"Length":1,"Height":8,"Demand":2,"DemandMax":null,"Value":8},{"Length":31,"Height":35,"Demand":1,"DemandMax":null,"Value":1085},{"Length":19,"Height":10,"Demand":1,"DemandMax":null,"Value":190},{"Length":19,"Height":33,"Demand":1,"DemandMax":null,"Value":627},{"Length":27,"Height":8,"Demand":1,"DemandMax":null,"Value":216},{"Length":15,"Height":24,"Demand":1,"DemandMax":null,"Value":360},{"Length":4,"Height":8,"Demand":1,"DemandMax":null,"Value":32},{"Length":24,"Height":1,"Demand":1,"DemandMax":null,"Value":24},{"Length":14,"Height":24,"Demand":1,"DemandMax":null,"Value":336},{"Length":26,"Height":2,"Demand":1,"DemandMax":null,"Value":52},{"Length":24,"Height":13,"Demand":1,"DemandMax":null,"Value":312},{"Length":14,"Height":8,"Demand":1,"DemandMax":null,"Value":112},{"Length":16,"Height":16,"Demand":1,"DemandMax":null,"Value":256},{"Length":25,"Height":10,"Demand":1,"DemandMax":null,"Value":250},{"Length":16,"Height":11,"Demand":1,"DemandMax":null,"Value":176},{"Length":7,"Height":14,"Demand":1,"DemandMax":null,"Value":98},{"Length":29,"Height":27,"Demand":2,"DemandMax":null,"Value":783},{"Length":20,"Height":34,"Demand":1,"DemandMax":null,"Value":680},{"Length":35,"Height":32,"Demand":1,"DemandMax":null,"Value":1120},{"Length":35,"Height":28,"Demand":1,"DemandMax":null,"Value":980},{"Length":27,"Height":7,"Demand":1,"DemandMax":null,"Value":189},{"Length":31,"Height":34,"Demand":1,"DemandMax":null,"Value":1054},{"Length":8,"Height":13,"Demand":1,"DemandMax":null,"Value":104},{"Length":35,"Height":34,"Demand":1,"DemandMax":null,"Value":1190},{"Length":28,"Height":21,"Demand":1,"DemandMax":null,"Value":588},{"Length":17,"Height":18,"Demand":1,"DemandMax":null,"Value":306},{"Length":11,"Height":10,"Demand":1,"DemandMax":null,"Value":110},{"Length":28,"Height":27,"Demand":1,"DemandMax":null,"Value":756},{"Length":29,"Height":8,"Demand":1,"DemandMax":null,"Value":232},{"Length":23,"Height":6,"Demand":1,"DemandMax":null,"Value":138},{"Length":29,"Height":18,"Demand":1,"DemandMax":null,"Value":522},{"Length":8,"Height":17,"Demand":1,"DemandMax":null,"Value":136},{"Length":3,"Height":22,"Demand":1,"DemandMax":null,"Value":66},{"Length":33,"Height":29,"Demand":1,"DemandMax":null,"Value":957},{"Length":24,"Height":11,"Demand":2,"DemandMax":null,"Value":264},{"Length":19,"Height":22,"Demand":1,"DemandMax":null,"Value":418},{"Length":3,"Height":24,"Demand":1,"DemandMax":null,"Value":72},{"Length":7,"Height":24,"Demand":1,"DemandMax":null,"Value":168},{"Length":3,"Height":7,"Demand":1,"DemandMax":null,"Value":21},{"Length":11,"Height":4,"Demand":1,"DemandMax":null,"Value":44},{"Length":27,"Height":22,"Demand":1,"DemandMax":null,"Value":594},{"Length":21,"Height":3,"Demand":1,"DemandMax":null,"Value":63},{"Length":14,"Height":4,"Demand":1,"DemandMax":null,"Value":56},{"Length":11,"Height":35,"Demand":1,"DemandMax":null,"Value":385},{"Length":32,"Height":21,"Demand":1,"DemandMax":null,"Value":672},{"Length":3,"Height":6,"Demand":1,"DemandMax":null,"Value":18},{"Length":11,"Height":25,"Demand":1,"DemandMax":null,"Value":275},{"Length":28,"Height":1,"Demand":1,"DemandMax":null,"Value":28},{"Length":27,"Height":12,"Demand":1,"DemandMax":null,"Value":324},{"Length":22,"Height":33,"Demand":1,"DemandMax":null,"Value":726},{"Length":22,"Height":14,"Demand":1,"DemandMax":null,"Value":308},{"Length":10,"Height":20,"Demand":1,"DemandMax":null,"Value":200},{"Length":18,"Height":24,"Demand":1,"DemandMax":null,"Value":432},{"Length":18,"Height":11,"Demand":1,"DemandMax":null,"Value":198},{"Length":30,"Height":12,"Demand":1,"DemandMax":null,"Value":360},{"Length":15,"Height":34,"Demand":1,"DemandMax":null,"Value":510},{"Length":16,"Height":27,"Demand":1,"DemandMax":null,"Value":432},{"Length":17,"Height":23,"Demand":2,"DemandMax":null,"Value":391},{"Length":14,"Height":29,"Demand":1,"DemandMax":null,"Value":406},{"Length":16,"Height":28,"Demand":1,"DemandMax":null,"Value":448},{"Length":6,"Height":19,"Demand":1,"DemandMax":null,"Value":114},{"Length":15,"Height":8,"Demand":1,"DemandMax":null,"Value":120},{"Length":18,"Height":14,"Demand":1,"DemandMax":null,"Value":252},{"Length":32,"Height":34,"Demand":1,"DemandMax":null,"Value":1088},{"Length":19,"Height":6,"Demand":1,"DemandMax":null,"Value":114},{"Length":22,"Height":19,"Demand":1,"DemandMax":null,"Value":418},{"Length":25,"Height":34,"Demand":1,"DemandMax":null,"Value":850},{"Length":24,"Height":24,"Demand":1,"DemandMax":null,"Value":576},{"Length":28,"Height":9,"Demand":1,"DemandMax":null,"Value":252},{"Length":20,"Height":19,"Demand":1,"DemandMax":null,"Value":380},{"Length":32,"Height":27,"Demand":1,"DemandMax":null,"Value":864},{"Length":1,"Height":18,"Demand":1,"DemandMax":null,"Value":18},{"Length":6,"Height":15,"Demand":1,"DemandMax":null,"Value":90}]}