{"Name":"CLASS07_020_08","Objects":[{"Length":100,"Height":100,"Stock":null,"Cost":10000}],"Items":[{"Length":68,"Height":43,"Demand":1,"DemandMax":null,"Value":2924},{"Length":72,"Height":39,"Demand":1,"DemandMax":null,"Value":2808},{"Length":67,"Height":42,"Demand":1,"DemandMax":null,"Value":2814},{"Length":84,"Height":20,"Demand":1,"DemandMax":null,"Value":1680},{"Length":67,"Height":19,"Demand":1,"DemandMax":null,"Value":1273},{"Length":81,"Height":5,"Demand":1,"DemandMax":null,"Value":405},{"Length":69,"Height":23,"Demand":1,"DemandMax":null,"Value":1587},{"Length":97,"Height":43,"Demand":1,"DemandMax":null,"Value":4171},{"Length":73,"Height":6,"Demand":1,"DemandMax":null,"Value":438},{"Length":98,"Height":33,"Demand":1,"DemandMax":null,"Value":3234},{"Length":80,"Height":17,"Demand":1,"DemandMax":null,"Value":1360},{"Length":84,"Height":27,"Demand":1,"DemandMax":null,"Value":2268},{"Length":83,"Height":55,"Demand":1,"DemandMax":null,"Value":4565},{"Length":34,"Height":81,"Demand":1,"DemandMax":null,"Value":2754},{"Length":99,"Height":22,"Demand":1,"DemandMax":null,"Value":2178},{"Length":19,"Height":22,"Demand":1,"DemandMax":null,"Value":418},{"Length":76,"Height":17,"Demand":1,"DemandMax":null,"Value":1292},{"Length":88,"Height":24,"Demand":1,"DemandMax":null,"Value":2112},{"Length":86,"Height":89,"Demand":1,"DemandMax":null,"Value":7654},{"Length":23,"Height":29,"Demand":1,"DemandMax":null,"Value":667}]}