{"Name":"CLASS10_020_09","Objects":[{"Length":100,"Height":100,"Stock":null,"Cost":10000}],"Items":[{"Length":18,"Height":27,"Demand":1,"DemandMax":null,"Value":486},{"Length":99,"Height":71,"Demand":1,"DemandMax":null,"Value":7029},{"Length":49,"Height":30,"Demand":1,"DemandMax":null,"Value":1470},{"Length":37,"Height":45,"Demand":1,"DemandMax":null,"Value":1665},{"Length":7,"Height":35,"Demand":1,"DemandMax":null,"Value":245},{"Length":28,"Height":45,"Demand":1,"DemandMax":null,"Value":1260},{"Length":93,"Height":94,"Demand":1,"DemandMax":null,"Value":8742},{"Length":21,"Height":24,"Demand":1,"DemandMax":null,"Value":504},{"Length":7,"Height":5,"Demand":1,"DemandMax":null,"Value":35},{"Length":18,"Height":31,"Demand":1,"DemandMax":null,"Value":558},{"Length":99,"Height":20,"Demand":1,"DemandMax":null,"Value":1980},{"Length":18,"Height":76,"Demand":1,"DemandMax":null,"Value":1368},{"Length":68,"Height":87,"Demand":1,"DemandMax":null,"Value":5916},{"Length":21,"Height":28,"Demand":1,"DemandMax":null,"Value":588},{"Length":77,"Height":7,"Demand":1,"DemandMax":null,"Value":539},{"Length":26,"Height":18,"Demand":1,"DemandMax":null,"Value":468},{"Length":42,"Height":30,"Demand":1,"DemandMax":null,"Value":1260},{"Length":34,"Height":37,"Demand":1,"DemandMax":null,"Value":1258},{"Length":96,"Height":56,"Demand":1,"DemandMax":null,"Value":5376},{"Length":97,"Height":33,"Demand":1,"DemandMax":null,"Value":3201}]}