{"Name":"CLASS06_040_01","Objects":[{"Length":300,"Height":300,"Stock":null,"Cost":90000}],"Items":[{"Length":18,"Height":16,"Demand":1,"DemandMax":null,"Value":288},{"Length":51,"Height":72,"Demand":1,"DemandMax":null,"Value":3672},{"Length":95,"Height":12,"Demand":1,"DemandMax":null,"Value":1140},{"Length":7,"Height":24,"Demand":1,"DemandMax":null,"Value":168},{"Length":75,"Height":32,"Demand":1,"DemandMax":null,"Value":2400},{"Length":21,"Height":91,"Demand":1,"DemandMax":null,"Value":1911},{"Length":1,"Height":89,"Demand":1,"DemandMax":null,"Value":89},{"Length":4,"Height":48,"Demand":1,"DemandMax":null,"Value":192},{"Length":52,"Height":25,"Demand":1,"DemandMax":null,"Value":1300},{"Length":1,"Height":9,"Demand":1,"DemandMax":null,"Value":9},{"Length":40,"Height":20,"Demand":1,"DemandMax":null,"Value":800},{"Length":90,"Height":16,"Demand":1,"DemandMax":null,"Value":1440},{"Length":7,"Height":85,"Demand":1,"DemandMax":null,"Value":595},{"Length":81,"Height":48,"Demand":1,"DemandMax":null,"Value":3888},{"Length":33,"Height":62,"Demand":1,"DemandMax":null,"Value":2046},{"Length":19,"Height":16,"Demand":1,"DemandMax":null,"Value":304},{"Length":28,"Height":32,"Demand":1,"DemandMax":null,"Value":896},{"Length":82,"Height":65,"Demand":1,"DemandMax":null,"Value":5330},{"Length":37,"Height":4,"Demand":1,"DemandMax":null,"Value":148},{"Length":81,"Height":71,"Demand":1,"DemandMax":null,"Value":5751},{"Length":37,"Height":23,"Demand":1,"DemandMax":null,"Value":851},{"Length":60,"Height":47,"Demand":1,"DemandMax":null,"Value":2820},{"Length":40,"Height":67,"Demand":1,"DemandMax":null,"Value":2680},{"Length":98,"Height":37,"Demand":1,"DemandMax":null,"Value":3626},{"Length":90,"Height":46,"Demand":1,"DemandMax":null,"Value":4140},{"Length":4,"Height":18,"Demand":1,"DemandMax":null,"Value":72},{"Length":64,"Height":7,"Demand":1,"DemandMax":null,"Value":448},{"Length":25,"Height":1,"Demand":1,"DemandMax":null,"Value":25},{"Length":75,"Height":25,"Demand":1,"DemandMax":null,"Value":1875},{"Length":37,"Height":32,"Demand":1,"DemandMax":null,"Value":1184},{"Length":66,"Height":12,"Demand":1,"DemandMax":null,"Value":792},{"Length":51,"Height":88,"Demand":1,"DemandMax":null,"Value":4488},{"Length":15,"Height":14,"Demand":1,"DemandMax":null,"Value":210},{"Length":13,"Height":79,"Demand":1,"DemandMax":null,"Value":1027},{"Length":33,"Height":6,"Demand":1,"DemandMax":null,"Value":198},{"Length":99,"Height":51,"Demand":1,"DemandMax":null,"Value":5049},{"Length":65,"Height":2,"Demand":1,"DemandMax":null,"Value":130},{"Length":21,"Height":81,"Demand":1,"DemandMax":null,"Value":1701},{"Length":89,"Height":44,"Demand":1,"DemandMax":null,"Value":3916},{"Length":24,"Height":80,"Demand":1,"DemandMax":null,"Value":1920}]}