{"Name":"CLASS05_100_07","Objects":[{"Length":100,"Height":100,"Stock":null,"Cost":10000}],"Items":[{"Length":48,"Height":66,"Demand":1,"DemandMax":null,"Value":3168},{"Length":35,"Height":41,"Demand":1,"DemandMax":null,"Value":1435},{"Length":7,"Height":5,"Demand":1,"DemandMax":null,"Value":35},{"Length":51,"Height":81,"Demand":1,"DemandMax":null,"Value":4131},{"Length":91,"Height":24,"Demand":1,"DemandMax":null,"Value":2184},{"Length":81,"Height":24,"Demand":1,"DemandMax":null,"Value":1944},{"Length":10,"Height":2,"Demand":1,"DemandMax":null,"Value":20},{"Length":2,"Height":14,"Demand":1,"DemandMax":null,"Value":28},{"Length":11,"Height":48,"Demand":1,"DemandMax":null,"Value":528},{"Length":25,"Height":28,"Demand":1,"DemandMax":null,"Value":700},{"Length":69,"Height":9,"Demand":1,"DemandMax":null,"Value":621},{"Length":96,"Height":79,"Demand":1,"DemandMax":null,"Value":7584},{"Length":96,"Height":61,"Demand":1,"DemandMax":null,"Value":5856},{"Length":92,"Height":10,"Demand":1,"DemandMax":null,"Value":920},{"Length":38,"Height":15,"Demand":1,"DemandMax":null,"Value":570},{"Length":23,"Height":99,"Demand":2,"DemandMax":null,"Value":2277},{"Length":70,"Height":17,"Demand":1,"DemandMax":null,"Value":1190},{"Length":35,"Height":57,"Demand":1,"DemandMax":null,"Value":1995},{"Length":6,"Height":43,"Demand":1,"DemandMax":null,"Value":258},{"Length":5,"Height":29,"Demand":1,"DemandMax":null,"Value":145},{"Length":88,"Height":5,"Demand":1,"DemandMax":null,"Value":440},{"Length":44,"Height":93,"Demand":1,"DemandMax":null,"Value":4092},{"Length":95,"Height":48,"Demand":1,"DemandMax":null,"Value":4560},{"Length":97,"Height":59,"Demand":1,"DemandMax":null,"Value":5723},{"Length":38,"Height":49,"Demand":1,"DemandMax":null,"Value":1862},{"Length":41,"Height":72,"Demand":1,"DemandMax":null,"Value":2952},{"Length":62,"Height":19,"Demand":1,"DemandMax":null,"Value":1178},{"Length":88,"Height":10,"Demand":1,"DemandMax":null,"Value":880},{"Length":43,"Height":3,"Demand":1,"DemandMax":null,"Value":129},{"Length":82,"Height":84,"Demand":1,"DemandMax":null,"Value":6888},{"Length":94,"Height":78,"Demand":1,"DemandMax":null,"Value":7332},{"Length":1,"Height":39,"Demand":1,"DemandMax":null,"Value":39},{"Length":59,"Height":56,"Demand":1,"DemandMax":null,"Value":3304},{"Length":56,"Height":51,"Demand":1,"DemandMax":null,"Value":2856},{"Length":15,"Height":80,"Demand":1,"DemandMax":null,"Value":1200},{"Length":91,"Height":33,"Demand":1,"DemandMax":null,"Value":3003},{"Length":73,"Height":30,"Demand":1,"DemandMax":null,"Value":2190},{"Length":84,"Height":28,"Demand":1,"DemandMax":null,"Value":2352},{"Length":79,"Height":16,"Demand":1,"DemandMax":null,"Value":1264},{"Length":47,"Height":15,"Demand":1,"DemandMax":null,"Value":705},{"Length":10,"Height":82,"Demand":1,"DemandMax":null,"Value":820},{"Length":23,"Height":4,"Demand":1,"DemandMax":null,"Value":92},{"Length":76,"Height":6,"Demand":1,"DemandMax":null,"Value":456},{"Length":91,"Height":41,"Demand":1,"DemandMax":null,"Value":3731},{"Length":61,"Height":2,"Demand":1,"DemandMax":null,"Value":122},{"Length":28,"Height":6,"Demand":1,"DemandMax":null,"Value":168},{"Length":78,"Height":100,"Demand":1,"DemandMax":null,"Value":7800},{"Length":2,"Height":5,"Demand":1,"DemandMax":null,"Value":10},{"Length":21,"Height":77,"Demand":1,"DemandMax":null,"Value":1617},{"Length":90,"Height":6,"Demand":1,"DemandMax":null,"Value":540},{"Length":99,"Height":13,"Demand":1,"DemandMax":null,"Value":1287},{"Length":69,"Height":54,"Demand":1,"DemandMax":null,"Value":3726},{"Length":57,"Height":18,"Demand":1,"DemandMax":null,"Value":1026},{"Length":51,"Height":27,"Demand":1,"DemandMax":null,"Value":1377},{"Length":74,"Height":37,"Demand":1,"DemandMax":null,"Value":2738},{"Length":80,"Height":36,"Demand":1,"DemandMax":null,"Value":2880},{"Length":60,"Height":47,"Demand":1,"DemandMax":null,"Value":2820},{"Length":34,"Height":25,"Demand":1,"DemandMax":null,"Value":850},{"Length":59,"Height":60,"Demand":1,"DemandMax":null,"Value":3540},{"Length":24,"Height":73,"Demand":1,"DemandMax":null,"Value":1752},{"Length":50,"Height":20,"Demand":1,"DemandMax":null,"Value":1000},{"Length":94,"Height":89,"Demand":1,"DemandMax":null,"Value":8366},{"Length":44,"Height":4,"Demand":1,"DemandMax":null,"Value":176},{"Length":22,"Height":20,"Demand":1,"DemandMax":null,"Value":440},{"Length":85,"Height":25,"Demand":1,"DemandMax":null,"Value":2125},{"Length":20,"Height":42,"Demand":1,"DemandMax":null,"Value":840},{"Length":50,"Height":26,"Demand":1,"DemandMax":null,"Value":1300},{"Length":31,"Height":66,"Demand":1,"DemandMax":null,"Value":2046},{"Length":52,"Height":85,"Demand":1,"DemandMax":null,"Value":4420},{"Length":34,"Height":38,"Demand":1,"DemandMax":null,"Value":1292},{"Length":33,"Height":13,"Demand":1,"DemandMax":null,"Value":429},{"Length":39,"Height":34,"Demand":1,"DemandMax":null,"Value":1326},{"Length":73,"Height":55,"Demand":1,"DemandMax":null,"Value":4015},{"Length":91,"Height":66,"Demand":1,"DemandMax":null,"Value":6006},{"Length":82,"Height":89,"Demand":1,"DemandMax":null,"Value":7298},{"Length":69,"Height":79,"Demand":1,"DemandMax":null,"Value":5451},{"Length":5,"Height":25,"Demand":1,"DemandMax":null,"Value":125},{"Length":82,"Height":50,"Demand":1,"DemandMax":null,"Value":4100},{"Length":20,"Height":8,"Demand":1,"DemandMax":null,"Value":160},{"Length":75,"Height":90,"Demand":1,"DemandMax":null,"Value":6750},{"Length":37,"Height":16,"Demand":1,"DemandMax":null,"Value":592},{"Length":27,"Height":43,"Demand":1,"DemandMax":null,"Value":1161},{"Length":1,"Height":60,"Demand":1,"DemandMax":null,"Value":60},{"Length":48,"Height":89,"Demand":1,"DemandMax":null,"Value":4272},{"Length":90,"Height":85,"Demand":1,"DemandMax":null,"Value":7650},{"Length":82,"Height":37,"Demand":1,"DemandMax":null,"Value":3034},{"Length":14,"Height":67,"Demand":1,"DemandMax":null,"Value":938},{"Length":8,"Height":31,"Demand":1,"DemandMax":null,"Value":248},{"Length":19,"Height":19,"Demand":1,"DemandMax":null,"Value":361},{"Length":37,"Height":51,"Demand":1,"DemandMax":null,"Value":1887},{"Length":83,"Height":84,"Demand":1,"DemandMax":null,"Value":6972},{"Length":13,"Height":7,"Demand":1,"DemandMax":null,"Value":91},{"Length":15,"Height":41,"Demand":1,"DemandMax":null,"Value":615},{"Length":13,"Height":43,"Demand":1,"DemandMax":null,"Value":559},{"Length":62,"Height":100,"Demand":1,"DemandMax":null,"Value":6200},{"Length":50,"Height":37,"Demand":1,"DemandMax":null,"Value":1850},{"Length":99,"Height":7,"Demand":1,"DemandMax":null,"Value":693},{"Length":66,"Height":100,"Demand":1,"DemandMax":null,"Value":6600},{"Length":40,"Height":38,"Demand":1,"DemandMax":null,"Value":1520}]}