{"Name":"CLASS08_020_04","Objects":[{"Length":100,"Height":100,"Stock":null,"Cost":10000}],"Items":[{"Length":11,"Height":79,"Demand":1,"DemandMax":null,"Value":869},{"Length":84,"Height":31,"Demand":1,"DemandMax":null,"Value":2604},{"Length":18,"Height":91,"Demand":1,"DemandMax":null,"Value":1638},{"Length":78,"Height":55,"Demand":1,"DemandMax":null,"Value":4290},{"Length":27,"Height":87,"Demand":1,"DemandMax":null,"Value":2349},{"Length":8,"Height":88,"Demand":1,"DemandMax":null,"Value":704},{"Length":40,"Height":68,"Demand":1,"DemandMax":null,"Value":2720},{"Length":16,"Height":74,"Demand":1,"DemandMax":null,"Value":1184},{"Length":54,"Height":53,"Demand":1,"DemandMax":null,"Value":2862},{"Length":2,"Height":98,"Demand":1,"DemandMax":null,"Value":196},{"Length":24,"Height":88,"Demand":1,"DemandMax":null,"Value":2112},{"Length":65,"Height":82,"Demand":1,"DemandMax":null,"Value":5330},{"Length":45,"Height":92,"Demand":1,"DemandMax":null,"Value":4140},{"Length":7,"Height":80,"Demand":1,"DemandMax":null,"Value":560},{"Length":79,"Height":23,"Demand":1,"DemandMax":null,"Value":1817},{"Length":26,"Height":74,"Demand":1,"DemandMax":null,"Value":1924},{"Length":47,"Height":35,"Demand":1,"DemandMax":null,"Value":1645},{"Length":24,"Height":71,"Demand":1,"DemandMax":null,"Value":1704},{"Length":76,"Height":75,"Demand":1,"DemandMax":null,"Value":5700},{"Length":99,"Height":55,"Demand":1,"DemandMax":null,"Value":5445}]}