{"Name":"CLASS02_100_04","Objects":[{"Length":30,"Height":30,"Stock":null,"Cost":900}],"Items":[{"Length":8,"Height":6,"Demand":2,"DemandMax":null,"Value":48},{"Length":9,"Height":4,"Demand":3,"DemandMax":null,"Value":36},{"Length":4,"Height":6,"Demand":3,"DemandMax":null,"Value":24},{"Length":1,"Height":3,"Demand":3,"DemandMax":null,"Value":3},{"Length":3,"Height":3,"Demand":1,"DemandMax":null,"Value":9},{"Length":5,"Height":3,"Demand":3,"DemandMax":null,"Value":15},{"Length":6,"Height":6,"Demand":2,"DemandMax":null,"Value":36},{"Length":8,"Height":8,"Demand":2,"DemandMax":null,"Value":64},{"Length":6,"Height":7,"Demand":2,"DemandMax":null,"Value":42},{"Length":10,"Height":5,"Demand":2,"DemandMax":null,"Value":50},{"Length":3,"Height":8,"Demand":1,"DemandMax":null,"Value":24},{"Length":6,"Height":9,"Demand":1,"DemandMax":null,"Value":54},{"Length":8,"Height":4,"Demand":4,"DemandMax":null,"Value":32},{"Length":1,"Height":10,"Demand":1,"DemandMax":null,"Value":10},{"Length":2,"Height":9,"Demand":1,"DemandMax":null,"Value":18},{"Length":4,"Height":10,"Demand":2,"DemandMax":null,"Value":40},{"Length":7,"Height":6,"Demand":1,"DemandMax":null,"Value":42},{"Length":6,"Height":5,"Demand":1,"DemandMax":null,"Value":30},{"Length":9,"Height":6,"Demand":1,"DemandMax":null,"Value":54},{"Length":2,"Height":7,"Demand":3,"DemandMax":null,"Value":14},{"Length":4,"Height":1,"Demand":2,"DemandMax":null,"Value":4},{"Length":7,"Height":4,"Demand":3,"DemandMax":null,"Value":28},{"Length":2,"Height":3,"Demand":2,"DemandMax":null,"Value":6},{"Length":5,"Height":8,"Demand":2,"DemandMax":null,"Value":40},{"Length":2,"Height":6,"Demand":2,"DemandMax":null,"Value":12},{"Length":1,"Height":1,"Demand":1,"DemandMax":null,"Value":1},{"Length":4,"Height":7,"Demand":1,"DemandMax":null,"Value":28},{"Length":1,"Height":4,"Demand":1,"DemandMax":null,"Value":4},{"Length":4,"Height":2,"Demand":3,"DemandMax":null,"Value":8},{"Length":1,"Height":7,"Demand":2,"DemandMax":null,"Value":7},{"Length":5,"Height":9,"Demand":1,"DemandMax":null,"Value":45},{"Length":10,"Height":2,"Demand":2,"DemandMax":null,"Value":20},{"Length":3,"Height":7,"Demand":2,"DemandMax":null,"Value":21},{"Length":7,"Height":1,"Demand":1,"DemandMax":null,"Value":7},{"Length":8,"Height":2,"Demand":1,"DemandMax":null,"Value":16},{"Length":9,"Height":9,"Demand":1,"DemandMax":null,"Value":81},{"Length":7,"Height":8,"Demand":1,"DemandMax":null,"Value":56},{"Length":2,"Height":2,"Demand":1,"DemandMax":null,"Value":4},{"Length":6,"Height":10,"Demand":1,"DemandMax":null,"Value":60},{"Length":10,"Height":1,"Demand":1,"DemandMax":null,"Value":10},{"Length":5,"Height":10,"Demand":1,"DemandMax":null,"Value":50},{"Length":4,"Height":3,"Demand":2,"DemandMax":null,"Value":12},{"Length":7,"Height":9,"Demand":2,"DemandMax":null,"Value":63},{"Length":8,"Height":1,"Demand":1,"DemandMax":null,"Value":8},{"Length":3,"Height":4,"Demand":2,"DemandMax":null,"Value":12},{"Length":8,"Height":9,"Demand":1,"DemandMax":null,"Value":72},{"Length":8,"Height":3,"Demand":2,"DemandMax":null,"Value":24},{"Length":3,"Height":1,"Demand":1,"DemandMax":null,"Value":3},{"Length":4,"Height":8,"Demand":1,"DemandMax":null,"Value":32},{"Length":10,"Height":7,"Demand":1,"DemandMax":null,"Value":70},{"Length":1,"Height":8,"Demand":1,"DemandMax":null,"Value":8},{"Length":9,"Height":7,"Demand":1,"DemandMax":null,"Value":63},{"Length":5,"Height":5,"Demand":1,"DemandMax":null,"Value":25},{"Length":2,"Height":10,"Demand":1,"DemandMax":null,"Value":20},{"Length":10,"Height":8,"Demand":1,"DemandMax":null,"Value":80},{"Length":3,"Height":5,"Demand":1,"DemandMax":null,"Value":15},{"Length":9,"Height":3,"Demand":2,"DemandMax":null,"Value":27},{"Length":6,"Height":3,"Demand":1,"DemandMax":null,"Value":18},{"Length":9,"Height":8,"Demand":1,"DemandMax":null,"Value":72},{"Length":3,"Height":6,"Demand":1,"DemandMax":null,"Value":18},{"Length":10,"Height":9,"Demand":1,"DemandMax":null,"Value":90},{"Length":9,"Height":2,"Demand":1,"DemandMax":null,"Value":18},{"Length":6,"Height":1,"Demand":1,"DemandMax":null,"Value":6},{"Length":4,"Height":9,"Demand":1,"DemandMax":null,"Value":36},{"Length":8,"Height":7,"Demand":1,"DemandMax":null,"Value":56}]}