{"Name":"CLASS04_040_10","Objects":[{"Length":100,"Height":100,"Stock":null,"Cost":10000}],"Items":[{"Length":25,"Height":20,"Demand":1,"DemandMax":null,"Value":500},{"Length":31,"Height":12,"Demand":1,"DemandMax":null,"Value":372},{"Length":13,"Height":18,"Demand":1,"DemandMax":null,"Value":234},{"Length":3,"Height":11,"Demand":1,"DemandMax":null,"Value":33},{"Length":9,"Height":10,"Demand":1,"DemandMax":null,"Value":90},{"Length":16,"Height":11,"Demand":1,"DemandMax":null,"Value":176},{"Length":18,"Height":21,"Demand":1,"DemandMax":null,"Value":378},{"Length":25,"Height":27,"Demand":1,"DemandMax":null,"Value":675},{"Length":20,"Height":22,"Demand":1,"DemandMax":null,"Value":440},{"Length":35,"Height":16,"Demand":1,"DemandMax":null,"Value":560},{"Length":8,"Height":28,"Demand":1,"DemandMax":null,"Value":224},{"Length":27,"Height":18,"Demand":1,"DemandMax":null,"Value":486},{"Length":19,"Height":31,"Demand":1,"DemandMax":null,"Value":589},{"Length":28,"Height":14,"Demand":1,"DemandMax":null,"Value":392},{"Length":1,"Height":34,"Demand":1,"DemandMax":null,"Value":34},{"Length":6,"Height":30,"Demand":1,"DemandMax":null,"Value":180},{"Length":14,"Height":19,"Demand":1,"DemandMax":null,"Value":266},{"Length":12,"Height":35,"Demand":1,"DemandMax":null,"Value":420},{"Length":29,"Height":13,"Demand":1,"DemandMax":null,"Value":377},{"Length":3,"Height":9,"Demand":1,"DemandMax":null,"Value":27},{"Length":25,"Height":19,"Demand":1,"DemandMax":null,"Value":475},{"Length":19,"Height":16,"Demand":1,"DemandMax":null,"Value":304},{"Length":29,"Height":19,"Demand":1,"DemandMax":null,"Value":551},{"Length":5,"Height":24,"Demand":2,"DemandMax":null,"Value":120},{"Length":11,"Height":4,"Demand":1,"DemandMax":null,"Value":44},{"Length":22,"Height":13,"Demand":2,"DemandMax":null,"Value":286},{"Length":6,"Height":11,"Demand":1,"DemandMax":null,"Value":66},{"Length":17,"Height":27,"Demand":1,"DemandMax":null,"Value":459},{"Length":6,"Height":21,"Demand":1,"DemandMax":null,"Value":126},{"Length":2,"Height":2,"Demand":1,"DemandMax":null,"Value":4},{"Length":14,"Height":25,"Demand":1,"DemandMax":null,"Value":350},{"Length":27,"Height":14,"Demand":1,"DemandMax":null,"Value":378},{"Length":1,"Height":14,"Demand":1,"DemandMax":null,"Value":14},{"Length":13,"Height":7,"Demand":1,"DemandMax":null,"Value":91},{"Length":15,"Height":27,"Demand":1,"DemandMax":null,"Value":405},{"Length":1,"Height":9,"Demand":1,"DemandMax":null,"Value":9},{"Length":15,"Height":10,"Demand":1,"DemandMax":null,"Value":150},{"Length":3,"Height":25,"Demand":1,"DemandMax":null,"Value":75}]}