{"Name":"CLASS08_020_09","Objects":[{"Length":100,"Height":100,"Stock":null,"Cost":10000}],"Items":[{"Length":18,"Height":84,"Demand":1,"DemandMax":null,"Value":1512},{"Length":49,"Height":80,"Demand":1,"DemandMax":null,"Value":3920},{"Length":49,"Height":86,"Demand":1,"DemandMax":null,"Value":4214},{"Length":37,"Height":96,"Demand":1,"DemandMax":null,"Value":3552},{"Length":7,"Height":90,"Demand":1,"DemandMax":null,"Value":630},{"Length":28,"Height":97,"Demand":1,"DemandMax":null,"Value":2716},{"Length":43,"Height":96,"Demand":1,"DemandMax":null,"Value":4128},{"Length":21,"Height":82,"Demand":1,"DemandMax":null,"Value":1722},{"Length":7,"Height":69,"Demand":1,"DemandMax":null,"Value":483},{"Length":68,"Height":80,"Demand":1,"DemandMax":null,"Value":5440},{"Length":99,"Height":20,"Demand":1,"DemandMax":null,"Value":1980},{"Length":18,"Height":76,"Demand":1,"DemandMax":null,"Value":1368},{"Length":19,"Height":91,"Demand":1,"DemandMax":null,"Value":1729},{"Length":21,"Height":85,"Demand":1,"DemandMax":null,"Value":1785},{"Length":77,"Height":7,"Demand":1,"DemandMax":null,"Value":539},{"Length":26,"Height":18,"Demand":1,"DemandMax":null,"Value":468},{"Length":42,"Height":86,"Demand":1,"DemandMax":null,"Value":3612},{"Length":34,"Height":91,"Demand":1,"DemandMax":null,"Value":3094},{"Length":46,"Height":70,"Demand":1,"DemandMax":null,"Value":3220},{"Length":97,"Height":33,"Demand":1,"DemandMax":null,"Value":3201}]}