{"Name":"CLASS09_080_07","Objects":[{"Length":100,"Height":100,"Stock":null,"Cost":10000}],"Items":[{"Length":65,"Height":80,"Demand":1,"DemandMax":null,"Value":5200},{"Length":93,"Height":73,"Demand":1,"DemandMax":null,"Value":6789},{"Length":33,"Height":99,"Demand":1,"DemandMax":null,"Value":3267},{"Length":79,"Height":73,"Demand":1,"DemandMax":null,"Value":5767},{"Length":51,"Height":94,"Demand":1,"DemandMax":null,"Value":4794},{"Length":94,"Height":77,"Demand":1,"DemandMax":null,"Value":7238},{"Length":25,"Height":18,"Demand":1,"DemandMax":null,"Value":450},{"Length":87,"Height":84,"Demand":1,"DemandMax":null,"Value":7308},{"Length":100,"Height":70,"Demand":1,"DemandMax":null,"Value":7000},{"Length":57,"Height":94,"Demand":1,"DemandMax":null,"Value":5358},{"Length":28,"Height":50,"Demand":1,"DemandMax":null,"Value":1400},{"Length":6,"Height":7,"Demand":1,"DemandMax":null,"Value":42},{"Length":59,"Height":57,"Demand":1,"DemandMax":null,"Value":3363},{"Length":32,"Height":22,"Demand":1,"DemandMax":null,"Value":704},{"Length":93,"Height":94,"Demand":1,"DemandMax":null,"Value":8742},{"Length":86,"Height":91,"Demand":1,"DemandMax":null,"Value":7826},{"Length":31,"Height":7,"Demand":1,"DemandMax":null,"Value":217},{"Length":68,"Height":61,"Demand":1,"DemandMax":null,"Value":4148},{"Length":70,"Height":99,"Demand":1,"DemandMax":null,"Value":6930},{"Length":79,"Height":86,"Demand":1,"DemandMax":null,"Value":6794},{"Length":63,"Height":68,"Demand":1,"DemandMax":null,"Value":4284},{"Length":67,"Height":63,"Demand":1,"DemandMax":null,"Value":4221},{"Length":58,"Height":65,"Demand":1,"DemandMax":null,"Value":3770},{"Length":83,"Height":94,"Demand":1,"DemandMax":null,"Value":7802},{"Length":57,"Height":91,"Demand":1,"DemandMax":null,"Value":5187},{"Length":77,"Height":76,"Demand":1,"DemandMax":null,"Value":5852},{"Length":59,"Height":94,"Demand":1,"DemandMax":null,"Value":5546},{"Length":99,"Height":62,"Demand":1,"DemandMax":null,"Value":6138},{"Length":63,"Height":75,"Demand":1,"DemandMax":null,"Value":4725},{"Length":99,"Height":1,"Demand":1,"DemandMax":null,"Value":99},{"Length":71,"Height":84,"Demand":1,"DemandMax":null,"Value":5964},{"Length":26,"Height":95,"Demand":1,"DemandMax":null,"Value":2470},{"Length":82,"Height":71,"Demand":1,"DemandMax":null,"Value":5822},{"Length":82,"Height":88,"Demand":1,"DemandMax":null,"Value":7216},{"Length":97,"Height":36,"Demand":1,"DemandMax":null,"Value":3492},{"Length":65,"Height":85,"Demand":1,"DemandMax":null,"Value":5525},{"Length":61,"Height":79,"Demand":1,"DemandMax":null,"Value":4819},{"Length":76,"Height":86,"Demand":1,"DemandMax":null,"Value":6536},{"Length":80,"Height":100,"Demand":1,"DemandMax":null,"Value":8000},{"Length":66,"Height":89,"Demand":1,"DemandMax":null,"Value":5874},{"Length":3,"Height":99,"Demand":1,"DemandMax":null,"Value":297},{"Length":83,"Height":96,"Demand":1,"DemandMax":null,"Value":7968},{"Length":77,"Height":75,"Demand":1,"DemandMax":null,"Value":5775},{"Length":85,"Height":5,"Demand":1,"DemandMax":null,"Value":425},{"Length":55,"Height":79,"Demand":1,"DemandMax":null,"Value":4345},{"Length":2,"Height":17,"Demand":1,"DemandMax":null,"Value":34},{"Length":86,"Height":61,"Demand":1,"DemandMax":null,"Value":5246},{"Length":52,"Height":82,"Demand":1,"DemandMax":null,"Value":4264},{"Length":69,"Height":72,"Demand":1,"DemandMax":null,"Value":4968},{"Length":81,"Height":100,"Demand":1,"DemandMax":null,"Value":8100},{"Length":7,"Height":72,"Demand":1,"DemandMax":null,"Value":504},{"Length":38,"Height":80,"Demand":1,"DemandMax":null,"Value":3040},{"Length":46,"Height":27,"Demand":1,"DemandMax":null,"Value":1242},{"Length":73,"Height":95,"Demand":1,"DemandMax":null,"Value":6935},{"Length":88,"Height":70,"Demand":1,"DemandMax":null,"Value":6160},{"Length":90,"Height":22,"Demand":1,"DemandMax":null,"Value":1980},{"Length":84,"Height":92,"Demand":1,"DemandMax":null,"Value":7728},{"Length":76,"Height":51,"Demand":1,"DemandMax":null,"Value":3876},{"Length":82,"Height":92,"Demand":1,"DemandMax":null,"Value":7544},{"Length":95,"Height":84,"Demand":1,"DemandMax":null,"Value":7980},{"Length":83,"Height":70,"Demand":1,"DemandMax":null,"Value":5810},{"Length":91,"Height":69,"Demand":1,"DemandMax":null,"Value":6279},{"Length":87,"Height":76,"Demand":1,"DemandMax":null,"Value":6612},{"Length":65,"Height":57,"Demand":1,"DemandMax":null,"Value":3705},{"Length":95,"Height":59,"Demand":1,"DemandMax":null,"Value":5605},{"Length":18,"Height":100,"Demand":1,"DemandMax":null,"Value":1800},{"Length":5,"Height":21,"Demand":1,"DemandMax":null,"Value":105},{"Length":98,"Height":94,"Demand":1,"DemandMax":null,"Value":9212},{"Length":67,"Height":60,"Demand":1,"DemandMax":null,"Value":4020},{"Length":55,"Height":91,"Demand":1,"DemandMax":null,"Value":5005},{"Length":83,"Height":78,"Demand":1,"DemandMax":null,"Value":6474},{"Length":95,"Height":41,"Demand":1,"DemandMax":null,"Value":3895},{"Length":51,"Height":73,"Demand":1,"DemandMax":null,"Value":3723},{"Length":55,"Height":94,"Demand":1,"DemandMax":null,"Value":5170},{"Length":73,"Height":97,"Demand":1,"DemandMax":null,"Value":7081},{"Length":48,"Height":100,"Demand":1,"DemandMax":null,"Value":4800},{"Length":98,"Height":98,"Demand":1,"DemandMax":null,"Value":9604},{"Length":78,"Height":9,"Demand":1,"DemandMax":null,"Value":702},{"Length":75,"Height":76,"Demand":1,"DemandMax":null,"Value":5700},{"Length":65,"Height":70,"Demand":1,"DemandMax":null,"Value":4550}]}