{"Name":"CLASS03_020_04","Objects":[{"Length":40,"Height":40,"Stock":null,"Cost":1600}],"Items":[{"Length":14,"Height":25,"Demand":1,"DemandMax":null,"Value":350},{"Length":2,"Height":8,"Demand":1,"DemandMax":null,"Value":16},{"Length":19,"Height":22,"Demand":1,"DemandMax":null,"Value":418},{"Length":26,"Height":5,"Demand":1,"DemandMax":null,"Value":130},{"Length":32,"Height":12,"Demand":1,"DemandMax":null,"Value":384},{"Length":20,"Height":4,"Demand":1,"DemandMax":null,"Value":80},{"Length":22,"Height":23,"Demand":1,"DemandMax":null,"Value":506},{"Length":11,"Height":19,"Demand":1,"DemandMax":null,"Value":209},{"Length":6,"Height":23,"Demand":1,"DemandMax":null,"Value":138},{"Length":3,"Height":8,"Demand":1,"DemandMax":null,"Value":24},{"Length":10,"Height":28,"Demand":1,"DemandMax":null,"Value":280},{"Length":11,"Height":9,"Demand":1,"DemandMax":null,"Value":99},{"Length":3,"Height":30,"Demand":1,"DemandMax":null,"Value":90},{"Length":28,"Height":4,"Demand":1,"DemandMax":null,"Value":112},{"Length":1,"Height":33,"Demand":1,"DemandMax":null,"Value":33},{"Length":23,"Height":19,"Demand":1,"DemandMax":null,"Value":437},{"Length":31,"Height":17,"Demand":1,"DemandMax":null,"Value":527},{"Length":11,"Height":23,"Demand":1,"DemandMax":null,"Value":253},{"Length":27,"Height":10,"Demand":1,"DemandMax":null,"Value":270},{"Length":19,"Height":32,"Demand":1,"DemandMax":null,"Value":608}]}