{"Name":"CLASS05_080_10","Objects":[{"Length":100,"Height":100,"Stock":null,"Cost":10000}],"Items":[{"Length":76,"Height":47,"Demand":1,"DemandMax":null,"Value":3572},{"Length":71,"Height":71,"Demand":1,"DemandMax":null,"Value":5041},{"Length":67,"Height":1,"Demand":1,"DemandMax":null,"Value":67},{"Length":52,"Height":59,"Demand":1,"DemandMax":null,"Value":3068},{"Length":49,"Height":1,"Demand":1,"DemandMax":null,"Value":49},{"Length":13,"Height":17,"Demand":1,"DemandMax":null,"Value":221},{"Length":33,"Height":27,"Demand":1,"DemandMax":null,"Value":891},{"Length":32,"Height":88,"Demand":1,"DemandMax":null,"Value":2816},{"Length":65,"Height":88,"Demand":1,"DemandMax":null,"Value":5720},{"Length":20,"Height":51,"Demand":1,"DemandMax":null,"Value":1020},{"Length":21,"Height":30,"Demand":1,"DemandMax":null,"Value":630},{"Length":22,"Height":16,"Demand":1,"DemandMax":null,"Value":352},{"Length":13,"Height":30,"Demand":1,"DemandMax":null,"Value":390},{"Length":16,"Height":28,"Demand":1,"DemandMax":null,"Value":448},{"Length":86,"Height":99,"Demand":1,"DemandMax":null,"Value":8514},{"Length":12,"Height":65,"Demand":1,"DemandMax":null,"Value":780},{"Length":17,"Height":82,"Demand":1,"DemandMax":null,"Value":1394},{"Length":55,"Height":39,"Demand":1,"DemandMax":null,"Value":2145},{"Length":17,"Height":57,"Demand":1,"DemandMax":null,"Value":969},{"Length":23,"Height":92,"Demand":1,"DemandMax":null,"Value":2116},{"Length":30,"Height":34,"Demand":1,"DemandMax":null,"Value":1020},{"Length":27,"Height":4,"Demand":1,"DemandMax":null,"Value":108},{"Length":36,"Height":58,"Demand":1,"DemandMax":null,"Value":2088},{"Length":11,"Height":84,"Demand":1,"DemandMax":null,"Value":924},{"Length":43,"Height":6,"Demand":1,"DemandMax":null,"Value":258},{"Length":54,"Height":79,"Demand":1,"DemandMax":null,"Value":4266},{"Length":98,"Height":91,"Demand":1,"DemandMax":null,"Value":8918},{"Length":65,"Height":65,"Demand":1,"DemandMax":null,"Value":4225},{"Length":78,"Height":56,"Demand":1,"DemandMax":null,"Value":4368},{"Length":91,"Height":54,"Demand":1,"DemandMax":null,"Value":4914},{"Length":93,"Height":80,"Demand":1,"DemandMax":null,"Value":7440},{"Length":8,"Height":89,"Demand":1,"DemandMax":null,"Value":712},{"Length":89,"Height":72,"Demand":1,"DemandMax":null,"Value":6408},{"Length":27,"Height":50,"Demand":1,"DemandMax":null,"Value":1350},{"Length":44,"Height":78,"Demand":1,"DemandMax":null,"Value":3432},{"Length":94,"Height":46,"Demand":1,"DemandMax":null,"Value":4324},{"Length":67,"Height":76,"Demand":1,"DemandMax":null,"Value":5092},{"Length":85,"Height":23,"Demand":1,"DemandMax":null,"Value":1955},{"Length":4,"Height":76,"Demand":1,"DemandMax":null,"Value":304},{"Length":12,"Height":58,"Demand":1,"DemandMax":null,"Value":696},{"Length":33,"Height":24,"Demand":1,"DemandMax":null,"Value":792},{"Length":20,"Height":62,"Demand":1,"DemandMax":null,"Value":1240},{"Length":64,"Height":96,"Demand":1,"DemandMax":null,"Value":6144},{"Length":86,"Height":80,"Demand":1,"DemandMax":null,"Value":6880},{"Length":42,"Height":4,"Demand":1,"DemandMax":null,"Value":168},{"Length":21,"Height":90,"Demand":1,"DemandMax":null,"Value":1890},{"Length":45,"Height":92,"Demand":1,"DemandMax":null,"Value":4140},{"Length":70,"Height":2,"Demand":1,"DemandMax":null,"Value":140},{"Length":84,"Height":39,"Demand":1,"DemandMax":null,"Value":3276},{"Length":10,"Height":61,"Demand":1,"DemandMax":null,"Value":610},{"Length":3,"Height":55,"Demand":1,"DemandMax":null,"Value":165},{"Length":53,"Height":44,"Demand":1,"DemandMax":null,"Value":2332},{"Length":81,"Height":85,"Demand":1,"DemandMax":null,"Value":6885},{"Length":42,"Height":64,"Demand":1,"DemandMax":null,"Value":2688},{"Length":27,"Height":6,"Demand":1,"DemandMax":null,"Value":162},{"Length":57,"Height":64,"Demand":1,"DemandMax":null,"Value":3648},{"Length":88,"Height":29,"Demand":1,"DemandMax":null,"Value":2552},{"Length":8,"Height":23,"Demand":1,"DemandMax":null,"Value":184},{"Length":40,"Height":100,"Demand":1,"DemandMax":null,"Value":4000},{"Length":39,"Height":50,"Demand":1,"DemandMax":null,"Value":1950},{"Length":94,"Height":95,"Demand":1,"DemandMax":null,"Value":8930},{"Length":28,"Height":91,"Demand":1,"DemandMax":null,"Value":2548},{"Length":96,"Height":27,"Demand":1,"DemandMax":null,"Value":2592},{"Length":86,"Height":24,"Demand":1,"DemandMax":null,"Value":2064},{"Length":22,"Height":39,"Demand":1,"DemandMax":null,"Value":858},{"Length":58,"Height":59,"Demand":1,"DemandMax":null,"Value":3422},{"Length":84,"Height":9,"Demand":1,"DemandMax":null,"Value":756},{"Length":22,"Height":42,"Demand":1,"DemandMax":null,"Value":924},{"Length":27,"Height":48,"Demand":1,"DemandMax":null,"Value":1296},{"Length":88,"Height":49,"Demand":1,"DemandMax":null,"Value":4312},{"Length":28,"Height":1,"Demand":1,"DemandMax":null,"Value":28},{"Length":1,"Height":92,"Demand":1,"DemandMax":null,"Value":92},{"Length":98,"Height":45,"Demand":1,"DemandMax":null,"Value":4410},{"Length":39,"Height":15,"Demand":1,"DemandMax":null,"Value":585},{"Length":81,"Height":92,"Demand":1,"DemandMax":null,"Value":7452},{"Length":13,"Height":97,"Demand":1,"DemandMax":null,"Value":1261},{"Length":57,"Height":86,"Demand":1,"DemandMax":null,"Value":4902},{"Length":67,"Height":48,"Demand":1,"DemandMax":null,"Value":3216},{"Length":34,"Height":5,"Demand":1,"DemandMax":null,"Value":170},{"Length":80,"Height":13,"Demand":1,"DemandMax":null,"Value":1040}]}