{"Name":"CLASS09_100_05","Objects":[{"Length":100,"Height":100,"Stock":null,"Cost":10000}],"Items":[{"Length":93,"Height":53,"Demand":1,"DemandMax":null,"Value":4929},{"Length":84,"Height":22,"Demand":1,"DemandMax":null,"Value":1848},{"Length":74,"Height":71,"Demand":1,"DemandMax":null,"Value":5254},{"Length":30,"Height":22,"Demand":1,"DemandMax":null,"Value":660},{"Length":59,"Height":66,"Demand":1,"DemandMax":null,"Value":3894},{"Length":59,"Height":74,"Demand":1,"DemandMax":null,"Value":4366},{"Length":98,"Height":89,"Demand":1,"DemandMax":null,"Value":8722},{"Length":68,"Height":80,"Demand":1,"DemandMax":null,"Value":5440},{"Length":92,"Height":40,"Demand":1,"DemandMax":null,"Value":3680},{"Length":53,"Height":88,"Demand":1,"DemandMax":null,"Value":4664},{"Length":83,"Height":68,"Demand":1,"DemandMax":null,"Value":5644},{"Length":18,"Height":50,"Demand":1,"DemandMax":null,"Value":900},{"Length":79,"Height":75,"Demand":1,"DemandMax":null,"Value":5925},{"Length":60,"Height":64,"Demand":1,"DemandMax":null,"Value":3840},{"Length":79,"Height":59,"Demand":1,"DemandMax":null,"Value":4661},{"Length":80,"Height":81,"Demand":1,"DemandMax":null,"Value":6480},{"Length":32,"Height":81,"Demand":1,"DemandMax":null,"Value":2592},{"Length":78,"Height":51,"Demand":1,"DemandMax":null,"Value":3978},{"Length":87,"Height":62,"Demand":1,"DemandMax":null,"Value":5394},{"Length":4,"Height":25,"Demand":1,"DemandMax":null,"Value":100},{"Length":97,"Height":32,"Demand":1,"DemandMax":null,"Value":3104},{"Length":57,"Height":50,"Demand":1,"DemandMax":null,"Value":2850},{"Length":56,"Height":77,"Demand":1,"DemandMax":null,"Value":4312},{"Length":89,"Height":80,"Demand":1,"DemandMax":null,"Value":7120},{"Length":21,"Height":67,"Demand":1,"DemandMax":null,"Value":1407},{"Length":98,"Height":61,"Demand":1,"DemandMax":null,"Value":5978},{"Length":88,"Height":53,"Demand":1,"DemandMax":null,"Value":4664},{"Length":86,"Height":97,"Demand":1,"DemandMax":null,"Value":8342},{"Length":58,"Height":84,"Demand":1,"DemandMax":null,"Value":4872},{"Length":1,"Height":35,"Demand":1,"DemandMax":null,"Value":35},{"Length":81,"Height":92,"Demand":1,"DemandMax":null,"Value":7452},{"Length":94,"Height":75,"Demand":1,"DemandMax":null,"Value":7050},{"Length":8,"Height":85,"Demand":1,"DemandMax":null,"Value":680},{"Length":65,"Height":68,"Demand":1,"DemandMax":null,"Value":4420},{"Length":91,"Height":42,"Demand":1,"DemandMax":null,"Value":3822},{"Length":64,"Height":65,"Demand":1,"DemandMax":null,"Value":4160},{"Length":18,"Height":33,"Demand":1,"DemandMax":null,"Value":594},{"Length":42,"Height":15,"Demand":1,"DemandMax":null,"Value":630},{"Length":3,"Height":3,"Demand":1,"DemandMax":null,"Value":9},{"Length":96,"Height":66,"Demand":1,"DemandMax":null,"Value":6336},{"Length":94,"Height":1,"Demand":1,"DemandMax":null,"Value":94},{"Length":79,"Height":72,"Demand":1,"DemandMax":null,"Value":5688},{"Length":31,"Height":83,"Demand":1,"DemandMax":null,"Value":2573},{"Length":90,"Height":80,"Demand":1,"DemandMax":null,"Value":7200},{"Length":74,"Height":79,"Demand":1,"DemandMax":null,"Value":5846},{"Length":29,"Height":41,"Demand":1,"DemandMax":null,"Value":1189},{"Length":70,"Height":60,"Demand":1,"DemandMax":null,"Value":4200},{"Length":45,"Height":69,"Demand":1,"DemandMax":null,"Value":3105},{"Length":20,"Height":20,"Demand":1,"DemandMax":null,"Value":400},{"Length":89,"Height":72,"Demand":1,"DemandMax":null,"Value":6408},{"Length":72,"Height":56,"Demand":1,"DemandMax":null,"Value":4032},{"Length":74,"Height":42,"Demand":1,"DemandMax":null,"Value":3108},{"Length":77,"Height":71,"Demand":1,"DemandMax":null,"Value":5467},{"Length":12,"Height":15,"Demand":1,"DemandMax":null,"Value":180},{"Length":35,"Height":76,"Demand":1,"DemandMax":null,"Value":2660},{"Length":90,"Height":90,"Demand":1,"DemandMax":null,"Value":8100},{"Length":96,"Height":85,"Demand":1,"DemandMax":null,"Value":8160},{"Length":97,"Height":69,"Demand":1,"DemandMax":null,"Value":6693},{"Length":59,"Height":84,"Demand":1,"DemandMax":null,"Value":4956},{"Length":80,"Height":50,"Demand":1,"DemandMax":null,"Value":4000},{"Length":27,"Height":11,"Demand":1,"DemandMax":null,"Value":297},{"Length":92,"Height":85,"Demand":2,"DemandMax":null,"Value":7820},{"Length":97,"Height":65,"Demand":1,"DemandMax":null,"Value":6305},{"Length":82,"Height":72,"Demand":1,"DemandMax":null,"Value":5904},{"Length":69,"Height":98,"Demand":1,"DemandMax":null,"Value":6762},{"Length":100,"Height":62,"Demand":1,"DemandMax":null,"Value":6200},{"Length":95,"Height":58,"Demand":1,"DemandMax":null,"Value":5510},{"Length":96,"Height":55,"Demand":1,"DemandMax":null,"Value":5280},{"Length":23,"Height":98,"Demand":1,"DemandMax":null,"Value":2254},{"Length":69,"Height":51,"Demand":1,"DemandMax":null,"Value":3519},{"Length":68,"Height":13,"Demand":1,"DemandMax":null,"Value":884},{"Length":71,"Height":50,"Demand":1,"DemandMax":null,"Value":3550},{"Length":92,"Height":8,"Demand":1,"DemandMax":null,"Value":736},{"Length":50,"Height":52,"Demand":1,"DemandMax":null,"Value":2600},{"Length":26,"Height":86,"Demand":1,"DemandMax":null,"Value":2236},{"Length":57,"Height":57,"Demand":1,"DemandMax":null,"Value":3249},{"Length":65,"Height":79,"Demand":1,"DemandMax":null,"Value":5135},{"Length":93,"Height":65,"Demand":1,"DemandMax":null,"Value":6045},{"Length":58,"Height":57,"Demand":1,"DemandMax":null,"Value":3306},{"Length":56,"Height":75,"Demand":1,"DemandMax":null,"Value":4200},{"Length":54,"Height":63,"Demand":1,"DemandMax":null,"Value":3402},{"Length":99,"Height":39,"Demand":1,"DemandMax":null,"Value":3861},{"Length":4,"Height":47,"Demand":1,"DemandMax":null,"Value":188},{"Length":66,"Height":55,"Demand":1,"DemandMax":null,"Value":3630},{"Length":55,"Height":58,"Demand":1,"DemandMax":null,"Value":3190},{"Length":14,"Height":25,"Demand":1,"DemandMax":null,"Value":350},{"Length":59,"Height":99,"Demand":1,"DemandMax":null,"Value":5841},{"Length":88,"Height":98,"Demand":1,"DemandMax":null,"Value":8624},{"Length":18,"Height":76,"Demand":1,"DemandMax":null,"Value":1368},{"Length":41,"Height":81,"Demand":1,"DemandMax":null,"Value":3321},{"Length":78,"Height":61,"Demand":1,"DemandMax":null,"Value":4758},{"Length":72,"Height":50,"Demand":1,"DemandMax":null,"Value":3600},{"Length":80,"Height":82,"Demand":1,"DemandMax":null,"Value":6560},{"Length":57,"Height":86,"Demand":1,"DemandMax":null,"Value":4902},{"Length":17,"Height":76,"Demand":1,"DemandMax":null,"Value":1292},{"Length":77,"Height":65,"Demand":1,"DemandMax":null,"Value":5005},{"Length":82,"Height":52,"Demand":1,"DemandMax":null,"Value":4264},{"Length":100,"Height":72,"Demand":1,"DemandMax":null,"Value":7200},{"Length":74,"Height":93,"Demand":1,"DemandMax":null,"Value":6882}]}