{"Name":"CLASS04_020_06","Objects":[{"Length":100,"Height":100,"Stock":null,"Cost":10000}],"Items":[{"Length":5,"Height":25,"Demand":2,"DemandMax":null,"Value":125},{"Length":26,"Height":5,"Demand":1,"DemandMax":null,"Value":130},{"Length":8,"Height":30,"Demand":1,"DemandMax":null,"Value":240},{"Length":30,"Height":15,"Demand":1,"DemandMax":null,"Value":450},{"Length":34,"Height":34,"Demand":1,"DemandMax":null,"Value":1156},{"Length":21,"Height":25,"Demand":1,"DemandMax":null,"Value":525},{"Length":20,"Height":30,"Demand":1,"DemandMax":null,"Value":600},{"Length":27,"Height":22,"Demand":1,"DemandMax":null,"Value":594},{"Length":15,"Height":20,"Demand":1,"DemandMax":null,"Value":300},{"Length":3,"Height":20,"Demand":1,"DemandMax":null,"Value":60},{"Length":22,"Height":30,"Demand":1,"DemandMax":null,"Value":660},{"Length":10,"Height":34,"Demand":1,"DemandMax":null,"Value":340},{"Length":22,"Height":29,"Demand":1,"DemandMax":null,"Value":638},{"Length":19,"Height":22,"Demand":1,"DemandMax":null,"Value":418},{"Length":8,"Height":33,"Demand":1,"DemandMax":null,"Value":264},{"Length":9,"Height":23,"Demand":1,"DemandMax":null,"Value":207},{"Length":18,"Height":34,"Demand":1,"DemandMax":null,"Value":612},{"Length":8,"Height":16,"Demand":1,"DemandMax":null,"Value":128},{"Length":33,"Height":1,"Demand":1,"DemandMax":null,"Value":33}]}