{"Name":"CLASS10_040_07","Objects":[{"Length":100,"Height":100,"Stock":null,"Cost":10000}],"Items":[{"Length":76,"Height":52,"Demand":1,"DemandMax":null,"Value":3952},{"Length":16,"Height":50,"Demand":1,"DemandMax":null,"Value":800},{"Length":43,"Height":4,"Demand":1,"DemandMax":null,"Value":172},{"Length":2,"Height":89,"Demand":1,"DemandMax":null,"Value":178},{"Length":12,"Height":33,"Demand":1,"DemandMax":null,"Value":396},{"Length":66,"Height":70,"Demand":1,"DemandMax":null,"Value":4620},{"Length":34,"Height":41,"Demand":1,"DemandMax":null,"Value":1394},{"Length":9,"Height":11,"Demand":1,"DemandMax":null,"Value":99},{"Length":9,"Height":83,"Demand":1,"DemandMax":null,"Value":747},{"Length":29,"Height":68,"Demand":1,"DemandMax":null,"Value":1972},{"Length":91,"Height":39,"Demand":1,"DemandMax":null,"Value":3549},{"Length":28,"Height":49,"Demand":1,"DemandMax":null,"Value":1372},{"Length":18,"Height":29,"Demand":1,"DemandMax":null,"Value":522},{"Length":53,"Height":98,"Demand":1,"DemandMax":null,"Value":5194},{"Length":2,"Height":48,"Demand":1,"DemandMax":null,"Value":96},{"Length":8,"Height":100,"Demand":1,"DemandMax":null,"Value":800},{"Length":92,"Height":45,"Demand":1,"DemandMax":null,"Value":4140},{"Length":40,"Height":4,"Demand":1,"DemandMax":null,"Value":160},{"Length":29,"Height":79,"Demand":1,"DemandMax":null,"Value":2291},{"Length":50,"Height":11,"Demand":1,"DemandMax":null,"Value":550},{"Length":21,"Height":22,"Demand":1,"DemandMax":null,"Value":462},{"Length":37,"Height":80,"Demand":1,"DemandMax":null,"Value":2960},{"Length":17,"Height":2,"Demand":1,"DemandMax":null,"Value":34},{"Length":52,"Height":84,"Demand":1,"DemandMax":null,"Value":4368},{"Length":15,"Height":11,"Demand":1,"DemandMax":null,"Value":165},{"Length":47,"Height":50,"Demand":1,"DemandMax":null,"Value":2350},{"Length":17,"Height":98,"Demand":1,"DemandMax":null,"Value":1666},{"Length":68,"Height":69,"Demand":1,"DemandMax":null,"Value":4692},{"Length":21,"Height":11,"Demand":1,"DemandMax":null,"Value":231},{"Length":78,"Height":41,"Demand":1,"DemandMax":null,"Value":3198},{"Length":85,"Height":3,"Demand":1,"DemandMax":null,"Value":255},{"Length":45,"Height":16,"Demand":1,"DemandMax":null,"Value":720},{"Length":38,"Height":23,"Demand":1,"DemandMax":null,"Value":874},{"Length":50,"Height":44,"Demand":1,"DemandMax":null,"Value":2200},{"Length":1,"Height":80,"Demand":1,"DemandMax":null,"Value":80},{"Length":34,"Height":25,"Demand":1,"DemandMax":null,"Value":850},{"Length":17,"Height":47,"Demand":1,"DemandMax":null,"Value":799},{"Length":45,"Height":8,"Demand":1,"DemandMax":null,"Value":360},{"Length":36,"Height":1,"Demand":1,"DemandMax":null,"Value":36},{"Length":34,"Height":45,"Demand":1,"DemandMax":null,"Value":1530}]}