{"Name":"CLASS07_060_02","Objects":[{"Length":100,"Height":100,"Stock":null,"Cost":10000}],"Items":[{"Length":70,"Height":7,"Demand":1,"DemandMax":null,"Value":490},{"Length":12,"Height":95,"Demand":1,"DemandMax":null,"Value":1140},{"Length":90,"Height":42,"Demand":1,"DemandMax":null,"Value":3780},{"Length":99,"Height":48,"Demand":1,"DemandMax":null,"Value":4752},{"Length":43,"Height":86,"Demand":1,"DemandMax":null,"Value":3698},{"Length":92,"Height":31,"Demand":1,"DemandMax":null,"Value":2852},{"Length":85,"Height":21,"Demand":1,"DemandMax":null,"Value":1785},{"Length":87,"Height":42,"Demand":1,"DemandMax":null,"Value":3654},{"Length":41,"Height":15,"Demand":1,"DemandMax":null,"Value":615},{"Length":84,"Height":31,"Demand":1,"DemandMax":null,"Value":2604},{"Length":32,"Height":11,"Demand":1,"DemandMax":null,"Value":352},{"Length":83,"Height":48,"Demand":1,"DemandMax":null,"Value":3984},{"Length":66,"Height":11,"Demand":1,"DemandMax":null,"Value":726},{"Length":27,"Height":43,"Demand":1,"DemandMax":null,"Value":1161},{"Length":98,"Height":13,"Demand":1,"DemandMax":null,"Value":1274},{"Length":87,"Height":16,"Demand":1,"DemandMax":null,"Value":1392},{"Length":81,"Height":19,"Demand":1,"DemandMax":null,"Value":1539},{"Length":92,"Height":16,"Demand":1,"DemandMax":null,"Value":1472},{"Length":82,"Height":27,"Demand":1,"DemandMax":null,"Value":2214},{"Length":99,"Height":45,"Demand":1,"DemandMax":null,"Value":4455},{"Length":69,"Height":38,"Demand":1,"DemandMax":null,"Value":2622},{"Length":74,"Height":1,"Demand":2,"DemandMax":null,"Value":74},{"Length":75,"Height":2,"Demand":1,"DemandMax":null,"Value":150},{"Length":85,"Height":35,"Demand":1,"DemandMax":null,"Value":2975},{"Length":100,"Height":19,"Demand":1,"DemandMax":null,"Value":1900},{"Length":98,"Height":48,"Demand":1,"DemandMax":null,"Value":4704},{"Length":14,"Height":93,"Demand":1,"DemandMax":null,"Value":1302},{"Length":78,"Height":38,"Demand":1,"DemandMax":null,"Value":2964},{"Length":6,"Height":74,"Demand":1,"DemandMax":null,"Value":444},{"Length":96,"Height":6,"Demand":1,"DemandMax":null,"Value":576},{"Length":83,"Height":38,"Demand":1,"DemandMax":null,"Value":3154},{"Length":80,"Height":2,"Demand":1,"DemandMax":null,"Value":160},{"Length":82,"Height":17,"Demand":1,"DemandMax":null,"Value":1394},{"Length":51,"Height":75,"Demand":1,"DemandMax":null,"Value":3825},{"Length":100,"Height":48,"Demand":1,"DemandMax":null,"Value":4800},{"Length":90,"Height":28,"Demand":1,"DemandMax":null,"Value":2520},{"Length":68,"Height":33,"Demand":1,"DemandMax":null,"Value":2244},{"Length":81,"Height":7,"Demand":1,"DemandMax":null,"Value":567},{"Length":90,"Height":20,"Demand":1,"DemandMax":null,"Value":1800},{"Length":73,"Height":15,"Demand":1,"DemandMax":null,"Value":1095},{"Length":97,"Height":11,"Demand":1,"DemandMax":null,"Value":1067},{"Length":68,"Height":1,"Demand":1,"DemandMax":null,"Value":68},{"Length":88,"Height":4,"Demand":1,"DemandMax":null,"Value":352},{"Length":100,"Height":14,"Demand":1,"DemandMax":null,"Value":1400},{"Length":48,"Height":100,"Demand":1,"DemandMax":null,"Value":4800},{"Length":98,"Height":6,"Demand":1,"DemandMax":null,"Value":588},{"Length":41,"Height":100,"Demand":1,"DemandMax":null,"Value":4100},{"Length":99,"Height":25,"Demand":1,"DemandMax":null,"Value":2475},{"Length":67,"Height":22,"Demand":1,"DemandMax":null,"Value":1474},{"Length":73,"Height":6,"Demand":1,"DemandMax":null,"Value":438},{"Length":59,"Height":97,"Demand":1,"DemandMax":null,"Value":5723},{"Length":92,"Height":14,"Demand":1,"DemandMax":null,"Value":1288},{"Length":19,"Height":100,"Demand":1,"DemandMax":null,"Value":1900},{"Length":96,"Height":25,"Demand":1,"DemandMax":null,"Value":2400},{"Length":87,"Height":31,"Demand":1,"DemandMax":null,"Value":2697},{"Length":84,"Height":39,"Demand":1,"DemandMax":null,"Value":3276},{"Length":98,"Height":40,"Demand":1,"DemandMax":null,"Value":3920},{"Length":92,"Height":5,"Demand":1,"DemandMax":null,"Value":460},{"Length":76,"Height":27,"Demand":1,"DemandMax":null,"Value":2052}]}