{"Name":"CLASS07_080_10","Objects":[{"Length":100,"Height":100,"Stock":null,"Cost":10000}],"Items":[{"Length":90,"Height":38,"Demand":1,"DemandMax":null,"Value":3420},{"Length":34,"Height":66,"Demand":1,"DemandMax":null,"Value":2244},{"Length":66,"Height":26,"Demand":1,"DemandMax":null,"Value":1716},{"Length":70,"Height":9,"Demand":1,"DemandMax":null,"Value":630},{"Length":96,"Height":17,"Demand":1,"DemandMax":null,"Value":1632},{"Length":88,"Height":44,"Demand":1,"DemandMax":null,"Value":3872},{"Length":76,"Height":10,"Demand":1,"DemandMax":null,"Value":760},{"Length":73,"Height":8,"Demand":1,"DemandMax":null,"Value":584},{"Length":75,"Height":7,"Demand":1,"DemandMax":null,"Value":525},{"Length":95,"Height":50,"Demand":1,"DemandMax":null,"Value":4750},{"Length":94,"Height":6,"Demand":1,"DemandMax":null,"Value":564},{"Length":85,"Height":20,"Demand":1,"DemandMax":null,"Value":1700},{"Length":98,"Height":9,"Demand":1,"DemandMax":null,"Value":882},{"Length":76,"Height":17,"Demand":1,"DemandMax":null,"Value":1292},{"Length":85,"Height":14,"Demand":2,"DemandMax":null,"Value":1190},{"Length":69,"Height":42,"Demand":1,"DemandMax":null,"Value":2898},{"Length":93,"Height":22,"Demand":1,"DemandMax":null,"Value":2046},{"Length":100,"Height":46,"Demand":1,"DemandMax":null,"Value":4600},{"Length":85,"Height":33,"Demand":1,"DemandMax":null,"Value":2805},{"Length":46,"Height":84,"Demand":1,"DemandMax":null,"Value":3864},{"Length":45,"Height":98,"Demand":1,"DemandMax":null,"Value":4410},{"Length":97,"Height":36,"Demand":1,"DemandMax":null,"Value":3492},{"Length":93,"Height":14,"Demand":1,"DemandMax":null,"Value":1302},{"Length":98,"Height":23,"Demand":1,"DemandMax":null,"Value":2254},{"Length":12,"Height":89,"Demand":1,"DemandMax":null,"Value":1068},{"Length":51,"Height":88,"Demand":1,"DemandMax":null,"Value":4488},{"Length":74,"Height":6,"Demand":1,"DemandMax":null,"Value":444},{"Length":72,"Height":31,"Demand":1,"DemandMax":null,"Value":2232},{"Length":40,"Height":32,"Demand":1,"DemandMax":null,"Value":1280},{"Length":71,"Height":51,"Demand":1,"DemandMax":null,"Value":3621},{"Length":96,"Height":60,"Demand":1,"DemandMax":null,"Value":5760},{"Length":90,"Height":1,"Demand":1,"DemandMax":null,"Value":90},{"Length":87,"Height":42,"Demand":1,"DemandMax":null,"Value":3654},{"Length":66,"Height":28,"Demand":1,"DemandMax":null,"Value":1848},{"Length":95,"Height":27,"Demand":1,"DemandMax":null,"Value":2565},{"Length":71,"Height":82,"Demand":1,"DemandMax":null,"Value":5822},{"Length":88,"Height":14,"Demand":1,"DemandMax":null,"Value":1232},{"Length":96,"Height":15,"Demand":1,"DemandMax":null,"Value":1440},{"Length":100,"Height":4,"Demand":1,"DemandMax":null,"Value":400},{"Length":79,"Height":25,"Demand":1,"DemandMax":null,"Value":1975},{"Length":46,"Height":47,"Demand":1,"DemandMax":null,"Value":2162},{"Length":99,"Height":14,"Demand":1,"DemandMax":null,"Value":1386},{"Length":79,"Height":43,"Demand":1,"DemandMax":null,"Value":3397},{"Length":86,"Height":30,"Demand":1,"DemandMax":null,"Value":2580},{"Length":80,"Height":42,"Demand":1,"DemandMax":null,"Value":3360},{"Length":75,"Height":24,"Demand":1,"DemandMax":null,"Value":1800},{"Length":66,"Height":44,"Demand":1,"DemandMax":null,"Value":2904},{"Length":66,"Height":46,"Demand":1,"DemandMax":null,"Value":3036},{"Length":71,"Height":49,"Demand":1,"DemandMax":null,"Value":3479},{"Length":94,"Height":46,"Demand":1,"DemandMax":null,"Value":4324},{"Length":43,"Height":7,"Demand":1,"DemandMax":null,"Value":301},{"Length":89,"Height":24,"Demand":1,"DemandMax":null,"Value":2136},{"Length":70,"Height":17,"Demand":1,"DemandMax":null,"Value":1190},{"Length":30,"Height":86,"Demand":1,"DemandMax":null,"Value":2580},{"Length":98,"Height":31,"Demand":1,"DemandMax":null,"Value":3038},{"Length":66,"Height":97,"Demand":1,"DemandMax":null,"Value":6402},{"Length":86,"Height":26,"Demand":1,"DemandMax":null,"Value":2236},{"Length":75,"Height":17,"Demand":1,"DemandMax":null,"Value":1275},{"Length":85,"Height":64,"Demand":1,"DemandMax":null,"Value":5440},{"Length":39,"Height":39,"Demand":1,"DemandMax":null,"Value":1521},{"Length":95,"Height":33,"Demand":1,"DemandMax":null,"Value":3135},{"Length":91,"Height":64,"Demand":1,"DemandMax":null,"Value":5824},{"Length":52,"Height":78,"Demand":1,"DemandMax":null,"Value":4056},{"Length":81,"Height":43,"Demand":1,"DemandMax":null,"Value":3483},{"Length":77,"Height":1,"Demand":1,"DemandMax":null,"Value":77},{"Length":87,"Height":24,"Demand":1,"DemandMax":null,"Value":2088},{"Length":88,"Height":3,"Demand":1,"DemandMax":null,"Value":264},{"Length":17,"Height":70,"Demand":1,"DemandMax":null,"Value":1190},{"Length":2,"Height":88,"Demand":1,"DemandMax":null,"Value":176},{"Length":81,"Height":94,"Demand":1,"DemandMax":null,"Value":7614},{"Length":82,"Height":39,"Demand":1,"DemandMax":null,"Value":3198},{"Length":82,"Height":34,"Demand":1,"DemandMax":null,"Value":2788},{"Length":100,"Height":24,"Demand":1,"DemandMax":null,"Value":2400},{"Length":44,"Height":84,"Demand":1,"DemandMax":null,"Value":3696},{"Length":84,"Height":37,"Demand":1,"DemandMax":null,"Value":3108},{"Length":95,"Height":23,"Demand":1,"DemandMax":null,"Value":2185},{"Length":71,"Height":28,"Demand":1,"DemandMax":null,"Value":1988},{"Length":68,"Height":71,"Demand":1,"DemandMax":null,"Value":4828},{"Length":95,"Height":47,"Demand":1,"DemandMax":null,"Value":4465}]}