{"Name":"CLASS07_020_07","Objects":[{"Length":100,"Height":100,"Stock":null,"Cost":10000}],"Items":[{"Length":67,"Height":48,"Demand":1,"DemandMax":null,"Value":3216},{"Length":11,"Height":35,"Demand":1,"DemandMax":null,"Value":385},{"Length":96,"Height":16,"Demand":1,"DemandMax":null,"Value":1536},{"Length":98,"Height":10,"Demand":1,"DemandMax":null,"Value":980},{"Length":92,"Height":12,"Demand":1,"DemandMax":null,"Value":1104},{"Length":11,"Height":39,"Demand":1,"DemandMax":null,"Value":429},{"Length":90,"Height":35,"Demand":1,"DemandMax":null,"Value":3150},{"Length":68,"Height":20,"Demand":1,"DemandMax":null,"Value":1360},{"Length":35,"Height":37,"Demand":1,"DemandMax":null,"Value":1295},{"Length":82,"Height":4,"Demand":1,"DemandMax":null,"Value":328},{"Length":92,"Height":16,"Demand":1,"DemandMax":null,"Value":1472},{"Length":80,"Height":41,"Demand":1,"DemandMax":null,"Value":3280},{"Length":96,"Height":24,"Demand":1,"DemandMax":null,"Value":2304},{"Length":99,"Height":32,"Demand":1,"DemandMax":null,"Value":3168},{"Length":67,"Height":9,"Demand":1,"DemandMax":null,"Value":603},{"Length":66,"Height":25,"Demand":1,"DemandMax":null,"Value":1650},{"Length":75,"Height":22,"Demand":1,"DemandMax":null,"Value":1650},{"Length":89,"Height":21,"Demand":1,"DemandMax":null,"Value":1869},{"Length":29,"Height":74,"Demand":1,"DemandMax":null,"Value":2146},{"Length":43,"Height":19,"Demand":1,"DemandMax":null,"Value":817}]}