{"Name":"CLASS02_040_03","Objects":[{"Length":30,"Height":30,"Stock":null,"Cost":900}],"Items":[{"Length":2,"Height":7,"Demand":1,"DemandMax":null,"Value":14},{"Length":8,"Height":2,"Demand":2,"DemandMax":null,"Value":16},{"Length":3,"Height":9,"Demand":1,"DemandMax":null,"Value":27},{"Length":9,"Height":5,"Demand":1,"DemandMax":null,"Value":45},{"Length":2,"Height":8,"Demand":1,"DemandMax":null,"Value":16},{"Length":10,"Height":10,"Demand":2,"DemandMax":null,"Value":100},{"Length":6,"Height":8,"Demand":1,"DemandMax":null,"Value":48},{"Length":6,"Height":9,"Demand":2,"DemandMax":null,"Value":54},{"Length":8,"Height":7,"Demand":1,"DemandMax":null,"Value":56},{"Length":5,"Height":6,"Demand":1,"DemandMax":null,"Value":30},{"Length":1,"Height":6,"Demand":1,"DemandMax":null,"Value":6},{"Length":7,"Height":9,"Demand":2,"DemandMax":null,"Value":63},{"Length":3,"Height":10,"Demand":3,"DemandMax":null,"Value":30},{"Length":6,"Height":7,"Demand":2,"DemandMax":null,"Value":42},{"Length":3,"Height":7,"Demand":1,"DemandMax":null,"Value":21},{"Length":5,"Height":10,"Demand":1,"DemandMax":null,"Value":50},{"Length":3,"Height":5,"Demand":1,"DemandMax":null,"Value":15},{"Length":10,"Height":1,"Demand":1,"DemandMax":null,"Value":10},{"Length":3,"Height":6,"Demand":1,"DemandMax":null,"Value":18},{"Length":7,"Height":10,"Demand":1,"DemandMax":null,"Value":70},{"Length":7,"Height":4,"Demand":1,"DemandMax":null,"Value":28},{"Length":4,"Height":2,"Demand":1,"DemandMax":null,"Value":8},{"Length":5,"Height":5,"Demand":1,"DemandMax":null,"Value":25},{"Length":8,"Height":4,"Demand":1,"DemandMax":null,"Value":32},{"Length":6,"Height":4,"Demand":1,"DemandMax":null,"Value":24},{"Length":4,"Height":5,"Demand":1,"DemandMax":null,"Value":20},{"Length":10,"Height":9,"Demand":1,"DemandMax":null,"Value":90},{"Length":3,"Height":1,"Demand":2,"DemandMax":null,"Value":3},{"Length":1,"Height":5,"Demand":1,"DemandMax":null,"Value":5},{"Length":2,"Height":3,"Demand":1,"DemandMax":null,"Value":6},{"Length":4,"Height":4,"Demand":1,"DemandMax":null,"Value":16},{"Length":8,"Height":8,"Demand":1,"DemandMax":null,"Value":64}]}