{"Name":"CLASS05_080_04","Objects":[{"Length":100,"Height":100,"Stock":null,"Cost":10000}],"Items":[{"Length":98,"Height":4,"Demand":1,"DemandMax":null,"Value":392},{"Length":30,"Height":4,"Demand":1,"DemandMax":null,"Value":120},{"Length":86,"Height":66,"Demand":1,"DemandMax":null,"Value":5676},{"Length":87,"Height":46,"Demand":1,"DemandMax":null,"Value":4002},{"Length":88,"Height":32,"Demand":1,"DemandMax":null,"Value":2816},{"Length":79,"Height":46,"Demand":1,"DemandMax":null,"Value":3634},{"Length":82,"Height":44,"Demand":1,"DemandMax":null,"Value":3608},{"Length":52,"Height":15,"Demand":1,"DemandMax":null,"Value":780},{"Length":78,"Height":81,"Demand":1,"DemandMax":null,"Value":6318},{"Length":82,"Height":98,"Demand":1,"DemandMax":null,"Value":8036},{"Length":21,"Height":54,"Demand":1,"DemandMax":null,"Value":1134},{"Length":82,"Height":72,"Demand":1,"DemandMax":null,"Value":5904},{"Length":89,"Height":8,"Demand":1,"DemandMax":null,"Value":712},{"Length":96,"Height":49,"Demand":1,"DemandMax":null,"Value":4704},{"Length":93,"Height":19,"Demand":1,"DemandMax":null,"Value":1767},{"Length":1,"Height":73,"Demand":1,"DemandMax":null,"Value":73},{"Length":77,"Height":100,"Demand":1,"DemandMax":null,"Value":7700},{"Length":9,"Height":22,"Demand":1,"DemandMax":null,"Value":198},{"Length":20,"Height":95,"Demand":1,"DemandMax":null,"Value":1900},{"Length":64,"Height":7,"Demand":1,"DemandMax":null,"Value":448},{"Length":31,"Height":81,"Demand":1,"DemandMax":null,"Value":2511},{"Length":44,"Height":72,"Demand":1,"DemandMax":null,"Value":3168},{"Length":57,"Height":70,"Demand":1,"DemandMax":null,"Value":3990},{"Length":59,"Height":95,"Demand":1,"DemandMax":null,"Value":5605},{"Length":74,"Height":5,"Demand":1,"DemandMax":null,"Value":370},{"Length":55,"Height":88,"Demand":1,"DemandMax":null,"Value":4840},{"Length":93,"Height":66,"Demand":1,"DemandMax":null,"Value":6138},{"Length":9,"Height":94,"Demand":1,"DemandMax":null,"Value":846},{"Length":60,"Height":62,"Demand":1,"DemandMax":null,"Value":3720},{"Length":33,"Height":92,"Demand":1,"DemandMax":null,"Value":3036},{"Length":51,"Height":39,"Demand":1,"DemandMax":null,"Value":1989},{"Length":70,"Height":92,"Demand":1,"DemandMax":null,"Value":6440},{"Length":78,"Height":74,"Demand":1,"DemandMax":null,"Value":5772},{"Length":98,"Height":40,"Demand":1,"DemandMax":null,"Value":3920},{"Length":86,"Height":78,"Demand":1,"DemandMax":null,"Value":6708},{"Length":30,"Height":12,"Demand":1,"DemandMax":null,"Value":360},{"Length":52,"Height":96,"Demand":1,"DemandMax":null,"Value":4992},{"Length":8,"Height":20,"Demand":1,"DemandMax":null,"Value":160},{"Length":87,"Height":5,"Demand":1,"DemandMax":null,"Value":435},{"Length":11,"Height":8,"Demand":1,"DemandMax":null,"Value":88},{"Length":35,"Height":17,"Demand":1,"DemandMax":null,"Value":595},{"Length":50,"Height":55,"Demand":1,"DemandMax":null,"Value":2750},{"Length":76,"Height":76,"Demand":1,"DemandMax":null,"Value":5776},{"Length":69,"Height":71,"Demand":1,"DemandMax":null,"Value":4899},{"Length":18,"Height":60,"Demand":1,"DemandMax":null,"Value":1080},{"Length":46,"Height":100,"Demand":1,"DemandMax":null,"Value":4600},{"Length":8,"Height":80,"Demand":1,"DemandMax":null,"Value":640},{"Length":93,"Height":21,"Demand":1,"DemandMax":null,"Value":1953},{"Length":23,"Height":80,"Demand":1,"DemandMax":null,"Value":1840},{"Length":53,"Height":45,"Demand":1,"DemandMax":null,"Value":2385},{"Length":74,"Height":38,"Demand":1,"DemandMax":null,"Value":2812},{"Length":5,"Height":16,"Demand":1,"DemandMax":null,"Value":80},{"Length":4,"Height":66,"Demand":1,"DemandMax":null,"Value":264},{"Length":60,"Height":11,"Demand":1,"DemandMax":null,"Value":660},{"Length":94,"Height":7,"Demand":1,"DemandMax":null,"Value":658},{"Length":61,"Height":43,"Demand":1,"DemandMax":null,"Value":2623},{"Length":52,"Height":40,"Demand":1,"DemandMax":null,"Value":2080},{"Length":88,"Height":54,"Demand":1,"DemandMax":null,"Value":4752},{"Length":24,"Height":75,"Demand":1,"DemandMax":null,"Value":1800},{"Length":50,"Height":24,"Demand":1,"DemandMax":null,"Value":1200},{"Length":88,"Height":58,"Demand":1,"DemandMax":null,"Value":5104},{"Length":93,"Height":64,"Demand":1,"DemandMax":null,"Value":5952},{"Length":54,"Height":65,"Demand":1,"DemandMax":null,"Value":3510},{"Length":93,"Height":17,"Demand":1,"DemandMax":null,"Value":1581},{"Length":67,"Height":8,"Demand":1,"DemandMax":null,"Value":536},{"Length":63,"Height":61,"Demand":1,"DemandMax":null,"Value":3843},{"Length":5,"Height":31,"Demand":1,"DemandMax":null,"Value":155},{"Length":47,"Height":8,"Demand":1,"DemandMax":null,"Value":376},{"Length":79,"Height":13,"Demand":1,"DemandMax":null,"Value":1027},{"Length":22,"Height":2,"Demand":1,"DemandMax":null,"Value":44},{"Length":33,"Height":64,"Demand":1,"DemandMax":null,"Value":2112},{"Length":100,"Height":21,"Demand":1,"DemandMax":null,"Value":2100},{"Length":46,"Height":28,"Demand":1,"DemandMax":null,"Value":1288},{"Length":25,"Height":75,"Demand":1,"DemandMax":null,"Value":1875},{"Length":27,"Height":84,"Demand":1,"DemandMax":null,"Value":2268},{"Length":75,"Height":11,"Demand":1,"DemandMax":null,"Value":825},{"Length":23,"Height":43,"Demand":1,"DemandMax":null,"Value":989},{"Length":60,"Height":4,"Demand":1,"DemandMax":null,"Value":240},{"Length":10,"Height":49,"Demand":1,"DemandMax":null,"Value":490},{"Length":26,"Height":66,"Demand":1,"DemandMax":null,"Value":1716}]}