{"Name":"CLASS10_100_10","Objects":[{"Length":100,"Height":100,"Stock":null,"Cost":10000}],"Items":[{"Length":12,"Height":44,"Demand":1,"DemandMax":null,"Value":528},{"Length":96,"Height":54,"Demand":1,"DemandMax":null,"Value":5184},{"Length":12,"Height":41,"Demand":1,"DemandMax":null,"Value":492},{"Length":28,"Height":98,"Demand":1,"DemandMax":null,"Value":2744},{"Length":39,"Height":42,"Demand":1,"DemandMax":null,"Value":1638},{"Length":63,"Height":67,"Demand":1,"DemandMax":null,"Value":4221},{"Length":45,"Height":45,"Demand":1,"DemandMax":null,"Value":2025},{"Length":51,"Height":65,"Demand":1,"DemandMax":null,"Value":3315},{"Length":29,"Height":1,"Demand":1,"DemandMax":null,"Value":29},{"Length":43,"Height":42,"Demand":1,"DemandMax":null,"Value":1806},{"Length":40,"Height":10,"Demand":1,"DemandMax":null,"Value":400},{"Length":38,"Height":47,"Demand":1,"DemandMax":null,"Value":1786},{"Length":86,"Height":22,"Demand":1,"DemandMax":null,"Value":1892},{"Length":35,"Height":29,"Demand":1,"DemandMax":null,"Value":1015},{"Length":47,"Height":91,"Demand":1,"DemandMax":null,"Value":4277},{"Length":85,"Height":89,"Demand":1,"DemandMax":null,"Value":7565},{"Length":42,"Height":4,"Demand":1,"DemandMax":null,"Value":168},{"Length":38,"Height":27,"Demand":1,"DemandMax":null,"Value":1026},{"Length":16,"Height":83,"Demand":1,"DemandMax":null,"Value":1328},{"Length":96,"Height":43,"Demand":1,"DemandMax":null,"Value":4128},{"Length":17,"Height":48,"Demand":1,"DemandMax":null,"Value":816},{"Length":3,"Height":36,"Demand":1,"DemandMax":null,"Value":108},{"Length":46,"Height":25,"Demand":1,"DemandMax":null,"Value":1150},{"Length":75,"Height":8,"Demand":1,"DemandMax":null,"Value":600},{"Length":3,"Height":4,"Demand":1,"DemandMax":null,"Value":12},{"Length":29,"Height":8,"Demand":1,"DemandMax":null,"Value":232},{"Length":38,"Height":37,"Demand":1,"DemandMax":null,"Value":1406},{"Length":47,"Height":35,"Demand":1,"DemandMax":null,"Value":1645},{"Length":50,"Height":22,"Demand":1,"DemandMax":null,"Value":1100},{"Length":77,"Height":41,"Demand":1,"DemandMax":null,"Value":3157},{"Length":41,"Height":10,"Demand":1,"DemandMax":null,"Value":410},{"Length":41,"Height":24,"Demand":1,"DemandMax":null,"Value":984},{"Length":10,"Height":1,"Demand":1,"DemandMax":null,"Value":10},{"Length":17,"Height":35,"Demand":1,"DemandMax":null,"Value":595},{"Length":6,"Height":45,"Demand":1,"DemandMax":null,"Value":270},{"Length":46,"Height":24,"Demand":1,"DemandMax":null,"Value":1104},{"Length":31,"Height":42,"Demand":2,"DemandMax":null,"Value":1302},{"Length":29,"Height":42,"Demand":1,"DemandMax":null,"Value":1218},{"Length":33,"Height":42,"Demand":1,"DemandMax":null,"Value":1386},{"Length":14,"Height":37,"Demand":1,"DemandMax":null,"Value":518},{"Length":75,"Height":45,"Demand":1,"DemandMax":null,"Value":3375},{"Length":2,"Height":10,"Demand":1,"DemandMax":null,"Value":20},{"Length":80,"Height":50,"Demand":1,"DemandMax":null,"Value":4000},{"Length":43,"Height":10,"Demand":1,"DemandMax":null,"Value":430},{"Length":8,"Height":9,"Demand":1,"DemandMax":null,"Value":72},{"Length":36,"Height":39,"Demand":1,"DemandMax":null,"Value":1404},{"Length":22,"Height":20,"Demand":1,"DemandMax":null,"Value":440},{"Length":33,"Height":97,"Demand":1,"DemandMax":null,"Value":3201},{"Length":14,"Height":35,"Demand":1,"DemandMax":null,"Value":490},{"Length":33,"Height":30,"Demand":1,"DemandMax":null,"Value":990},{"Length":34,"Height":2,"Demand":1,"DemandMax":null,"Value":68},{"Length":36,"Height":43,"Demand":1,"DemandMax":null,"Value":1548},{"Length":32,"Height":22,"Demand":1,"DemandMax":null,"Value":704},{"Length":91,"Height":83,"Demand":1,"DemandMax":null,"Value":7553},{"Length":7,"Height":45,"Demand":1,"DemandMax":null,"Value":315},{"Length":49,"Height":2,"Demand":1,"DemandMax":null,"Value":98},{"Length":11,"Height":21,"Demand":1,"DemandMax":null,"Value":231},{"Length":11,"Height":48,"Demand":2,"DemandMax":null,"Value":528},{"Length":43,"Height":50,"Demand":1,"DemandMax":null,"Value":2150},{"Length":25,"Height":22,"Demand":1,"DemandMax":null,"Value":550},{"Length":2,"Height":32,"Demand":1,"DemandMax":null,"Value":64},{"Length":42,"Height":24,"Demand":1,"DemandMax":null,"Value":1008},{"Length":39,"Height":17,"Demand":1,"DemandMax":null,"Value":663},{"Length":62,"Height":53,"Demand":1,"DemandMax":null,"Value":3286},{"Length":5,"Height":5,"Demand":1,"DemandMax":null,"Value":25},{"Length":90,"Height":12,"Demand":1,"DemandMax":null,"Value":1080},{"Length":48,"Height":46,"Demand":1,"DemandMax":null,"Value":2208},{"Length":19,"Height":39,"Demand":1,"DemandMax":null,"Value":741},{"Length":40,"Height":12,"Demand":1,"DemandMax":null,"Value":480},{"Length":18,"Height":36,"Demand":1,"DemandMax":null,"Value":648},{"Length":22,"Height":4,"Demand":1,"DemandMax":null,"Value":88},{"Length":45,"Height":35,"Demand":1,"DemandMax":null,"Value":1575},{"Length":7,"Height":23,"Demand":1,"DemandMax":null,"Value":161},{"Length":50,"Height":37,"Demand":1,"DemandMax":null,"Value":1850},{"Length":44,"Height":21,"Demand":1,"DemandMax":null,"Value":924},{"Length":33,"Height":95,"Demand":1,"DemandMax":null,"Value":3135},{"Length":35,"Height":46,"Demand":1,"DemandMax":null,"Value":1610},{"Length":44,"Height":66,"Demand":1,"DemandMax":null,"Value":2904},{"Length":28,"Height":100,"Demand":1,"DemandMax":null,"Value":2800},{"Length":32,"Height":12,"Demand":1,"DemandMax":null,"Value":384},{"Length":24,"Height":31,"Demand":1,"DemandMax":null,"Value":744},{"Length":49,"Height":26,"Demand":1,"DemandMax":null,"Value":1274},{"Length":24,"Height":40,"Demand":1,"DemandMax":null,"Value":960},{"Length":43,"Height":43,"Demand":1,"DemandMax":null,"Value":1849},{"Length":83,"Height":27,"Demand":1,"DemandMax":null,"Value":2241},{"Length":16,"Height":12,"Demand":1,"DemandMax":null,"Value":192},{"Length":16,"Height":35,"Demand":1,"DemandMax":null,"Value":560},{"Length":39,"Height":35,"Demand":1,"DemandMax":null,"Value":1365},{"Length":96,"Height":11,"Demand":1,"DemandMax":null,"Value":1056},{"Length":50,"Height":6,"Demand":1,"DemandMax":null,"Value":300},{"Length":50,"Height":39,"Demand":1,"DemandMax":null,"Value":1950},{"Length":75,"Height":5,"Demand":1,"DemandMax":null,"Value":375},{"Length":34,"Height":21,"Demand":1,"DemandMax":null,"Value":714},{"Length":31,"Height":31,"Demand":1,"DemandMax":null,"Value":961},{"Length":46,"Height":5,"Demand":1,"DemandMax":null,"Value":230},{"Length":50,"Height":36,"Demand":1,"DemandMax":null,"Value":1800},{"Length":36,"Height":95,"Demand":1,"DemandMax":null,"Value":3420},{"Length":23,"Height":78,"Demand":1,"DemandMax":null,"Value":1794}]}