{"Name":"CLASS09_100_03","Objects":[{"Length":100,"Height":100,"Stock":null,"Cost":10000}],"Items":[{"Length":78,"Height":12,"Demand":1,"DemandMax":null,"Value":936},{"Length":78,"Height":93,"Demand":1,"DemandMax":null,"Value":7254},{"Length":90,"Height":94,"Demand":1,"DemandMax":null,"Value":8460},{"Length":97,"Height":83,"Demand":1,"DemandMax":null,"Value":8051},{"Length":65,"Height":54,"Demand":1,"DemandMax":null,"Value":3510},{"Length":92,"Height":77,"Demand":1,"DemandMax":null,"Value":7084},{"Length":94,"Height":93,"Demand":1,"DemandMax":null,"Value":8742},{"Length":65,"Height":72,"Demand":1,"DemandMax":null,"Value":4680},{"Length":75,"Height":59,"Demand":1,"DemandMax":null,"Value":4425},{"Length":67,"Height":71,"Demand":1,"DemandMax":null,"Value":4757},{"Length":59,"Height":53,"Demand":1,"DemandMax":null,"Value":3127},{"Length":97,"Height":73,"Demand":1,"DemandMax":null,"Value":7081},{"Length":97,"Height":75,"Demand":1,"DemandMax":null,"Value":7275},{"Length":53,"Height":78,"Demand":1,"DemandMax":null,"Value":4134},{"Length":87,"Height":76,"Demand":1,"DemandMax":null,"Value":6612},{"Length":89,"Height":86,"Demand":1,"DemandMax":null,"Value":7654},{"Length":80,"Height":53,"Demand":1,"DemandMax":null,"Value":4240},{"Length":52,"Height":97,"Demand":1,"DemandMax":null,"Value":5044},{"Length":84,"Height":10,"Demand":1,"DemandMax":null,"Value":840},{"Length":44,"Height":11,"Demand":1,"DemandMax":null,"Value":484},{"Length":75,"Height":93,"Demand":1,"DemandMax":null,"Value":6975},{"Length":13,"Height":84,"Demand":1,"DemandMax":null,"Value":1092},{"Length":76,"Height":54,"Demand":1,"DemandMax":null,"Value":4104},{"Length":59,"Height":97,"Demand":1,"DemandMax":null,"Value":5723},{"Length":32,"Height":97,"Demand":1,"DemandMax":null,"Value":3104},{"Length":85,"Height":68,"Demand":1,"DemandMax":null,"Value":5780},{"Length":89,"Height":62,"Demand":1,"DemandMax":null,"Value":5518},{"Length":92,"Height":44,"Demand":1,"DemandMax":null,"Value":4048},{"Length":100,"Height":8,"Demand":1,"DemandMax":null,"Value":800},{"Length":68,"Height":72,"Demand":1,"DemandMax":null,"Value":4896},{"Length":62,"Height":81,"Demand":1,"DemandMax":null,"Value":5022},{"Length":77,"Height":52,"Demand":1,"DemandMax":null,"Value":4004},{"Length":79,"Height":82,"Demand":1,"DemandMax":null,"Value":6478},{"Length":75,"Height":37,"Demand":1,"DemandMax":null,"Value":2775},{"Length":99,"Height":12,"Demand":1,"DemandMax":null,"Value":1188},{"Length":28,"Height":82,"Demand":1,"DemandMax":null,"Value":2296},{"Length":70,"Height":68,"Demand":1,"DemandMax":null,"Value":4760},{"Length":70,"Height":63,"Demand":1,"DemandMax":null,"Value":4410},{"Length":96,"Height":53,"Demand":1,"DemandMax":null,"Value":5088},{"Length":94,"Height":7,"Demand":1,"DemandMax":null,"Value":658},{"Length":73,"Height":66,"Demand":1,"DemandMax":null,"Value":4818},{"Length":89,"Height":51,"Demand":1,"DemandMax":null,"Value":4539},{"Length":54,"Height":57,"Demand":1,"DemandMax":null,"Value":3078},{"Length":15,"Height":66,"Demand":1,"DemandMax":null,"Value":990},{"Length":88,"Height":76,"Demand":1,"DemandMax":null,"Value":6688},{"Length":79,"Height":3,"Demand":1,"DemandMax":null,"Value":237},{"Length":75,"Height":73,"Demand":1,"DemandMax":null,"Value":5475},{"Length":50,"Height":56,"Demand":1,"DemandMax":null,"Value":2800},{"Length":64,"Height":98,"Demand":1,"DemandMax":null,"Value":6272},{"Length":60,"Height":63,"Demand":1,"DemandMax":null,"Value":3780},{"Length":57,"Height":100,"Demand":1,"DemandMax":null,"Value":5700},{"Length":99,"Height":24,"Demand":1,"DemandMax":null,"Value":2376},{"Length":3,"Height":31,"Demand":1,"DemandMax":null,"Value":93},{"Length":15,"Height":91,"Demand":1,"DemandMax":null,"Value":1365},{"Length":51,"Height":89,"Demand":1,"DemandMax":null,"Value":4539},{"Length":57,"Height":53,"Demand":1,"DemandMax":null,"Value":3021},{"Length":52,"Height":75,"Demand":1,"DemandMax":null,"Value":3900},{"Length":30,"Height":81,"Demand":1,"DemandMax":null,"Value":2430},{"Length":7,"Height":39,"Demand":1,"DemandMax":null,"Value":273},{"Length":29,"Height":45,"Demand":1,"DemandMax":null,"Value":1305},{"Length":64,"Height":81,"Demand":1,"DemandMax":null,"Value":5184},{"Length":56,"Height":69,"Demand":1,"DemandMax":null,"Value":3864},{"Length":25,"Height":2,"Demand":1,"DemandMax":null,"Value":50},{"Length":61,"Height":97,"Demand":1,"DemandMax":null,"Value":5917},{"Length":87,"Height":100,"Demand":1,"DemandMax":null,"Value":8700},{"Length":95,"Height":77,"Demand":1,"DemandMax":null,"Value":7315},{"Length":4,"Height":83,"Demand":1,"DemandMax":null,"Value":332},{"Length":55,"Height":61,"Demand":1,"DemandMax":null,"Value":3355},{"Length":72,"Height":79,"Demand":1,"DemandMax":null,"Value":5688},{"Length":95,"Height":98,"Demand":1,"DemandMax":null,"Value":9310},{"Length":94,"Height":60,"Demand":1,"DemandMax":null,"Value":5640},{"Length":62,"Height":87,"Demand":1,"DemandMax":null,"Value":5394},{"Length":68,"Height":70,"Demand":1,"DemandMax":null,"Value":4760},{"Length":7,"Height":86,"Demand":1,"DemandMax":null,"Value":602},{"Length":96,"Height":57,"Demand":1,"DemandMax":null,"Value":5472},{"Length":80,"Height":74,"Demand":1,"DemandMax":null,"Value":5920},{"Length":27,"Height":82,"Demand":1,"DemandMax":null,"Value":2214},{"Length":80,"Height":72,"Demand":1,"DemandMax":null,"Value":5760},{"Length":10,"Height":77,"Demand":1,"DemandMax":null,"Value":770},{"Length":59,"Height":73,"Demand":1,"DemandMax":null,"Value":4307},{"Length":47,"Height":92,"Demand":1,"DemandMax":null,"Value":4324},{"Length":65,"Height":78,"Demand":1,"DemandMax":null,"Value":5070},{"Length":86,"Height":87,"Demand":1,"DemandMax":null,"Value":7482},{"Length":50,"Height":90,"Demand":1,"DemandMax":null,"Value":4500},{"Length":78,"Height":64,"Demand":1,"DemandMax":null,"Value":4992},{"Length":13,"Height":96,"Demand":1,"DemandMax":null,"Value":1248},{"Length":73,"Height":69,"Demand":1,"DemandMax":null,"Value":5037},{"Length":52,"Height":57,"Demand":1,"DemandMax":null,"Value":2964},{"Length":21,"Height":2,"Demand":1,"DemandMax":null,"Value":42},{"Length":21,"Height":23,"Demand":1,"DemandMax":null,"Value":483},{"Length":72,"Height":63,"Demand":1,"DemandMax":null,"Value":4536},{"Length":67,"Height":91,"Demand":1,"DemandMax":null,"Value":6097},{"Length":76,"Height":51,"Demand":1,"DemandMax":null,"Value":3876},{"Length":94,"Height":13,"Demand":1,"DemandMax":null,"Value":1222},{"Length":33,"Height":78,"Demand":1,"DemandMax":null,"Value":2574},{"Length":93,"Height":87,"Demand":1,"DemandMax":null,"Value":8091},{"Length":92,"Height":63,"Demand":1,"DemandMax":null,"Value":5796},{"Length":73,"Height":64,"Demand":1,"DemandMax":null,"Value":4672},{"Length":5,"Height":90,"Demand":1,"DemandMax":null,"Value":450},{"Length":81,"Height":95,"Demand":1,"DemandMax":null,"Value":7695}]}