{"Name":"CLASS05_060_03","Objects":[{"Length":100,"Height":100,"Stock":null,"Cost":10000}],"Items":[{"Length":53,"Height":36,"Demand":1,"DemandMax":null,"Value":1908},{"Length":25,"Height":36,"Demand":1,"DemandMax":null,"Value":900},{"Length":97,"Height":43,"Demand":1,"DemandMax":null,"Value":4171},{"Length":59,"Height":78,"Demand":1,"DemandMax":null,"Value":4602},{"Length":32,"Height":97,"Demand":1,"DemandMax":null,"Value":3104},{"Length":73,"Height":89,"Demand":1,"DemandMax":null,"Value":6497},{"Length":70,"Height":75,"Demand":1,"DemandMax":null,"Value":5250},{"Length":45,"Height":13,"Demand":1,"DemandMax":null,"Value":585},{"Length":55,"Height":90,"Demand":1,"DemandMax":null,"Value":4950},{"Length":87,"Height":29,"Demand":1,"DemandMax":null,"Value":2523},{"Length":64,"Height":85,"Demand":1,"DemandMax":null,"Value":5440},{"Length":42,"Height":48,"Demand":1,"DemandMax":null,"Value":2016},{"Length":10,"Height":39,"Demand":1,"DemandMax":null,"Value":390},{"Length":89,"Height":13,"Demand":1,"DemandMax":null,"Value":1157},{"Length":36,"Height":61,"Demand":1,"DemandMax":null,"Value":2196},{"Length":39,"Height":4,"Demand":1,"DemandMax":null,"Value":156},{"Length":20,"Height":97,"Demand":1,"DemandMax":null,"Value":1940},{"Length":35,"Height":30,"Demand":1,"DemandMax":null,"Value":1050},{"Length":73,"Height":25,"Demand":1,"DemandMax":null,"Value":1825},{"Length":57,"Height":37,"Demand":1,"DemandMax":null,"Value":2109},{"Length":41,"Height":55,"Demand":1,"DemandMax":null,"Value":2255},{"Length":14,"Height":2,"Demand":1,"DemandMax":null,"Value":28},{"Length":99,"Height":33,"Demand":1,"DemandMax":null,"Value":3267},{"Length":52,"Height":36,"Demand":1,"DemandMax":null,"Value":1872},{"Length":60,"Height":35,"Demand":1,"DemandMax":null,"Value":2100},{"Length":47,"Height":84,"Demand":1,"DemandMax":null,"Value":3948},{"Length":68,"Height":73,"Demand":1,"DemandMax":null,"Value":4964},{"Length":12,"Height":24,"Demand":1,"DemandMax":null,"Value":288},{"Length":1,"Height":92,"Demand":1,"DemandMax":null,"Value":92},{"Length":91,"Height":66,"Demand":1,"DemandMax":null,"Value":6006},{"Length":70,"Height":68,"Demand":1,"DemandMax":null,"Value":4760},{"Length":61,"Height":55,"Demand":1,"DemandMax":null,"Value":3355},{"Length":20,"Height":14,"Demand":1,"DemandMax":null,"Value":280},{"Length":34,"Height":68,"Demand":1,"DemandMax":null,"Value":2312},{"Length":27,"Height":74,"Demand":1,"DemandMax":null,"Value":1998},{"Length":54,"Height":18,"Demand":1,"DemandMax":null,"Value":972},{"Length":4,"Height":25,"Demand":1,"DemandMax":null,"Value":100},{"Length":99,"Height":48,"Demand":1,"DemandMax":null,"Value":4752},{"Length":94,"Height":78,"Demand":1,"DemandMax":null,"Value":7332},{"Length":79,"Height":37,"Demand":1,"DemandMax":null,"Value":2923},{"Length":76,"Height":79,"Demand":1,"DemandMax":null,"Value":6004},{"Length":40,"Height":94,"Demand":1,"DemandMax":null,"Value":3760},{"Length":61,"Height":4,"Demand":1,"DemandMax":null,"Value":244},{"Length":59,"Height":65,"Demand":1,"DemandMax":null,"Value":3835},{"Length":92,"Height":66,"Demand":1,"DemandMax":null,"Value":6072},{"Length":48,"Height":28,"Demand":1,"DemandMax":null,"Value":1344},{"Length":48,"Height":8,"Demand":1,"DemandMax":null,"Value":384},{"Length":50,"Height":93,"Demand":1,"DemandMax":null,"Value":4650},{"Length":41,"Height":8,"Demand":1,"DemandMax":null,"Value":328},{"Length":43,"Height":6,"Demand":1,"DemandMax":null,"Value":258},{"Length":13,"Height":77,"Demand":1,"DemandMax":null,"Value":1001},{"Length":39,"Height":43,"Demand":1,"DemandMax":null,"Value":1677},{"Length":44,"Height":60,"Demand":1,"DemandMax":null,"Value":2640},{"Length":83,"Height":16,"Demand":1,"DemandMax":null,"Value":1328},{"Length":44,"Height":34,"Demand":1,"DemandMax":null,"Value":1496},{"Length":51,"Height":70,"Demand":1,"DemandMax":null,"Value":3570},{"Length":58,"Height":11,"Demand":1,"DemandMax":null,"Value":638},{"Length":55,"Height":81,"Demand":1,"DemandMax":null,"Value":4455},{"Length":63,"Height":35,"Demand":1,"DemandMax":null,"Value":2205},{"Length":39,"Height":62,"Demand":1,"DemandMax":null,"Value":2418}]}