{"Name":"CLASS07_060_09","Objects":[{"Length":100,"Height":100,"Stock":null,"Cost":10000}],"Items":[{"Length":66,"Height":23,"Demand":1,"DemandMax":null,"Value":1518},{"Length":87,"Height":7,"Demand":1,"DemandMax":null,"Value":609},{"Length":12,"Height":72,"Demand":1,"DemandMax":null,"Value":864},{"Length":91,"Height":1,"Demand":1,"DemandMax":null,"Value":91},{"Length":83,"Height":25,"Demand":1,"DemandMax":null,"Value":2075},{"Length":80,"Height":49,"Demand":1,"DemandMax":null,"Value":3920},{"Length":94,"Height":18,"Demand":1,"DemandMax":null,"Value":1692},{"Length":88,"Height":50,"Demand":1,"DemandMax":null,"Value":4400},{"Length":11,"Height":92,"Demand":1,"DemandMax":null,"Value":1012},{"Length":80,"Height":3,"Demand":1,"DemandMax":null,"Value":240},{"Length":88,"Height":37,"Demand":1,"DemandMax":null,"Value":3256},{"Length":92,"Height":9,"Demand":1,"DemandMax":null,"Value":828},{"Length":71,"Height":14,"Demand":1,"DemandMax":null,"Value":994},{"Length":89,"Height":19,"Demand":1,"DemandMax":null,"Value":1691},{"Length":90,"Height":18,"Demand":1,"DemandMax":null,"Value":1620},{"Length":70,"Height":31,"Demand":1,"DemandMax":null,"Value":2170},{"Length":16,"Height":100,"Demand":1,"DemandMax":null,"Value":1600},{"Length":8,"Height":46,"Demand":1,"DemandMax":null,"Value":368},{"Length":100,"Height":11,"Demand":1,"DemandMax":null,"Value":1100},{"Length":37,"Height":14,"Demand":1,"DemandMax":null,"Value":518},{"Length":91,"Height":49,"Demand":1,"DemandMax":null,"Value":4459},{"Length":96,"Height":35,"Demand":1,"DemandMax":null,"Value":3360},{"Length":76,"Height":64,"Demand":1,"DemandMax":null,"Value":4864},{"Length":28,"Height":71,"Demand":1,"DemandMax":null,"Value":1988},{"Length":19,"Height":72,"Demand":1,"DemandMax":null,"Value":1368},{"Length":94,"Height":35,"Demand":1,"DemandMax":null,"Value":3290},{"Length":75,"Height":31,"Demand":1,"DemandMax":null,"Value":2325},{"Length":81,"Height":64,"Demand":1,"DemandMax":null,"Value":5184},{"Length":74,"Height":31,"Demand":1,"DemandMax":null,"Value":2294},{"Length":100,"Height":48,"Demand":1,"DemandMax":null,"Value":4800},{"Length":75,"Height":9,"Demand":1,"DemandMax":null,"Value":675},{"Length":98,"Height":33,"Demand":1,"DemandMax":null,"Value":3234},{"Length":78,"Height":15,"Demand":1,"DemandMax":null,"Value":1170},{"Length":80,"Height":22,"Demand":1,"DemandMax":null,"Value":1760},{"Length":25,"Height":99,"Demand":1,"DemandMax":null,"Value":2475},{"Length":81,"Height":13,"Demand":1,"DemandMax":null,"Value":1053},{"Length":35,"Height":10,"Demand":1,"DemandMax":null,"Value":350},{"Length":67,"Height":7,"Demand":1,"DemandMax":null,"Value":469},{"Length":98,"Height":49,"Demand":1,"DemandMax":null,"Value":4802},{"Length":73,"Height":4,"Demand":1,"DemandMax":null,"Value":292},{"Length":75,"Height":17,"Demand":1,"DemandMax":null,"Value":1275},{"Length":98,"Height":4,"Demand":1,"DemandMax":null,"Value":392},{"Length":32,"Height":73,"Demand":1,"DemandMax":null,"Value":2336},{"Length":73,"Height":7,"Demand":1,"DemandMax":null,"Value":511},{"Length":68,"Height":35,"Demand":1,"DemandMax":null,"Value":2380},{"Length":67,"Height":13,"Demand":1,"DemandMax":null,"Value":871},{"Length":85,"Height":36,"Demand":1,"DemandMax":null,"Value":3060},{"Length":81,"Height":22,"Demand":1,"DemandMax":null,"Value":1782},{"Length":69,"Height":15,"Demand":1,"DemandMax":null,"Value":1035},{"Length":70,"Height":84,"Demand":1,"DemandMax":null,"Value":5880},{"Length":36,"Height":81,"Demand":1,"DemandMax":null,"Value":2916},{"Length":96,"Height":99,"Demand":1,"DemandMax":null,"Value":9504},{"Length":79,"Height":7,"Demand":1,"DemandMax":null,"Value":553},{"Length":100,"Height":16,"Demand":1,"DemandMax":null,"Value":1600},{"Length":69,"Height":20,"Demand":1,"DemandMax":null,"Value":1380},{"Length":87,"Height":37,"Demand":1,"DemandMax":null,"Value":3219},{"Length":45,"Height":11,"Demand":1,"DemandMax":null,"Value":495},{"Length":93,"Height":10,"Demand":1,"DemandMax":null,"Value":930},{"Length":37,"Height":86,"Demand":1,"DemandMax":null,"Value":3182},{"Length":84,"Height":37,"Demand":1,"DemandMax":null,"Value":3108}]}