{"Name":"CLASS10_060_08","Objects":[{"Length":100,"Height":100,"Stock":null,"Cost":10000}],"Items":[{"Length":45,"Height":14,"Demand":1,"DemandMax":null,"Value":630},{"Length":33,"Height":22,"Demand":1,"DemandMax":null,"Value":726},{"Length":21,"Height":50,"Demand":1,"DemandMax":null,"Value":1050},{"Length":4,"Height":16,"Demand":1,"DemandMax":null,"Value":64},{"Length":50,"Height":13,"Demand":1,"DemandMax":null,"Value":650},{"Length":3,"Height":12,"Demand":1,"DemandMax":null,"Value":36},{"Length":32,"Height":5,"Demand":1,"DemandMax":null,"Value":160},{"Length":86,"Height":12,"Demand":1,"DemandMax":null,"Value":1032},{"Length":16,"Height":25,"Demand":1,"DemandMax":null,"Value":400},{"Length":90,"Height":14,"Demand":1,"DemandMax":null,"Value":1260},{"Length":4,"Height":22,"Demand":1,"DemandMax":null,"Value":88},{"Length":18,"Height":19,"Demand":1,"DemandMax":null,"Value":342},{"Length":45,"Height":48,"Demand":1,"DemandMax":null,"Value":2160},{"Length":28,"Height":27,"Demand":1,"DemandMax":null,"Value":756},{"Length":38,"Height":1,"Demand":1,"DemandMax":null,"Value":38},{"Length":77,"Height":38,"Demand":1,"DemandMax":null,"Value":2926},{"Length":84,"Height":82,"Demand":1,"DemandMax":null,"Value":6888},{"Length":83,"Height":51,"Demand":1,"DemandMax":null,"Value":4233},{"Length":34,"Height":42,"Demand":1,"DemandMax":null,"Value":1428},{"Length":28,"Height":19,"Demand":1,"DemandMax":null,"Value":532},{"Length":36,"Height":29,"Demand":1,"DemandMax":null,"Value":1044},{"Length":50,"Height":92,"Demand":1,"DemandMax":null,"Value":4600},{"Length":91,"Height":94,"Demand":1,"DemandMax":null,"Value":8554},{"Length":66,"Height":12,"Demand":1,"DemandMax":null,"Value":792},{"Length":49,"Height":37,"Demand":1,"DemandMax":null,"Value":1813},{"Length":29,"Height":37,"Demand":1,"DemandMax":null,"Value":1073},{"Length":59,"Height":57,"Demand":1,"DemandMax":null,"Value":3363},{"Length":35,"Height":16,"Demand":1,"DemandMax":null,"Value":560},{"Length":24,"Height":6,"Demand":1,"DemandMax":null,"Value":144},{"Length":19,"Height":47,"Demand":1,"DemandMax":null,"Value":893},{"Length":40,"Height":33,"Demand":1,"DemandMax":null,"Value":1320},{"Length":31,"Height":32,"Demand":1,"DemandMax":null,"Value":992},{"Length":59,"Height":87,"Demand":1,"DemandMax":null,"Value":5133},{"Length":21,"Height":19,"Demand":1,"DemandMax":null,"Value":399},{"Length":88,"Height":20,"Demand":1,"DemandMax":null,"Value":1760},{"Length":39,"Height":9,"Demand":1,"DemandMax":null,"Value":351},{"Length":8,"Height":31,"Demand":1,"DemandMax":null,"Value":248},{"Length":35,"Height":3,"Demand":1,"DemandMax":null,"Value":105},{"Length":37,"Height":19,"Demand":1,"DemandMax":null,"Value":703},{"Length":8,"Height":49,"Demand":1,"DemandMax":null,"Value":392},{"Length":18,"Height":35,"Demand":1,"DemandMax":null,"Value":630},{"Length":10,"Height":48,"Demand":1,"DemandMax":null,"Value":480},{"Length":2,"Height":29,"Demand":1,"DemandMax":null,"Value":58},{"Length":39,"Height":49,"Demand":1,"DemandMax":null,"Value":1911},{"Length":39,"Height":2,"Demand":1,"DemandMax":null,"Value":78},{"Length":47,"Height":4,"Demand":1,"DemandMax":null,"Value":188},{"Length":30,"Height":2,"Demand":1,"DemandMax":null,"Value":60},{"Length":32,"Height":12,"Demand":1,"DemandMax":null,"Value":384},{"Length":23,"Height":29,"Demand":1,"DemandMax":null,"Value":667},{"Length":45,"Height":23,"Demand":1,"DemandMax":null,"Value":1035},{"Length":68,"Height":85,"Demand":1,"DemandMax":null,"Value":5780},{"Length":36,"Height":91,"Demand":1,"DemandMax":null,"Value":3276},{"Length":17,"Height":19,"Demand":1,"DemandMax":null,"Value":323},{"Length":5,"Height":3,"Demand":1,"DemandMax":null,"Value":15},{"Length":19,"Height":31,"Demand":1,"DemandMax":null,"Value":589},{"Length":67,"Height":22,"Demand":1,"DemandMax":null,"Value":1474},{"Length":73,"Height":70,"Demand":1,"DemandMax":null,"Value":5110},{"Length":27,"Height":44,"Demand":1,"DemandMax":null,"Value":1188},{"Length":31,"Height":38,"Demand":1,"DemandMax":null,"Value":1178},{"Length":80,"Height":69,"Demand":1,"DemandMax":null,"Value":5520}]}