{"Name":"CLASS07_100_04","Objects":[{"Length":100,"Height":100,"Stock":null,"Cost":10000}],"Items":[{"Length":77,"Height":36,"Demand":1,"DemandMax":null,"Value":2772},{"Length":68,"Height":76,"Demand":1,"DemandMax":null,"Value":5168},{"Length":75,"Height":4,"Demand":2,"DemandMax":null,"Value":300},{"Length":81,"Height":15,"Demand":1,"DemandMax":null,"Value":1215},{"Length":92,"Height":26,"Demand":2,"DemandMax":null,"Value":2392},{"Length":29,"Height":87,"Demand":1,"DemandMax":null,"Value":2523},{"Length":93,"Height":50,"Demand":1,"DemandMax":null,"Value":4650},{"Length":69,"Height":77,"Demand":1,"DemandMax":null,"Value":5313},{"Length":1,"Height":99,"Demand":1,"DemandMax":null,"Value":99},{"Length":77,"Height":57,"Demand":1,"DemandMax":null,"Value":4389},{"Length":77,"Height":49,"Demand":1,"DemandMax":null,"Value":3773},{"Length":74,"Height":41,"Demand":1,"DemandMax":null,"Value":3034},{"Length":90,"Height":27,"Demand":1,"DemandMax":null,"Value":2430},{"Length":84,"Height":27,"Demand":1,"DemandMax":null,"Value":2268},{"Length":56,"Height":83,"Demand":1,"DemandMax":null,"Value":4648},{"Length":78,"Height":16,"Demand":1,"DemandMax":null,"Value":1248},{"Length":87,"Height":18,"Demand":1,"DemandMax":null,"Value":1566},{"Length":92,"Height":8,"Demand":1,"DemandMax":null,"Value":736},{"Length":71,"Height":30,"Demand":1,"DemandMax":null,"Value":2130},{"Length":90,"Height":3,"Demand":1,"DemandMax":null,"Value":270},{"Length":92,"Height":20,"Demand":1,"DemandMax":null,"Value":1840},{"Length":72,"Height":1,"Demand":1,"DemandMax":null,"Value":72},{"Length":80,"Height":38,"Demand":1,"DemandMax":null,"Value":3040},{"Length":75,"Height":1,"Demand":1,"DemandMax":null,"Value":75},{"Length":70,"Height":34,"Demand":1,"DemandMax":null,"Value":2380},{"Length":96,"Height":5,"Demand":1,"DemandMax":null,"Value":480},{"Length":97,"Height":8,"Demand":1,"DemandMax":null,"Value":776},{"Length":68,"Height":11,"Demand":1,"DemandMax":null,"Value":748},{"Length":91,"Height":9,"Demand":1,"DemandMax":null,"Value":819},{"Length":94,"Height":21,"Demand":1,"DemandMax":null,"Value":1974},{"Length":82,"Height":89,"Demand":1,"DemandMax":null,"Value":7298},{"Length":69,"Height":33,"Demand":1,"DemandMax":null,"Value":2277},{"Length":86,"Height":46,"Demand":1,"DemandMax":null,"Value":3956},{"Length":99,"Height":48,"Demand":1,"DemandMax":null,"Value":4752},{"Length":86,"Height":32,"Demand":1,"DemandMax":null,"Value":2752},{"Length":79,"Height":16,"Demand":1,"DemandMax":null,"Value":1264},{"Length":83,"Height":95,"Demand":1,"DemandMax":null,"Value":7885},{"Length":78,"Height":37,"Demand":1,"DemandMax":null,"Value":2886},{"Length":93,"Height":37,"Demand":1,"DemandMax":null,"Value":3441},{"Length":96,"Height":11,"Demand":1,"DemandMax":null,"Value":1056},{"Length":49,"Height":69,"Demand":1,"DemandMax":null,"Value":3381},{"Length":99,"Height":38,"Demand":1,"DemandMax":null,"Value":3762},{"Length":73,"Height":3,"Demand":1,"DemandMax":null,"Value":219},{"Length":31,"Height":78,"Demand":1,"DemandMax":null,"Value":2418},{"Length":27,"Height":28,"Demand":1,"DemandMax":null,"Value":756},{"Length":42,"Height":66,"Demand":1,"DemandMax":null,"Value":2772},{"Length":96,"Height":31,"Demand":1,"DemandMax":null,"Value":2976},{"Length":86,"Height":37,"Demand":1,"DemandMax":null,"Value":3182},{"Length":76,"Height":12,"Demand":1,"DemandMax":null,"Value":912},{"Length":97,"Height":25,"Demand":1,"DemandMax":null,"Value":2425},{"Length":93,"Height":20,"Demand":1,"DemandMax":null,"Value":1860},{"Length":93,"Height":17,"Demand":1,"DemandMax":null,"Value":1581},{"Length":16,"Height":7,"Demand":1,"DemandMax":null,"Value":112},{"Length":74,"Height":11,"Demand":1,"DemandMax":null,"Value":814},{"Length":96,"Height":71,"Demand":1,"DemandMax":null,"Value":6816},{"Length":73,"Height":8,"Demand":1,"DemandMax":null,"Value":584},{"Length":78,"Height":64,"Demand":1,"DemandMax":null,"Value":4992},{"Length":93,"Height":9,"Demand":1,"DemandMax":null,"Value":837},{"Length":63,"Height":84,"Demand":1,"DemandMax":null,"Value":5292},{"Length":97,"Height":12,"Demand":1,"DemandMax":null,"Value":1164},{"Length":2,"Height":33,"Demand":1,"DemandMax":null,"Value":66},{"Length":85,"Height":18,"Demand":1,"DemandMax":null,"Value":1530},{"Length":96,"Height":9,"Demand":2,"DemandMax":null,"Value":864},{"Length":94,"Height":27,"Demand":2,"DemandMax":null,"Value":2538},{"Length":92,"Height":14,"Demand":1,"DemandMax":null,"Value":1288},{"Length":86,"Height":39,"Demand":1,"DemandMax":null,"Value":3354},{"Length":90,"Height":46,"Demand":1,"DemandMax":null,"Value":4140},{"Length":97,"Height":52,"Demand":1,"DemandMax":null,"Value":5044},{"Length":85,"Height":55,"Demand":1,"DemandMax":null,"Value":4675},{"Length":95,"Height":21,"Demand":1,"DemandMax":null,"Value":1995},{"Length":92,"Height":44,"Demand":1,"DemandMax":null,"Value":4048},{"Length":65,"Height":92,"Demand":1,"DemandMax":null,"Value":5980},{"Length":77,"Height":15,"Demand":1,"DemandMax":null,"Value":1155},{"Length":67,"Height":3,"Demand":1,"DemandMax":null,"Value":201},{"Length":97,"Height":42,"Demand":1,"DemandMax":null,"Value":4074},{"Length":15,"Height":83,"Demand":1,"DemandMax":null,"Value":1245},{"Length":67,"Height":21,"Demand":1,"DemandMax":null,"Value":1407},{"Length":86,"Height":25,"Demand":1,"DemandMax":null,"Value":2150},{"Length":92,"Height":4,"Demand":1,"DemandMax":null,"Value":368},{"Length":47,"Height":2,"Demand":1,"DemandMax":null,"Value":94},{"Length":66,"Height":39,"Demand":1,"DemandMax":null,"Value":2574},{"Length":18,"Height":70,"Demand":1,"DemandMax":null,"Value":1260},{"Length":94,"Height":41,"Demand":1,"DemandMax":null,"Value":3854},{"Length":72,"Height":18,"Demand":1,"DemandMax":null,"Value":1296},{"Length":77,"Height":2,"Demand":1,"DemandMax":null,"Value":154},{"Length":70,"Height":12,"Demand":1,"DemandMax":null,"Value":840},{"Length":98,"Height":41,"Demand":1,"DemandMax":null,"Value":4018},{"Length":87,"Height":9,"Demand":1,"DemandMax":null,"Value":783},{"Length":85,"Height":8,"Demand":1,"DemandMax":null,"Value":680},{"Length":89,"Height":9,"Demand":1,"DemandMax":null,"Value":801},{"Length":14,"Height":73,"Demand":1,"DemandMax":null,"Value":1022},{"Length":67,"Height":26,"Demand":1,"DemandMax":null,"Value":1742},{"Length":22,"Height":77,"Demand":1,"DemandMax":null,"Value":1694},{"Length":95,"Height":27,"Demand":1,"DemandMax":null,"Value":2565},{"Length":71,"Height":26,"Demand":1,"DemandMax":null,"Value":1846},{"Length":91,"Height":6,"Demand":1,"DemandMax":null,"Value":546}]}