{"Name":"CLASS08_060_03","Objects":[{"Length":100,"Height":100,"Stock":null,"Cost":10000}],"Items":[{"Length":18,"Height":84,"Demand":1,"DemandMax":null,"Value":1512},{"Length":49,"Height":80,"Demand":1,"DemandMax":null,"Value":3920},{"Length":49,"Height":86,"Demand":1,"DemandMax":null,"Value":4214},{"Length":37,"Height":96,"Demand":1,"DemandMax":null,"Value":3552},{"Length":7,"Height":90,"Demand":1,"DemandMax":null,"Value":630},{"Length":28,"Height":97,"Demand":1,"DemandMax":null,"Value":2716},{"Length":43,"Height":96,"Demand":1,"DemandMax":null,"Value":4128},{"Length":21,"Height":82,"Demand":1,"DemandMax":null,"Value":1722},{"Length":7,"Height":69,"Demand":1,"DemandMax":null,"Value":483},{"Length":68,"Height":80,"Demand":1,"DemandMax":null,"Value":5440},{"Length":99,"Height":20,"Demand":1,"DemandMax":null,"Value":1980},{"Length":18,"Height":76,"Demand":1,"DemandMax":null,"Value":1368},{"Length":19,"Height":91,"Demand":1,"DemandMax":null,"Value":1729},{"Length":21,"Height":85,"Demand":1,"DemandMax":null,"Value":1785},{"Length":77,"Height":7,"Demand":1,"DemandMax":null,"Value":539},{"Length":26,"Height":18,"Demand":1,"DemandMax":null,"Value":468},{"Length":42,"Height":86,"Demand":1,"DemandMax":null,"Value":3612},{"Length":34,"Height":91,"Demand":1,"DemandMax":null,"Value":3094},{"Length":46,"Height":70,"Demand":1,"DemandMax":null,"Value":3220},{"Length":97,"Height":33,"Demand":1,"DemandMax":null,"Value":3201},{"Length":28,"Height":90,"Demand":1,"DemandMax":null,"Value":2520},{"Length":10,"Height":70,"Demand":1,"DemandMax":null,"Value":700},{"Length":37,"Height":77,"Demand":1,"DemandMax":null,"Value":2849},{"Length":27,"Height":72,"Demand":1,"DemandMax":null,"Value":1944},{"Length":24,"Height":67,"Demand":1,"DemandMax":null,"Value":1608},{"Length":47,"Height":39,"Demand":1,"DemandMax":null,"Value":1833},{"Length":40,"Height":93,"Demand":1,"DemandMax":null,"Value":3720},{"Length":20,"Height":98,"Demand":1,"DemandMax":null,"Value":1960},{"Length":88,"Height":31,"Demand":1,"DemandMax":null,"Value":2728},{"Length":46,"Height":88,"Demand":1,"DemandMax":null,"Value":4048},{"Length":4,"Height":82,"Demand":1,"DemandMax":null,"Value":328},{"Length":25,"Height":98,"Demand":1,"DemandMax":null,"Value":2450},{"Length":67,"Height":21,"Demand":1,"DemandMax":null,"Value":1407},{"Length":7,"Height":92,"Demand":1,"DemandMax":null,"Value":644},{"Length":30,"Height":79,"Demand":1,"DemandMax":null,"Value":2370},{"Length":42,"Height":71,"Demand":1,"DemandMax":null,"Value":2982},{"Length":35,"Height":81,"Demand":1,"DemandMax":null,"Value":2835},{"Length":29,"Height":69,"Demand":1,"DemandMax":null,"Value":2001},{"Length":67,"Height":77,"Demand":1,"DemandMax":null,"Value":5159},{"Length":20,"Height":87,"Demand":1,"DemandMax":null,"Value":1740},{"Length":78,"Height":85,"Demand":1,"DemandMax":null,"Value":6630},{"Length":62,"Height":84,"Demand":1,"DemandMax":null,"Value":5208},{"Length":17,"Height":98,"Demand":1,"DemandMax":null,"Value":1666},{"Length":72,"Height":16,"Demand":1,"DemandMax":null,"Value":1152},{"Length":34,"Height":73,"Demand":1,"DemandMax":null,"Value":2482},{"Length":9,"Height":83,"Demand":1,"DemandMax":null,"Value":747},{"Length":28,"Height":84,"Demand":1,"DemandMax":null,"Value":2352},{"Length":11,"Height":74,"Demand":1,"DemandMax":null,"Value":814},{"Length":1,"Height":98,"Demand":1,"DemandMax":null,"Value":98},{"Length":16,"Height":84,"Demand":1,"DemandMax":null,"Value":1344},{"Length":1,"Height":79,"Demand":1,"DemandMax":null,"Value":79},{"Length":24,"Height":79,"Demand":1,"DemandMax":null,"Value":1896},{"Length":29,"Height":97,"Demand":1,"DemandMax":null,"Value":2813},{"Length":35,"Height":94,"Demand":1,"DemandMax":null,"Value":3290},{"Length":35,"Height":82,"Demand":1,"DemandMax":null,"Value":2870},{"Length":49,"Height":93,"Demand":1,"DemandMax":null,"Value":4557},{"Length":19,"Height":69,"Demand":1,"DemandMax":null,"Value":1311},{"Length":16,"Height":77,"Demand":1,"DemandMax":null,"Value":1232},{"Length":31,"Height":93,"Demand":1,"DemandMax":null,"Value":2883},{"Length":90,"Height":21,"Demand":1,"DemandMax":null,"Value":1890}]}