{"Name":"CLASS02_040_01","Objects":[{"Length":30,"Height":30,"Stock":null,"Cost":900}],"Items":[{"Length":2,"Height":2,"Demand":3,"DemandMax":null,"Value":4},{"Length":6,"Height":8,"Demand":1,"DemandMax":null,"Value":48},{"Length":10,"Height":2,"Demand":1,"DemandMax":null,"Value":20},{"Length":1,"Height":3,"Demand":1,"DemandMax":null,"Value":3},{"Length":8,"Height":4,"Demand":1,"DemandMax":null,"Value":32},{"Length":3,"Height":10,"Demand":1,"DemandMax":null,"Value":30},{"Length":1,"Height":9,"Demand":2,"DemandMax":null,"Value":9},{"Length":1,"Height":5,"Demand":1,"DemandMax":null,"Value":5},{"Length":6,"Height":3,"Demand":1,"DemandMax":null,"Value":18},{"Length":1,"Height":1,"Demand":1,"DemandMax":null,"Value":1},{"Length":4,"Height":2,"Demand":1,"DemandMax":null,"Value":8},{"Length":9,"Height":2,"Demand":1,"DemandMax":null,"Value":18},{"Length":9,"Height":5,"Demand":3,"DemandMax":null,"Value":45},{"Length":4,"Height":7,"Demand":2,"DemandMax":null,"Value":28},{"Length":3,"Height":4,"Demand":1,"DemandMax":null,"Value":12},{"Length":9,"Height":7,"Demand":1,"DemandMax":null,"Value":63},{"Length":4,"Height":1,"Demand":2,"DemandMax":null,"Value":4},{"Length":9,"Height":8,"Demand":1,"DemandMax":null,"Value":72},{"Length":4,"Height":3,"Demand":1,"DemandMax":null,"Value":12},{"Length":6,"Height":5,"Demand":1,"DemandMax":null,"Value":30},{"Length":10,"Height":4,"Demand":1,"DemandMax":null,"Value":40},{"Length":1,"Height":2,"Demand":1,"DemandMax":null,"Value":2},{"Length":7,"Height":1,"Demand":2,"DemandMax":null,"Value":7},{"Length":3,"Height":1,"Demand":1,"DemandMax":null,"Value":3},{"Length":8,"Height":3,"Demand":1,"DemandMax":null,"Value":24},{"Length":4,"Height":4,"Demand":1,"DemandMax":null,"Value":16},{"Length":7,"Height":2,"Demand":1,"DemandMax":null,"Value":14},{"Length":6,"Height":9,"Demand":1,"DemandMax":null,"Value":54},{"Length":2,"Height":8,"Demand":1,"DemandMax":null,"Value":16},{"Length":10,"Height":6,"Demand":1,"DemandMax":null,"Value":60},{"Length":3,"Height":9,"Demand":1,"DemandMax":null,"Value":27},{"Length":3,"Height":8,"Demand":1,"DemandMax":null,"Value":24}]}