{"Name":"CLASS03_100_04","Objects":[{"Length":40,"Height":40,"Stock":null,"Cost":1600}],"Items":[{"Length":25,"Height":20,"Demand":1,"DemandMax":null,"Value":500},{"Length":31,"Height":12,"Demand":1,"DemandMax":null,"Value":372},{"Length":13,"Height":18,"Demand":1,"DemandMax":null,"Value":234},{"Length":3,"Height":11,"Demand":1,"DemandMax":null,"Value":33},{"Length":9,"Height":10,"Demand":1,"DemandMax":null,"Value":90},{"Length":16,"Height":11,"Demand":1,"DemandMax":null,"Value":176},{"Length":18,"Height":21,"Demand":1,"DemandMax":null,"Value":378},{"Length":25,"Height":27,"Demand":1,"DemandMax":null,"Value":675},{"Length":20,"Height":22,"Demand":1,"DemandMax":null,"Value":440},{"Length":35,"Height":16,"Demand":1,"DemandMax":null,"Value":560},{"Length":8,"Height":28,"Demand":1,"DemandMax":null,"Value":224},{"Length":27,"Height":18,"Demand":1,"DemandMax":null,"Value":486},{"Length":19,"Height":31,"Demand":1,"DemandMax":null,"Value":589},{"Length":28,"Height":14,"Demand":2,"DemandMax":null,"Value":392},{"Length":1,"Height":34,"Demand":1,"DemandMax":null,"Value":34},{"Length":6,"Height":30,"Demand":1,"DemandMax":null,"Value":180},{"Length":14,"Height":19,"Demand":1,"DemandMax":null,"Value":266},{"Length":12,"Height":35,"Demand":1,"DemandMax":null,"Value":420},{"Length":29,"Height":13,"Demand":1,"DemandMax":null,"Value":377},{"Length":3,"Height":9,"Demand":1,"DemandMax":null,"Value":27},{"Length":25,"Height":19,"Demand":1,"DemandMax":null,"Value":475},{"Length":19,"Height":16,"Demand":1,"DemandMax":null,"Value":304},{"Length":29,"Height":19,"Demand":1,"DemandMax":null,"Value":551},{"Length":5,"Height":24,"Demand":2,"DemandMax":null,"Value":120},{"Length":11,"Height":4,"Demand":1,"DemandMax":null,"Value":44},{"Length":22,"Height":13,"Demand":2,"DemandMax":null,"Value":286},{"Length":6,"Height":11,"Demand":1,"DemandMax":null,"Value":66},{"Length":17,"Height":27,"Demand":1,"DemandMax":null,"Value":459},{"Length":6,"Height":21,"Demand":1,"DemandMax":null,"Value":126},{"Length":2,"Height":2,"Demand":1,"DemandMax":null,"Value":4},{"Length":14,"Height":25,"Demand":1,"DemandMax":null,"Value":350},{"Length":27,"Height":14,"Demand":1,"DemandMax":null,"Value":378},{"Length":1,"Height":14,"Demand":1,"DemandMax":null,"Value":14},{"Length":13,"Height":7,"Demand":1,"DemandMax":null,"Value":91},{"Length":15,"Height":27,"Demand":1,"DemandMax":null,"Value":405},{"Length":1,"Height":9,"Demand":1,"DemandMax":null,"Value":9},{"Length":15,"Height":10,"Demand":1,"DemandMax":null,"Value":150},{"Length":3,"Height":25,"Demand":1,"DemandMax":null,"Value":75},{"Length":18,"Height":31,"Demand":1,"DemandMax":null,"Value":558},{"Length":32,"Height":5,"Demand":1,"DemandMax":null,"Value":160},{"Length":8,"Height":24,"Demand":1,"DemandMax":null,"Value":192},{"Length":23,"Height":3,"Demand":1,"DemandMax":null,"Value":69},{"Length":26,"Height":7,"Demand":1,"DemandMax":null,"Value":182},{"Length":15,"Height":9,"Demand":1,"DemandMax":null,"Value":135},{"Length":30,"Height":29,"Demand":1,"DemandMax":null,"Value":870},{"Length":23,"Height":27,"Demand":1,"DemandMax":null,"Value":621},{"Length":23,"Height":13,"Demand":1,"DemandMax":null,"Value":299},{"Length":5,"Height":4,"Demand":1,"DemandMax":null,"Value":20},{"Length":21,"Height":33,"Demand":1,"DemandMax":null,"Value":693},{"Length":34,"Height":1,"Demand":1,"DemandMax":null,"Value":34},{"Length":16,"Height":34,"Demand":1,"DemandMax":null,"Value":544},{"Length":21,"Height":22,"Demand":1,"DemandMax":null,"Value":462},{"Length":12,"Height":9,"Demand":1,"DemandMax":null,"Value":108},{"Length":29,"Height":14,"Demand":1,"DemandMax":null,"Value":406},{"Length":24,"Height":32,"Demand":1,"DemandMax":null,"Value":768},{"Length":26,"Height":2,"Demand":1,"DemandMax":null,"Value":52},{"Length":10,"Height":13,"Demand":1,"DemandMax":null,"Value":130},{"Length":28,"Height":26,"Demand":1,"DemandMax":null,"Value":728},{"Length":8,"Height":14,"Demand":1,"DemandMax":null,"Value":112},{"Length":27,"Height":31,"Demand":1,"DemandMax":null,"Value":837},{"Length":35,"Height":4,"Demand":1,"DemandMax":null,"Value":140},{"Length":27,"Height":10,"Demand":2,"DemandMax":null,"Value":270},{"Length":12,"Height":34,"Demand":1,"DemandMax":null,"Value":408},{"Length":8,"Height":2,"Demand":1,"DemandMax":null,"Value":16},{"Length":13,"Height":27,"Demand":1,"DemandMax":null,"Value":351},{"Length":33,"Height":22,"Demand":1,"DemandMax":null,"Value":726},{"Length":19,"Height":20,"Demand":1,"DemandMax":null,"Value":380},{"Length":1,"Height":27,"Demand":1,"DemandMax":null,"Value":27},{"Length":22,"Height":29,"Demand":1,"DemandMax":null,"Value":638},{"Length":31,"Height":22,"Demand":1,"DemandMax":null,"Value":682},{"Length":26,"Height":12,"Demand":1,"DemandMax":null,"Value":312},{"Length":12,"Height":21,"Demand":1,"DemandMax":null,"Value":252},{"Length":11,"Height":8,"Demand":1,"DemandMax":null,"Value":88},{"Length":18,"Height":17,"Demand":1,"DemandMax":null,"Value":306},{"Length":5,"Height":32,"Demand":1,"DemandMax":null,"Value":160},{"Length":12,"Height":7,"Demand":1,"DemandMax":null,"Value":84},{"Length":35,"Height":28,"Demand":1,"DemandMax":null,"Value":980},{"Length":11,"Height":5,"Demand":1,"DemandMax":null,"Value":55},{"Length":8,"Height":15,"Demand":1,"DemandMax":null,"Value":120},{"Length":32,"Height":9,"Demand":1,"DemandMax":null,"Value":288},{"Length":32,"Height":15,"Demand":1,"DemandMax":null,"Value":480},{"Length":6,"Height":9,"Demand":1,"DemandMax":null,"Value":54},{"Length":30,"Height":8,"Demand":1,"DemandMax":null,"Value":240},{"Length":20,"Height":10,"Demand":1,"DemandMax":null,"Value":200},{"Length":6,"Height":22,"Demand":1,"DemandMax":null,"Value":132},{"Length":31,"Height":28,"Demand":1,"DemandMax":null,"Value":868},{"Length":10,"Height":24,"Demand":1,"DemandMax":null,"Value":240},{"Length":8,"Height":19,"Demand":1,"DemandMax":null,"Value":152},{"Length":34,"Height":32,"Demand":1,"DemandMax":null,"Value":1088},{"Length":2,"Height":23,"Demand":1,"DemandMax":null,"Value":46},{"Length":13,"Height":1,"Demand":1,"DemandMax":null,"Value":13},{"Length":4,"Height":20,"Demand":1,"DemandMax":null,"Value":80},{"Length":31,"Height":7,"Demand":1,"DemandMax":null,"Value":217},{"Length":19,"Height":3,"Demand":1,"DemandMax":null,"Value":57},{"Length":11,"Height":29,"Demand":1,"DemandMax":null,"Value":319},{"Length":27,"Height":24,"Demand":1,"DemandMax":null,"Value":648}]}