{"Name":"CLASS06_080_07","Objects":[{"Length":300,"Height":300,"Stock":null,"Cost":90000}],"Items":[{"Length":59,"Height":85,"Demand":1,"DemandMax":null,"Value":5015},{"Length":25,"Height":31,"Demand":1,"DemandMax":null,"Value":775},{"Length":85,"Height":46,"Demand":1,"DemandMax":null,"Value":3910},{"Length":96,"Height":16,"Demand":1,"DemandMax":null,"Value":1536},{"Length":46,"Height":65,"Demand":1,"DemandMax":null,"Value":2990},{"Length":59,"Height":47,"Demand":1,"DemandMax":null,"Value":2773},{"Length":88,"Height":53,"Demand":1,"DemandMax":null,"Value":4664},{"Length":24,"Height":4,"Demand":1,"DemandMax":null,"Value":96},{"Length":88,"Height":55,"Demand":1,"DemandMax":null,"Value":4840},{"Length":36,"Height":96,"Demand":1,"DemandMax":null,"Value":3456},{"Length":57,"Height":49,"Demand":1,"DemandMax":null,"Value":2793},{"Length":73,"Height":69,"Demand":1,"DemandMax":null,"Value":5037},{"Length":40,"Height":45,"Demand":1,"DemandMax":null,"Value":1800},{"Length":46,"Height":99,"Demand":1,"DemandMax":null,"Value":4554},{"Length":15,"Height":88,"Demand":1,"DemandMax":null,"Value":1320},{"Length":100,"Height":100,"Demand":1,"DemandMax":null,"Value":10000},{"Length":92,"Height":56,"Demand":1,"DemandMax":null,"Value":5152},{"Length":12,"Height":13,"Demand":1,"DemandMax":null,"Value":156},{"Length":16,"Height":60,"Demand":1,"DemandMax":null,"Value":960},{"Length":92,"Height":18,"Demand":1,"DemandMax":null,"Value":1656},{"Length":64,"Height":44,"Demand":1,"DemandMax":null,"Value":2816},{"Length":87,"Height":26,"Demand":1,"DemandMax":null,"Value":2262},{"Length":49,"Height":87,"Demand":1,"DemandMax":null,"Value":4263},{"Length":73,"Height":81,"Demand":1,"DemandMax":null,"Value":5913},{"Length":14,"Height":98,"Demand":1,"DemandMax":null,"Value":1372},{"Length":62,"Height":61,"Demand":1,"DemandMax":null,"Value":3782},{"Length":38,"Height":24,"Demand":1,"DemandMax":null,"Value":912},{"Length":97,"Height":76,"Demand":1,"DemandMax":null,"Value":7372},{"Length":30,"Height":41,"Demand":1,"DemandMax":null,"Value":1230},{"Length":58,"Height":72,"Demand":1,"DemandMax":null,"Value":4176},{"Length":36,"Height":60,"Demand":1,"DemandMax":null,"Value":2160},{"Length":54,"Height":26,"Demand":1,"DemandMax":null,"Value":1404},{"Length":34,"Height":27,"Demand":1,"DemandMax":null,"Value":918},{"Length":31,"Height":50,"Demand":1,"DemandMax":null,"Value":1550},{"Length":34,"Height":18,"Demand":1,"DemandMax":null,"Value":612},{"Length":66,"Height":87,"Demand":1,"DemandMax":null,"Value":5742},{"Length":82,"Height":45,"Demand":1,"DemandMax":null,"Value":3690},{"Length":70,"Height":15,"Demand":1,"DemandMax":null,"Value":1050},{"Length":54,"Height":53,"Demand":1,"DemandMax":null,"Value":2862},{"Length":88,"Height":47,"Demand":1,"DemandMax":null,"Value":4136},{"Length":62,"Height":19,"Demand":1,"DemandMax":null,"Value":1178},{"Length":98,"Height":25,"Demand":1,"DemandMax":null,"Value":2450},{"Length":50,"Height":54,"Demand":1,"DemandMax":null,"Value":2700},{"Length":9,"Height":28,"Demand":1,"DemandMax":null,"Value":252},{"Length":97,"Height":2,"Demand":1,"DemandMax":null,"Value":194},{"Length":69,"Height":67,"Demand":1,"DemandMax":null,"Value":4623},{"Length":13,"Height":43,"Demand":1,"DemandMax":null,"Value":559},{"Length":52,"Height":86,"Demand":1,"DemandMax":null,"Value":4472},{"Length":42,"Height":86,"Demand":1,"DemandMax":null,"Value":3612},{"Length":72,"Height":63,"Demand":1,"DemandMax":null,"Value":4536},{"Length":64,"Height":75,"Demand":1,"DemandMax":null,"Value":4800},{"Length":72,"Height":10,"Demand":1,"DemandMax":null,"Value":720},{"Length":87,"Height":90,"Demand":1,"DemandMax":null,"Value":7830},{"Length":30,"Height":71,"Demand":1,"DemandMax":null,"Value":2130},{"Length":58,"Height":41,"Demand":1,"DemandMax":null,"Value":2378},{"Length":58,"Height":22,"Demand":1,"DemandMax":null,"Value":1276},{"Length":53,"Height":72,"Demand":1,"DemandMax":null,"Value":3816},{"Length":99,"Height":77,"Demand":1,"DemandMax":null,"Value":7623},{"Length":85,"Height":61,"Demand":1,"DemandMax":null,"Value":5185},{"Length":32,"Height":78,"Demand":1,"DemandMax":null,"Value":2496},{"Length":97,"Height":19,"Demand":1,"DemandMax":null,"Value":1843},{"Length":67,"Height":5,"Demand":1,"DemandMax":null,"Value":335},{"Length":66,"Height":91,"Demand":1,"DemandMax":null,"Value":6006},{"Length":50,"Height":67,"Demand":1,"DemandMax":null,"Value":3350},{"Length":6,"Height":55,"Demand":1,"DemandMax":null,"Value":330},{"Length":57,"Height":10,"Demand":1,"DemandMax":null,"Value":570},{"Length":59,"Height":21,"Demand":1,"DemandMax":null,"Value":1239},{"Length":100,"Height":10,"Demand":1,"DemandMax":null,"Value":1000},{"Length":3,"Height":34,"Demand":1,"DemandMax":null,"Value":102},{"Length":23,"Height":80,"Demand":1,"DemandMax":null,"Value":1840},{"Length":50,"Height":72,"Demand":1,"DemandMax":null,"Value":3600},{"Length":5,"Height":64,"Demand":1,"DemandMax":null,"Value":320},{"Length":44,"Height":46,"Demand":1,"DemandMax":null,"Value":2024},{"Length":56,"Height":39,"Demand":1,"DemandMax":null,"Value":2184},{"Length":63,"Height":100,"Demand":1,"DemandMax":null,"Value":6300},{"Length":20,"Height":17,"Demand":1,"DemandMax":null,"Value":340},{"Length":18,"Height":13,"Demand":1,"DemandMax":null,"Value":234},{"Length":76,"Height":42,"Demand":1,"DemandMax":null,"Value":3192},{"Length":53,"Height":94,"Demand":1,"DemandMax":null,"Value":4982},{"Length":35,"Height":92,"Demand":1,"DemandMax":null,"Value":3220}]}