{"Name":"CLASS04_020_02","Objects":[{"Length":100,"Height":100,"Stock":null,"Cost":10000}],"Items":[{"Length":7,"Height":6,"Demand":2,"DemandMax":null,"Value":42},{"Length":18,"Height":25,"Demand":1,"DemandMax":null,"Value":450},{"Length":34,"Height":4,"Demand":1,"DemandMax":null,"Value":136},{"Length":3,"Height":9,"Demand":1,"DemandMax":null,"Value":27},{"Length":26,"Height":12,"Demand":1,"DemandMax":null,"Value":312},{"Length":8,"Height":32,"Demand":1,"DemandMax":null,"Value":256},{"Length":1,"Height":31,"Demand":1,"DemandMax":null,"Value":31},{"Length":2,"Height":17,"Demand":1,"DemandMax":null,"Value":34},{"Length":19,"Height":9,"Demand":1,"DemandMax":null,"Value":171},{"Length":1,"Height":3,"Demand":1,"DemandMax":null,"Value":3},{"Length":14,"Height":7,"Demand":1,"DemandMax":null,"Value":98},{"Length":32,"Height":6,"Demand":1,"DemandMax":null,"Value":192},{"Length":3,"Height":30,"Demand":1,"DemandMax":null,"Value":90},{"Length":29,"Height":17,"Demand":1,"DemandMax":null,"Value":493},{"Length":12,"Height":22,"Demand":1,"DemandMax":null,"Value":264},{"Length":10,"Height":11,"Demand":1,"DemandMax":null,"Value":110},{"Length":29,"Height":23,"Demand":1,"DemandMax":null,"Value":667},{"Length":13,"Height":2,"Demand":1,"DemandMax":null,"Value":26},{"Length":29,"Height":25,"Demand":1,"DemandMax":null,"Value":725}]}